[00:05:00.621] [INF] [Primary:S1:P11492:T1786550700071] BetterGenshinImpact.Service.Instance.InstanceService
实例 IPC v2 已启动：Primary，进程 11492，Session 1，根管道 "BetterGI.v2.user-<已脱敏的 Windows SID>.root"

[00:05:00.699] [DBG] [Primary:S1:P11492:T1786550700071] BetterGenshinImpact.View.MainWindow
主窗体实例化

[00:05:01.470] [DBG] [Primary:S1:P11492:T1786550700071] BetterGenshinImpact.Core.Recognition.ONNX.BgiOnnxFactory
[GpuAuto]修改进程PATH为:"[已脱敏：本机 PATH]"

[00:05:01.470] [DBG] [Primary:S1:P11492:T1786550700071] BetterGenshinImpact.Core.Recognition.ONNX.BgiOnnxFactory
[GpuAuto]修改进程PATH为:"[已脱敏：本机 PATH]"

[00:05:01.473] [DBG] [Primary:S1:P11492:T1786550700071] BetterGenshinImpact.Core.Recognition.ONNX.BgiOnnxFactory
[ONNX]启用的provider:"Cpu",初始化参数: InferenceDevice=Cpu, OptimizedModel=False, CudaDeviceId=0, DmlDeviceId=0, EmbedTensorRtCache=True, EnableTensorRtCache=True, CpuOcr=True

[00:05:01.477] [DBG] [Primary:S1:P11492:T1786550700071] BetterGenshinImpact.Core.Recognition.ONNX.BgiOnnxFactory
[ONNX]创建推理会话，模型: "PpOcrDetV4"

[00:05:01.691] [DBG] [Primary:S1:P11492:T1786550700071] BetterGenshinImpact.Core.Recognition.ONNX.BgiOnnxFactory
[ONNX]创建推理会话，模型: "PpOcrRecV4"

[00:05:01.824] [INF] [Primary:S1:P11492:T1786550700071] BetterGenshinImpact.ViewModel.Pages.HomePageViewModel
已加载默认背景图片

[00:05:02.135] [DBG] [Primary:S1:P11492:T1786550700071] BetterGenshinImpact.Core.Recognition.ONNX.BgiOnnxFactory
创建了类型为 "Paddle" 的 OCR服务

[00:05:03.235] [DBG] [Primary:S1:P11492:T1786550700071] BetterGenshinImpact.Core.Script.ScriptRepoUpdater
已禁用自动更新订阅脚本

[00:05:33.404] [INF] [Primary:S1:P11492:T1786550700071] BetterGenshinImpact.View.MaskWindow
更好的原神 "0.63.0"

[00:05:33.405] [INF] [Primary:S1:P11492:T1786550700071] BetterGenshinImpact.View.MaskWindow
遮罩窗口已启动，游戏大小1920x1080，素材缩放"1.00"，DPI缩放1.25

[00:05:33.693] [INF] [Primary:S1:P11492:T1786550700071] BetterGenshinImpact.GameTask.Common.TaskControl
当前不在游戏主界面，等待进入主界面后执行任务...

[00:05:33.693] [INF] [Primary:S1:P11492:T1786550700071] BetterGenshinImpact.GameTask.Common.TaskControl
如果你已经在游戏内的其他界面，请自行退出当前界面（ESC），或是30秒后将程序将自动尝试到入主界面，使当前任务能够继续运行！

[00:06:40.412] [INF] [Primary:S1:P11492:T1786550700071] BetterGenshinImpact.Service.ScriptService
配置组 "角色等级bug测试" 加载完成，共1个脚本，开始执行

[00:06:40.451] [INF] [Primary:S1:P11492:T1786550700071] BetterGenshinImpact.GameTask.TaskRunner
→ "任务启动！"

[00:06:40.902] [INF] [Primary:S1:P11492:T1786550700071] BetterGenshinImpact.Service.ScriptService
------------------------------

[00:06:40.913] [INF] [Primary:S1:P11492:T1786550700071] BetterGenshinImpact.Service.ScriptService
→ 开始执行JS脚本: "角色养成接口复现测试"

[00:06:42.216] [INF] [Primary:S1:P11492:T1786550700071] BetterGenshinImpact.Core.Script.Dependence.Log
========== 角色养成接口复现测试开始 ==========

[00:06:42.220] [INF] [Primary:S1:P11492:T1786550700071] BetterGenshinImpact.Core.Script.Dependence.Log
[说明] 本脚本只读取角色属性，用于收集不同等级样本；不读取背包、不刷取材料、不消耗树脂

[00:06:42.223] [INF] [Primary:S1:P11492:T1786550700071] BetterGenshinImpact.Core.Script.Dependence.Log
[测试 1/8] 准备读取“凯亚”

[00:06:43.581] [DBG] [Primary:S1:P11492:T1786550700071] BetterGenshinImpact.Core.Recognition.ONNX.BgiOnnxFactory
[ONNX]创建推理会话，模型: "AvatarGridIcon"

[00:06:43.839] [INF] [Primary:S1:P11492:T1786550700071] BetterGenshinImpact.GameTask.CharacterDevelopment.CharacterDevelopmentStateMachineTask
角色养成识别：准备角色 "凯亚"，元素筛选="冰"，武器筛选="单手剑"

[00:06:43.859] [INF] [Primary:S1:P11492:T1786550700071] BetterGenshinImpact.GameTask.CharacterDevelopment.CharacterDevelopmentStateMachineTask
========== 状态机启动，目标状态："Completed" ==========

[00:06:43.956] [DBG] [Primary:S1:P11492:T1786550700071] BetterGenshinImpact.GameTask.CharacterDevelopment.CharacterDevelopmentStateMachineTask
状态机迭代 0，当前状态：MainUi

[00:06:45.707] [DBG] [Primary:S1:P11492:T1786550700071] BetterGenshinImpact.GameTask.CharacterDevelopment.CharacterDevelopmentStateMachineTask
状态转换成功：OpenCharacterList

[00:06:45.935] [DBG] [Primary:S1:P11492:T1786550700071] BetterGenshinImpact.GameTask.CharacterDevelopment.CharacterDevelopmentStateMachineTask
状态机迭代 1，当前状态：OpenCharacterList

[00:06:46.486] [DBG] [Primary:S1:P11492:T1786550700071] BetterGenshinImpact.GameTask.CharacterDevelopment.CharacterDevelopmentStateMachineTask
状态转换成功：OpenFilterPanel

[00:06:46.723] [DBG] [Primary:S1:P11492:T1786550700071] BetterGenshinImpact.GameTask.CharacterDevelopment.CharacterDevelopmentStateMachineTask
状态机迭代 2，当前状态：OpenFilterPanel

[00:06:47.411] [DBG] [Primary:S1:P11492:T1786550700071] BetterGenshinImpact.GameTask.CharacterDevelopment.CharacterDevelopmentStateMachineTask
状态转换成功：FilterPanel

[00:06:47.815] [DBG] [Primary:S1:P11492:T1786550700071] BetterGenshinImpact.GameTask.CharacterDevelopment.CharacterDevelopmentStateMachineTask
状态机迭代 3，当前状态：FilterPanel

[00:06:47.995] [DBG] [Primary:S1:P11492:T1786550700071] BetterGenshinImpact.GameTask.CharacterDevelopment.CharacterDevelopmentStateMachineTask
状态转换成功：SelectElementFilter

[00:06:48.695] [DBG] [Primary:S1:P11492:T1786550700071] BetterGenshinImpact.GameTask.CharacterDevelopment.CharacterDevelopmentStateMachineTask
状态机迭代 4，当前状态：SelectElementFilter

[00:06:50.805] [DBG] [Primary:S1:P11492:T1786550700071] BetterGenshinImpact.GameTask.CharacterDevelopment.CharacterDevelopmentStateMachineTask
状态转换成功：SelectWeaponFilter

[00:06:51.129] [DBG] [Primary:S1:P11492:T1786550700071] BetterGenshinImpact.GameTask.CharacterDevelopment.CharacterDevelopmentStateMachineTask
状态机迭代 5，当前状态：SelectWeaponFilter

[00:06:52.606] [DBG] [Primary:S1:P11492:T1786550700071] BetterGenshinImpact.GameTask.CharacterDevelopment.CharacterDevelopmentStateMachineTask
状态转换成功：ConfirmFilterPanel

[00:06:52.837] [DBG] [Primary:S1:P11492:T1786550700071] BetterGenshinImpact.GameTask.CharacterDevelopment.CharacterDevelopmentStateMachineTask
状态机迭代 6，当前状态：ConfirmFilterPanel

[00:06:53.688] [DBG] [Primary:S1:P11492:T1786550700071] BetterGenshinImpact.GameTask.CharacterDevelopment.CharacterDevelopmentStateMachineTask
状态转换成功：FindAndClickAvatar

[00:06:53.906] [DBG] [Primary:S1:P11492:T1786550700071] BetterGenshinImpact.GameTask.CharacterDevelopment.CharacterDevelopmentStateMachineTask
状态机迭代 7，当前状态：FindAndClickAvatar

[00:06:53.988] [DBG] [Primary:S1:P11492:T1786550700071] BetterGenshinImpact.GameTask.CharacterDevelopment.CharacterDevelopmentStateMachineTask
角色养成识别：白色底栏连通域 15 个，生成 5 个合法卡片，边界丢弃 0 个（第 1/3 次）

[00:06:54.039] [DBG] [Primary:S1:P11492:T1786550700071] BetterGenshinImpact.GameTask.CharacterDevelopment.CharacterDevelopmentStateMachineTask
角色养成识别：识别头像 "丝柯克"，元素="冰"，score=0.984

[00:06:54.052] [DBG] [Primary:S1:P11492:T1786550700071] BetterGenshinImpact.GameTask.CharacterDevelopment.CharacterDevelopmentStateMachineTask
角色养成识别：识别头像 "神里绫华"，元素="冰"，score=0.982

[00:06:54.079] [DBG] [Primary:S1:P11492:T1786550700071] BetterGenshinImpact.GameTask.CharacterDevelopment.CharacterDevelopmentStateMachineTask
角色养成识别：识别头像 "七七"，元素="冰"，score=0.987

[00:06:54.109] [DBG] [Primary:S1:P11492:T1786550700071] BetterGenshinImpact.GameTask.CharacterDevelopment.CharacterDevelopmentStateMachineTask
角色养成识别：识别头像 "莱依拉"，元素="冰"，score=0.979

[00:06:54.126] [DBG] [Primary:S1:P11492:T1786550700071] BetterGenshinImpact.GameTask.CharacterDevelopment.CharacterDevelopmentStateMachineTask
角色养成识别：识别头像 "凯亚"，元素="冰"，score=0.968

[00:06:54.645] [DBG] [Primary:S1:P11492:T1786550700071] BetterGenshinImpact.GameTask.CharacterDevelopment.CharacterDevelopmentStateMachineTask
状态转换成功：SelectedCharacter

[00:06:54.892] [DBG] [Primary:S1:P11492:T1786550700071] BetterGenshinImpact.GameTask.CharacterDevelopment.CharacterDevelopmentStateMachineTask
状态机迭代 8，当前状态：SelectedCharacter

[00:06:55.262] [DBG] [Primary:S1:P11492:T1786550700071] BetterGenshinImpact.GameTask.CharacterDevelopment.CharacterDevelopmentStateMachineTask
状态转换成功：SwitchCategory

[00:06:55.487] [DBG] [Primary:S1:P11492:T1786550700071] BetterGenshinImpact.GameTask.CharacterDevelopment.CharacterDevelopmentStateMachineTask
状态机迭代 9，当前状态：SwitchCategory

[00:06:57.114] [DBG] [Primary:S1:P11492:T1786550700071] BetterGenshinImpact.GameTask.CharacterDevelopment.CharacterDevelopmentStateMachineTask
状态转换成功：ReadCategory

[00:06:57.339] [DBG] [Primary:S1:P11492:T1786550700071] BetterGenshinImpact.GameTask.CharacterDevelopment.CharacterDevelopmentStateMachineTask
状态机迭代 10，当前状态：ReadCategory

[00:06:57.658] [DBG] [Primary:S1:P11492:T1786550700071] BetterGenshinImpact.GameTask.CharacterDevelopment.CharacterDevelopmentStateMachineTask
角色养成识别："角色等级" OCR 第 1/10 次解析失败，结果="0/80
等级80"

[00:06:58.120] [DBG] [Primary:S1:P11492:T1786550700071] BetterGenshinImpact.GameTask.CharacterDevelopment.CharacterDevelopmentStateMachineTask
角色养成识别："角色等级" OCR 第 2/10 次解析失败，结果="等级80
0/80"

[00:06:59.034] [DBG] [Primary:S1:P11492:T1786550700071] BetterGenshinImpact.GameTask.CharacterDevelopment.CharacterDevelopmentStateMachineTask
角色养成识别："角色等级" OCR 第 4/10 次解析失败，结果="0/80
等级80"

[00:06:59.378] [DBG] [Primary:S1:P11492:T1786550700071] BetterGenshinImpact.GameTask.CharacterDevelopment.CharacterDevelopmentStateMachineTask
角色养成识别："角色等级" OCR 第 5/10 次解析失败，结果="0/80
等级80"

[00:07:00.187] [DBG] [Primary:S1:P11492:T1786550700071] BetterGenshinImpact.GameTask.CharacterDevelopment.CharacterDevelopmentStateMachineTask
角色养成识别："角色等级" OCR 第 7/10 次解析失败，结果="等级80
0/80"

[00:07:00.904] [DBG] [Primary:S1:P11492:T1786550700071] BetterGenshinImpact.GameTask.CharacterDevelopment.CharacterDevelopmentStateMachineTask
角色养成识别："角色等级" OCR 第 9/10 次解析失败，结果="0/80
等级80"

[00:07:01.422] [DBG] [Primary:S1:P11492:T1786550700071] BetterGenshinImpact.GameTask.CharacterDevelopment.CharacterDevelopmentStateMachineTask
角色养成识别："角色等级" OCR 第 10/10 次解析失败，结果="0/80
等级80"

[00:07:02.652] [ERR] [Primary:S1:P11492:T1786550700071] BetterGenshinImpact.Core.Script.Dependence.Log
[测试 1/8] “凯亚”读取失败：角色等级 OCR 在 10 次内未达到连续 3 次一致，最大连续次数=1，末次结果=0/80
等级80

[00:07:02.653] [INF] [Primary:S1:P11492:T1786550700071] BetterGenshinImpact.Core.Script.Dependence.Log
[测试 2/8] 准备读取“丽莎”

[00:07:03.725] [DBG] [Primary:S1:P11492:T1786550700071] BetterGenshinImpact.Core.Recognition.ONNX.BgiOnnxFactory
[ONNX]创建推理会话，模型: "AvatarGridIcon"

[00:07:03.930] [INF] [Primary:S1:P11492:T1786550700071] BetterGenshinImpact.GameTask.CharacterDevelopment.CharacterDevelopmentStateMachineTask
角色养成识别：准备角色 "丽莎"，元素筛选="雷"，武器筛选="法器"

[00:07:03.930] [INF] [Primary:S1:P11492:T1786550700071] BetterGenshinImpact.GameTask.CharacterDevelopment.CharacterDevelopmentStateMachineTask
========== 状态机启动，目标状态："Completed" ==========

[00:07:04.009] [DBG] [Primary:S1:P11492:T1786550700071] BetterGenshinImpact.GameTask.CharacterDevelopment.CharacterDevelopmentStateMachineTask
状态机迭代 0，当前状态：MainUi

[00:07:04.879] [DBG] [Primary:S1:P11492:T1786550700071] BetterGenshinImpact.GameTask.CharacterDevelopment.CharacterDevelopmentStateMachineTask
状态转换成功：OpenCharacterList

[00:07:05.112] [DBG] [Primary:S1:P11492:T1786550700071] BetterGenshinImpact.GameTask.CharacterDevelopment.CharacterDevelopmentStateMachineTask
状态机迭代 1，当前状态：OpenCharacterList

[00:07:05.729] [DBG] [Primary:S1:P11492:T1786550700071] BetterGenshinImpact.GameTask.CharacterDevelopment.CharacterDevelopmentStateMachineTask
状态转换成功：OpenFilterPanel

[00:07:05.959] [DBG] [Primary:S1:P11492:T1786550700071] BetterGenshinImpact.GameTask.CharacterDevelopment.CharacterDevelopmentStateMachineTask
状态机迭代 2，当前状态：OpenFilterPanel

[00:07:06.666] [DBG] [Primary:S1:P11492:T1786550700071] BetterGenshinImpact.GameTask.CharacterDevelopment.CharacterDevelopmentStateMachineTask
状态转换成功：FilterPanel

[00:07:07.044] [DBG] [Primary:S1:P11492:T1786550700071] BetterGenshinImpact.GameTask.CharacterDevelopment.CharacterDevelopmentStateMachineTask
状态机迭代 3，当前状态：FilterPanel

[00:07:07.279] [DBG] [Primary:S1:P11492:T1786550700071] BetterGenshinImpact.GameTask.CharacterDevelopment.CharacterDevelopmentStateMachineTask
状态转换成功：SelectElementFilter

[00:07:07.869] [DBG] [Primary:S1:P11492:T1786550700071] BetterGenshinImpact.GameTask.CharacterDevelopment.CharacterDevelopmentStateMachineTask
状态机迭代 4，当前状态：SelectElementFilter

[00:07:10.222] [DBG] [Primary:S1:P11492:T1786550700071] BetterGenshinImpact.GameTask.CharacterDevelopment.CharacterDevelopmentStateMachineTask
状态转换成功：SelectWeaponFilter

[00:07:10.592] [DBG] [Primary:S1:P11492:T1786550700071] BetterGenshinImpact.GameTask.CharacterDevelopment.CharacterDevelopmentStateMachineTask
状态机迭代 5，当前状态：SelectWeaponFilter

[00:07:11.695] [DBG] [Primary:S1:P11492:T1786550700071] BetterGenshinImpact.GameTask.CharacterDevelopment.CharacterDevelopmentStateMachineTask
状态转换成功：ConfirmFilterPanel

[00:07:11.936] [DBG] [Primary:S1:P11492:T1786550700071] BetterGenshinImpact.GameTask.CharacterDevelopment.CharacterDevelopmentStateMachineTask
状态机迭代 6，当前状态：ConfirmFilterPanel

[00:07:12.745] [DBG] [Primary:S1:P11492:T1786550700071] BetterGenshinImpact.GameTask.CharacterDevelopment.CharacterDevelopmentStateMachineTask
状态转换成功：FindAndClickAvatar

[00:07:12.982] [DBG] [Primary:S1:P11492:T1786550700071] BetterGenshinImpact.GameTask.CharacterDevelopment.CharacterDevelopmentStateMachineTask
状态机迭代 7，当前状态：FindAndClickAvatar

[00:07:13.023] [DBG] [Primary:S1:P11492:T1786550700071] BetterGenshinImpact.GameTask.CharacterDevelopment.CharacterDevelopmentStateMachineTask
角色养成识别：白色底栏连通域 6 个，生成 2 个合法卡片，边界丢弃 0 个（第 1/3 次）

[00:07:13.054] [DBG] [Primary:S1:P11492:T1786550700071] BetterGenshinImpact.GameTask.CharacterDevelopment.CharacterDevelopmentStateMachineTask
角色养成识别：识别头像 "瓦雷莎"，元素="雷"，score=0.988

[00:07:13.087] [DBG] [Primary:S1:P11492:T1786550700071] BetterGenshinImpact.GameTask.CharacterDevelopment.CharacterDevelopmentStateMachineTask
角色养成识别：识别头像 "丽莎"，元素="雷"，score=0.978

[00:07:13.641] [DBG] [Primary:S1:P11492:T1786550700071] BetterGenshinImpact.GameTask.CharacterDevelopment.CharacterDevelopmentStateMachineTask
状态转换成功：SelectedCharacter

[00:07:13.940] [DBG] [Primary:S1:P11492:T1786550700071] BetterGenshinImpact.GameTask.CharacterDevelopment.CharacterDevelopmentStateMachineTask
状态机迭代 8，当前状态：SelectedCharacter

[00:07:14.308] [DBG] [Primary:S1:P11492:T1786550700071] BetterGenshinImpact.GameTask.CharacterDevelopment.CharacterDevelopmentStateMachineTask
状态转换成功：SwitchCategory

[00:07:14.540] [DBG] [Primary:S1:P11492:T1786550700071] BetterGenshinImpact.GameTask.CharacterDevelopment.CharacterDevelopmentStateMachineTask
状态机迭代 9，当前状态：SwitchCategory

[00:07:16.118] [DBG] [Primary:S1:P11492:T1786550700071] BetterGenshinImpact.GameTask.CharacterDevelopment.CharacterDevelopmentStateMachineTask
状态转换成功：ReadCategory

[00:07:16.335] [DBG] [Primary:S1:P11492:T1786550700071] BetterGenshinImpact.GameTask.CharacterDevelopment.CharacterDevelopmentStateMachineTask
状态机迭代 10，当前状态：ReadCategory

[00:07:17.339] [DBG] [Primary:S1:P11492:T1786550700071] BetterGenshinImpact.GameTask.CharacterDevelopment.CharacterDevelopmentStateMachineTask
状态转换成功：SwitchCategory

[00:07:17.580] [DBG] [Primary:S1:P11492:T1786550700071] BetterGenshinImpact.GameTask.CharacterDevelopment.CharacterDevelopmentStateMachineTask
状态机迭代 11，当前状态：SwitchCategory

[00:07:17.602] [DBG] [Primary:S1:P11492:T1786550700071] BetterGenshinImpact.GameTask.CharacterDevelopment.CharacterDevelopmentStateMachineTask
状态转换成功：ReturnMainUi

[00:07:17.832] [DBG] [Primary:S1:P11492:T1786550700071] BetterGenshinImpact.GameTask.CharacterDevelopment.CharacterDevelopmentStateMachineTask
状态机迭代 12，当前状态：ReturnMainUi

[00:07:19.102] [DBG] [Primary:S1:P11492:T1786550700071] BetterGenshinImpact.GameTask.CharacterDevelopment.CharacterDevelopmentStateMachineTask
状态转换成功：Completed

[00:07:19.475] [INF] [Primary:S1:P11492:T1786550700071] BetterGenshinImpact.GameTask.CharacterDevelopment.CharacterDevelopmentStateMachineTask
========== 状态机完成，到达目标状态：Completed ==========

[00:07:19.500] [INF] [Primary:S1:P11492:T1786550700071] BetterGenshinImpact.Core.Script.Dependence.Log
[测试 2/8] “丽莎”读取成功

[00:07:19.574] [INF] [Primary:S1:P11492:T1786550700071] BetterGenshinImpact.Core.Script.Dependence.Log
[结果] {"CharacterName":"丽莎","ElementType":"雷","Level":80,"LevelLimit":80,"WeaponName":null,"WeaponLevel":null,"WeaponLevelLimit":null,"AttackLevel":null,"AttackHasBonus":null,"SkillLevel":null,"SkillHasBonus":null,"BurstLevel":null,"BurstHasBonus":null}

[00:07:19.574] [INF] [Primary:S1:P11492:T1786550700071] BetterGenshinImpact.Core.Script.Dependence.Log
[测试 3/8] 准备读取“诺艾尔”

[00:07:20.717] [DBG] [Primary:S1:P11492:T1786550700071] BetterGenshinImpact.Core.Recognition.ONNX.BgiOnnxFactory
[ONNX]创建推理会话，模型: "AvatarGridIcon"

[00:07:21.050] [INF] [Primary:S1:P11492:T1786550700071] BetterGenshinImpact.GameTask.CharacterDevelopment.CharacterDevelopmentStateMachineTask
角色养成识别：准备角色 "诺艾尔"，元素筛选="岩"，武器筛选="双手剑"

[00:07:21.051] [INF] [Primary:S1:P11492:T1786550700071] BetterGenshinImpact.GameTask.CharacterDevelopment.CharacterDevelopmentStateMachineTask
========== 状态机启动，目标状态："Completed" ==========

[00:07:21.135] [DBG] [Primary:S1:P11492:T1786550700071] BetterGenshinImpact.GameTask.CharacterDevelopment.CharacterDevelopmentStateMachineTask
状态机迭代 0，当前状态：MainUi

[00:07:21.984] [DBG] [Primary:S1:P11492:T1786550700071] BetterGenshinImpact.GameTask.CharacterDevelopment.CharacterDevelopmentStateMachineTask
状态转换成功：OpenCharacterList

[00:07:22.218] [DBG] [Primary:S1:P11492:T1786550700071] BetterGenshinImpact.GameTask.CharacterDevelopment.CharacterDevelopmentStateMachineTask
状态机迭代 1，当前状态：OpenCharacterList

[00:07:22.795] [DBG] [Primary:S1:P11492:T1786550700071] BetterGenshinImpact.GameTask.CharacterDevelopment.CharacterDevelopmentStateMachineTask
状态转换成功：OpenFilterPanel

[00:07:23.029] [DBG] [Primary:S1:P11492:T1786550700071] BetterGenshinImpact.GameTask.CharacterDevelopment.CharacterDevelopmentStateMachineTask
状态机迭代 2，当前状态：OpenFilterPanel

[00:07:23.656] [DBG] [Primary:S1:P11492:T1786550700071] BetterGenshinImpact.GameTask.CharacterDevelopment.CharacterDevelopmentStateMachineTask
状态转换成功：FilterPanel

[00:07:23.947] [DBG] [Primary:S1:P11492:T1786550700071] BetterGenshinImpact.GameTask.CharacterDevelopment.CharacterDevelopmentStateMachineTask
状态机迭代 3，当前状态：FilterPanel

[00:07:24.120] [DBG] [Primary:S1:P11492:T1786550700071] BetterGenshinImpact.GameTask.CharacterDevelopment.CharacterDevelopmentStateMachineTask
状态转换成功：SelectElementFilter

[00:07:24.731] [DBG] [Primary:S1:P11492:T1786550700071] BetterGenshinImpact.GameTask.CharacterDevelopment.CharacterDevelopmentStateMachineTask
状态机迭代 4，当前状态：SelectElementFilter

[00:07:26.878] [DBG] [Primary:S1:P11492:T1786550700071] BetterGenshinImpact.GameTask.CharacterDevelopment.CharacterDevelopmentStateMachineTask
状态转换成功：SelectWeaponFilter

[00:07:27.171] [DBG] [Primary:S1:P11492:T1786550700071] BetterGenshinImpact.GameTask.CharacterDevelopment.CharacterDevelopmentStateMachineTask
状态机迭代 5，当前状态：SelectWeaponFilter

[00:07:28.263] [DBG] [Primary:S1:P11492:T1786550700071] BetterGenshinImpact.GameTask.CharacterDevelopment.CharacterDevelopmentStateMachineTask
状态转换成功：ConfirmFilterPanel

[00:07:28.513] [DBG] [Primary:S1:P11492:T1786550700071] BetterGenshinImpact.GameTask.CharacterDevelopment.CharacterDevelopmentStateMachineTask
状态机迭代 6，当前状态：ConfirmFilterPanel

[00:07:29.545] [DBG] [Primary:S1:P11492:T1786550700071] BetterGenshinImpact.GameTask.CharacterDevelopment.CharacterDevelopmentStateMachineTask
状态转换成功：FindAndClickAvatar

[00:07:29.786] [DBG] [Primary:S1:P11492:T1786550700071] BetterGenshinImpact.GameTask.CharacterDevelopment.CharacterDevelopmentStateMachineTask
状态机迭代 7，当前状态：FindAndClickAvatar

[00:07:29.812] [DBG] [Primary:S1:P11492:T1786550700071] BetterGenshinImpact.GameTask.CharacterDevelopment.CharacterDevelopmentStateMachineTask
角色养成识别：白色底栏连通域 4 个，生成 2 个合法卡片，边界丢弃 0 个（第 1/3 次）

[00:07:29.845] [DBG] [Primary:S1:P11492:T1786550700071] BetterGenshinImpact.GameTask.CharacterDevelopment.CharacterDevelopmentStateMachineTask
角色养成识别：识别头像 "娜维娅"，元素="岩"，score=0.990

[00:07:29.869] [DBG] [Primary:S1:P11492:T1786550700071] BetterGenshinImpact.GameTask.CharacterDevelopment.CharacterDevelopmentStateMachineTask
角色养成识别：识别头像 "诺艾尔"，元素="岩"，score=0.981

[00:07:30.382] [DBG] [Primary:S1:P11492:T1786550700071] BetterGenshinImpact.GameTask.CharacterDevelopment.CharacterDevelopmentStateMachineTask
状态转换成功：SelectedCharacter

[00:07:30.622] [DBG] [Primary:S1:P11492:T1786550700071] BetterGenshinImpact.GameTask.CharacterDevelopment.CharacterDevelopmentStateMachineTask
状态机迭代 8，当前状态：SelectedCharacter

[00:07:31.006] [DBG] [Primary:S1:P11492:T1786550700071] BetterGenshinImpact.GameTask.CharacterDevelopment.CharacterDevelopmentStateMachineTask
状态转换成功：SwitchCategory

[00:07:31.240] [DBG] [Primary:S1:P11492:T1786550700071] BetterGenshinImpact.GameTask.CharacterDevelopment.CharacterDevelopmentStateMachineTask
状态机迭代 9，当前状态：SwitchCategory

[00:07:32.424] [DBG] [Primary:S1:P11492:T1786550700071] BetterGenshinImpact.GameTask.CharacterDevelopment.CharacterDevelopmentStateMachineTask
状态转换成功：ReadCategory

[00:07:32.698] [DBG] [Primary:S1:P11492:T1786550700071] BetterGenshinImpact.GameTask.CharacterDevelopment.CharacterDevelopmentStateMachineTask
状态机迭代 10，当前状态：ReadCategory

[00:07:33.671] [DBG] [Primary:S1:P11492:T1786550700071] BetterGenshinImpact.GameTask.CharacterDevelopment.CharacterDevelopmentStateMachineTask
状态转换成功：SwitchCategory

[00:07:33.908] [DBG] [Primary:S1:P11492:T1786550700071] BetterGenshinImpact.GameTask.CharacterDevelopment.CharacterDevelopmentStateMachineTask
状态机迭代 11，当前状态：SwitchCategory

[00:07:33.930] [DBG] [Primary:S1:P11492:T1786550700071] BetterGenshinImpact.GameTask.CharacterDevelopment.CharacterDevelopmentStateMachineTask
状态转换成功：ReturnMainUi

[00:07:34.166] [DBG] [Primary:S1:P11492:T1786550700071] BetterGenshinImpact.GameTask.CharacterDevelopment.CharacterDevelopmentStateMachineTask
状态机迭代 12，当前状态：ReturnMainUi

[00:07:35.480] [DBG] [Primary:S1:P11492:T1786550700071] BetterGenshinImpact.GameTask.CharacterDevelopment.CharacterDevelopmentStateMachineTask
状态转换成功：Completed

[00:07:35.828] [INF] [Primary:S1:P11492:T1786550700071] BetterGenshinImpact.GameTask.CharacterDevelopment.CharacterDevelopmentStateMachineTask
========== 状态机完成，到达目标状态：Completed ==========

[00:07:35.858] [INF] [Primary:S1:P11492:T1786550700071] BetterGenshinImpact.Core.Script.Dependence.Log
[测试 3/8] “诺艾尔”读取成功

[00:07:35.861] [INF] [Primary:S1:P11492:T1786550700071] BetterGenshinImpact.Core.Script.Dependence.Log
[结果] {"CharacterName":"诺艾尔","ElementType":"岩","Level":80,"LevelLimit":80,"WeaponName":null,"WeaponLevel":null,"WeaponLevelLimit":null,"AttackLevel":null,"AttackHasBonus":null,"SkillLevel":null,"SkillHasBonus":null,"BurstLevel":null,"BurstHasBonus":null}

[00:07:35.862] [INF] [Primary:S1:P11492:T1786550700071] BetterGenshinImpact.Core.Script.Dependence.Log
[测试 4/8] 准备读取“芭芭拉”

[00:07:36.981] [DBG] [Primary:S1:P11492:T1786550700071] BetterGenshinImpact.Core.Recognition.ONNX.BgiOnnxFactory
[ONNX]创建推理会话，模型: "AvatarGridIcon"

[00:07:37.222] [INF] [Primary:S1:P11492:T1786550700071] BetterGenshinImpact.GameTask.CharacterDevelopment.CharacterDevelopmentStateMachineTask
角色养成识别：准备角色 "芭芭拉"，元素筛选="水"，武器筛选="法器"

[00:07:37.223] [INF] [Primary:S1:P11492:T1786550700071] BetterGenshinImpact.GameTask.CharacterDevelopment.CharacterDevelopmentStateMachineTask
========== 状态机启动，目标状态："Completed" ==========

[00:07:37.332] [DBG] [Primary:S1:P11492:T1786550700071] BetterGenshinImpact.GameTask.CharacterDevelopment.CharacterDevelopmentStateMachineTask
状态机迭代 0，当前状态：MainUi

[00:07:38.309] [DBG] [Primary:S1:P11492:T1786550700071] BetterGenshinImpact.GameTask.CharacterDevelopment.CharacterDevelopmentStateMachineTask
状态转换成功：OpenCharacterList

[00:07:38.563] [DBG] [Primary:S1:P11492:T1786550700071] BetterGenshinImpact.GameTask.CharacterDevelopment.CharacterDevelopmentStateMachineTask
状态机迭代 1，当前状态：OpenCharacterList

[00:07:39.076] [DBG] [Primary:S1:P11492:T1786550700071] BetterGenshinImpact.GameTask.CharacterDevelopment.CharacterDevelopmentStateMachineTask
状态转换成功：OpenFilterPanel

[00:07:39.304] [DBG] [Primary:S1:P11492:T1786550700071] BetterGenshinImpact.GameTask.CharacterDevelopment.CharacterDevelopmentStateMachineTask
状态机迭代 2，当前状态：OpenFilterPanel

[00:07:39.972] [DBG] [Primary:S1:P11492:T1786550700071] BetterGenshinImpact.GameTask.CharacterDevelopment.CharacterDevelopmentStateMachineTask
状态转换成功：FilterPanel

[00:07:40.330] [DBG] [Primary:S1:P11492:T1786550700071] BetterGenshinImpact.GameTask.CharacterDevelopment.CharacterDevelopmentStateMachineTask
状态机迭代 3，当前状态：FilterPanel

[00:07:40.546] [DBG] [Primary:S1:P11492:T1786550700071] BetterGenshinImpact.GameTask.CharacterDevelopment.CharacterDevelopmentStateMachineTask
状态转换成功：SelectElementFilter

[00:07:40.956] [DBG] [Primary:S1:P11492:T1786550700071] BetterGenshinImpact.GameTask.CharacterDevelopment.CharacterDevelopmentStateMachineTask
状态机迭代 4，当前状态：SelectElementFilter

[00:07:43.018] [DBG] [Primary:S1:P11492:T1786550700071] BetterGenshinImpact.GameTask.CharacterDevelopment.CharacterDevelopmentStateMachineTask
状态转换成功：SelectWeaponFilter

[00:07:43.353] [DBG] [Primary:S1:P11492:T1786550700071] BetterGenshinImpact.GameTask.CharacterDevelopment.CharacterDevelopmentStateMachineTask
状态机迭代 5，当前状态：SelectWeaponFilter

[00:07:44.679] [DBG] [Primary:S1:P11492:T1786550700071] BetterGenshinImpact.GameTask.CharacterDevelopment.CharacterDevelopmentStateMachineTask
状态转换成功：ConfirmFilterPanel

[00:07:44.902] [DBG] [Primary:S1:P11492:T1786550700071] BetterGenshinImpact.GameTask.CharacterDevelopment.CharacterDevelopmentStateMachineTask
状态机迭代 6，当前状态：ConfirmFilterPanel

[00:07:45.721] [DBG] [Primary:S1:P11492:T1786550700071] BetterGenshinImpact.GameTask.CharacterDevelopment.CharacterDevelopmentStateMachineTask
状态转换成功：FindAndClickAvatar

[00:07:45.957] [DBG] [Primary:S1:P11492:T1786550700071] BetterGenshinImpact.GameTask.CharacterDevelopment.CharacterDevelopmentStateMachineTask
状态机迭代 7，当前状态：FindAndClickAvatar

[00:07:46.004] [DBG] [Primary:S1:P11492:T1786550700071] BetterGenshinImpact.GameTask.CharacterDevelopment.CharacterDevelopmentStateMachineTask
角色养成识别：白色底栏连通域 10 个，生成 5 个合法卡片，边界丢弃 0 个（第 1/3 次）

[00:07:46.016] [DBG] [Primary:S1:P11492:T1786550700071] BetterGenshinImpact.GameTask.CharacterDevelopment.CharacterDevelopmentStateMachineTask
角色养成识别：识别头像 "哥伦比娅"，元素="水"，score=0.976

[00:07:46.028] [DBG] [Primary:S1:P11492:T1786550700071] BetterGenshinImpact.GameTask.CharacterDevelopment.CharacterDevelopmentStateMachineTask
角色养成识别：识别头像 "玛拉妮"，元素="水"，score=0.979

[00:07:46.071] [DBG] [Primary:S1:P11492:T1786550700071] BetterGenshinImpact.GameTask.CharacterDevelopment.CharacterDevelopmentStateMachineTask
角色养成识别：识别头像 "珊瑚宫心海"，元素="水"，score=0.979

[00:07:46.090] [DBG] [Primary:S1:P11492:T1786550700071] BetterGenshinImpact.GameTask.CharacterDevelopment.CharacterDevelopmentStateMachineTask
角色养成识别：识别头像 "莫娜"，元素="水"，score=0.984

[00:07:46.104] [DBG] [Primary:S1:P11492:T1786550700071] BetterGenshinImpact.GameTask.CharacterDevelopment.CharacterDevelopmentStateMachineTask
角色养成识别：识别头像 "芭芭拉"，元素="水"，score=0.984

[00:07:46.832] [DBG] [Primary:S1:P11492:T1786550700071] BetterGenshinImpact.GameTask.CharacterDevelopment.CharacterDevelopmentStateMachineTask
状态转换成功：SelectedCharacter

[00:07:47.059] [DBG] [Primary:S1:P11492:T1786550700071] BetterGenshinImpact.GameTask.CharacterDevelopment.CharacterDevelopmentStateMachineTask
状态机迭代 8，当前状态：SelectedCharacter

[00:07:47.429] [DBG] [Primary:S1:P11492:T1786550700071] BetterGenshinImpact.GameTask.CharacterDevelopment.CharacterDevelopmentStateMachineTask
状态转换成功：SwitchCategory

[00:07:47.653] [DBG] [Primary:S1:P11492:T1786550700071] BetterGenshinImpact.GameTask.CharacterDevelopment.CharacterDevelopmentStateMachineTask
状态机迭代 9，当前状态：SwitchCategory

[00:07:49.197] [DBG] [Primary:S1:P11492:T1786550700071] BetterGenshinImpact.GameTask.CharacterDevelopment.CharacterDevelopmentStateMachineTask
状态转换成功：ReadCategory

[00:07:49.435] [DBG] [Primary:S1:P11492:T1786550700071] BetterGenshinImpact.GameTask.CharacterDevelopment.CharacterDevelopmentStateMachineTask
状态机迭代 10，当前状态：ReadCategory

[00:07:49.942] [DBG] [Primary:S1:P11492:T1786550700071] BetterGenshinImpact.GameTask.CharacterDevelopment.CharacterDevelopmentStateMachineTask
角色养成识别："角色等级" OCR 第 2/10 次解析失败，结果="等级80
0/80"

[00:07:50.327] [DBG] [Primary:S1:P11492:T1786550700071] BetterGenshinImpact.GameTask.CharacterDevelopment.CharacterDevelopmentStateMachineTask
角色养成识别："角色等级" OCR 第 3/10 次解析失败，结果="等级80
0/80"

[00:07:50.713] [DBG] [Primary:S1:P11492:T1786550700071] BetterGenshinImpact.GameTask.CharacterDevelopment.CharacterDevelopmentStateMachineTask
角色养成识别："角色等级" OCR 第 4/10 次解析失败，结果="等级80
0/80"

[00:07:51.171] [DBG] [Primary:S1:P11492:T1786550700071] BetterGenshinImpact.GameTask.CharacterDevelopment.CharacterDevelopmentStateMachineTask
角色养成识别："角色等级" OCR 第 5/10 次解析失败，结果="等级80
0/80"

[00:07:51.644] [DBG] [Primary:S1:P11492:T1786550700071] BetterGenshinImpact.GameTask.CharacterDevelopment.CharacterDevelopmentStateMachineTask
角色养成识别："角色等级" OCR 第 6/10 次解析失败，结果="等级80
0/80"

[00:07:52.054] [DBG] [Primary:S1:P11492:T1786550700071] BetterGenshinImpact.GameTask.CharacterDevelopment.CharacterDevelopmentStateMachineTask
角色养成识别："角色等级" OCR 第 7/10 次解析失败，结果="等级80
0/80"

[00:07:52.485] [DBG] [Primary:S1:P11492:T1786550700071] BetterGenshinImpact.GameTask.CharacterDevelopment.CharacterDevelopmentStateMachineTask
角色养成识别："角色等级" OCR 第 8/10 次解析失败，结果="等级80
0/80"

[00:07:53.103] [DBG] [Primary:S1:P11492:T1786550700071] BetterGenshinImpact.GameTask.CharacterDevelopment.CharacterDevelopmentStateMachineTask
角色养成识别："角色等级" OCR 第 9/10 次解析失败，结果="等级80
0/80"

[00:07:53.537] [DBG] [Primary:S1:P11492:T1786550700071] BetterGenshinImpact.GameTask.CharacterDevelopment.CharacterDevelopmentStateMachineTask
角色养成识别："角色等级" OCR 第 10/10 次解析失败，结果="等级80
0/80"

[00:07:54.809] [ERR] [Primary:S1:P11492:T1786550700071] BetterGenshinImpact.Core.Script.Dependence.Log
[测试 4/8] “芭芭拉”读取失败：角色等级 OCR 在 10 次内未达到连续 3 次一致，最大连续次数=1，末次结果=等级80
0/80

[00:07:54.810] [INF] [Primary:S1:P11492:T1786550700071] BetterGenshinImpact.Core.Script.Dependence.Log
[测试 5/8] 准备读取“香菱”

[00:07:55.913] [DBG] [Primary:S1:P11492:T1786550700071] BetterGenshinImpact.Core.Recognition.ONNX.BgiOnnxFactory
[ONNX]创建推理会话，模型: "AvatarGridIcon"

[00:07:56.081] [INF] [Primary:S1:P11492:T1786550700071] BetterGenshinImpact.GameTask.CharacterDevelopment.CharacterDevelopmentStateMachineTask
角色养成识别：准备角色 "香菱"，元素筛选="火"，武器筛选="长柄武器"

[00:07:56.081] [INF] [Primary:S1:P11492:T1786550700071] BetterGenshinImpact.GameTask.CharacterDevelopment.CharacterDevelopmentStateMachineTask
========== 状态机启动，目标状态："Completed" ==========

[00:07:56.169] [DBG] [Primary:S1:P11492:T1786550700071] BetterGenshinImpact.GameTask.CharacterDevelopment.CharacterDevelopmentStateMachineTask
状态机迭代 0，当前状态：MainUi

[00:07:57.182] [DBG] [Primary:S1:P11492:T1786550700071] BetterGenshinImpact.GameTask.CharacterDevelopment.CharacterDevelopmentStateMachineTask
状态转换成功：OpenCharacterList

[00:07:57.420] [DBG] [Primary:S1:P11492:T1786550700071] BetterGenshinImpact.GameTask.CharacterDevelopment.CharacterDevelopmentStateMachineTask
状态机迭代 1，当前状态：OpenCharacterList

[00:07:57.947] [DBG] [Primary:S1:P11492:T1786550700071] BetterGenshinImpact.GameTask.CharacterDevelopment.CharacterDevelopmentStateMachineTask
状态转换成功：OpenFilterPanel

[00:07:58.190] [DBG] [Primary:S1:P11492:T1786550700071] BetterGenshinImpact.GameTask.CharacterDevelopment.CharacterDevelopmentStateMachineTask
状态机迭代 2，当前状态：OpenFilterPanel

[00:07:58.844] [DBG] [Primary:S1:P11492:T1786550700071] BetterGenshinImpact.GameTask.CharacterDevelopment.CharacterDevelopmentStateMachineTask
状态转换成功：FilterPanel

[00:07:59.170] [DBG] [Primary:S1:P11492:T1786550700071] BetterGenshinImpact.GameTask.CharacterDevelopment.CharacterDevelopmentStateMachineTask
状态机迭代 3，当前状态：FilterPanel

[00:07:59.394] [DBG] [Primary:S1:P11492:T1786550700071] BetterGenshinImpact.GameTask.CharacterDevelopment.CharacterDevelopmentStateMachineTask
状态转换成功：SelectElementFilter

[00:07:59.909] [DBG] [Primary:S1:P11492:T1786550700071] BetterGenshinImpact.GameTask.CharacterDevelopment.CharacterDevelopmentStateMachineTask
状态机迭代 4，当前状态：SelectElementFilter

[00:08:01.932] [DBG] [Primary:S1:P11492:T1786550700071] BetterGenshinImpact.GameTask.CharacterDevelopment.CharacterDevelopmentStateMachineTask
状态转换成功：SelectWeaponFilter

[00:08:02.261] [DBG] [Primary:S1:P11492:T1786550700071] BetterGenshinImpact.GameTask.CharacterDevelopment.CharacterDevelopmentStateMachineTask
状态机迭代 5，当前状态：SelectWeaponFilter

[00:08:03.456] [DBG] [Primary:S1:P11492:T1786550700071] BetterGenshinImpact.GameTask.CharacterDevelopment.CharacterDevelopmentStateMachineTask
状态转换成功：ConfirmFilterPanel

[00:08:03.702] [DBG] [Primary:S1:P11492:T1786550700071] BetterGenshinImpact.GameTask.CharacterDevelopment.CharacterDevelopmentStateMachineTask
状态机迭代 6，当前状态：ConfirmFilterPanel

[00:08:04.519] [DBG] [Primary:S1:P11492:T1786550700071] BetterGenshinImpact.GameTask.CharacterDevelopment.CharacterDevelopmentStateMachineTask
状态转换成功：FindAndClickAvatar

[00:08:04.765] [DBG] [Primary:S1:P11492:T1786550700071] BetterGenshinImpact.GameTask.CharacterDevelopment.CharacterDevelopmentStateMachineTask
状态机迭代 7，当前状态：FindAndClickAvatar

[00:08:04.822] [DBG] [Primary:S1:P11492:T1786550700071] BetterGenshinImpact.GameTask.CharacterDevelopment.CharacterDevelopmentStateMachineTask
角色养成识别：白色底栏连通域 6 个，生成 4 个合法卡片，边界丢弃 0 个（第 1/3 次）

[00:08:04.833] [DBG] [Primary:S1:P11492:T1786550700071] BetterGenshinImpact.GameTask.CharacterDevelopment.CharacterDevelopmentStateMachineTask
角色养成识别：识别头像 "胡桃"，元素="火"，score=0.981

[00:08:04.846] [DBG] [Primary:S1:P11492:T1786550700071] BetterGenshinImpact.GameTask.CharacterDevelopment.CharacterDevelopmentStateMachineTask
角色养成识别：识别头像 "香菱"，元素="火"，score=0.979

[00:08:05.572] [DBG] [Primary:S1:P11492:T1786550700071] BetterGenshinImpact.GameTask.CharacterDevelopment.CharacterDevelopmentStateMachineTask
状态转换成功：SelectedCharacter

[00:08:05.799] [DBG] [Primary:S1:P11492:T1786550700071] BetterGenshinImpact.GameTask.CharacterDevelopment.CharacterDevelopmentStateMachineTask
状态机迭代 8，当前状态：SelectedCharacter

[00:08:06.172] [DBG] [Primary:S1:P11492:T1786550700071] BetterGenshinImpact.GameTask.CharacterDevelopment.CharacterDevelopmentStateMachineTask
状态转换成功：SwitchCategory

[00:08:06.410] [DBG] [Primary:S1:P11492:T1786550700071] BetterGenshinImpact.GameTask.CharacterDevelopment.CharacterDevelopmentStateMachineTask
状态机迭代 9，当前状态：SwitchCategory

[00:08:07.757] [DBG] [Primary:S1:P11492:T1786550700071] BetterGenshinImpact.GameTask.CharacterDevelopment.CharacterDevelopmentStateMachineTask
状态转换成功：ReadCategory

[00:08:07.999] [DBG] [Primary:S1:P11492:T1786550700071] BetterGenshinImpact.GameTask.CharacterDevelopment.CharacterDevelopmentStateMachineTask
状态机迭代 10，当前状态：ReadCategory

[00:08:09.052] [DBG] [Primary:S1:P11492:T1786550700071] BetterGenshinImpact.GameTask.CharacterDevelopment.CharacterDevelopmentStateMachineTask
状态转换成功：SwitchCategory

[00:08:09.291] [DBG] [Primary:S1:P11492:T1786550700071] BetterGenshinImpact.GameTask.CharacterDevelopment.CharacterDevelopmentStateMachineTask
状态机迭代 11，当前状态：SwitchCategory

[00:08:09.313] [DBG] [Primary:S1:P11492:T1786550700071] BetterGenshinImpact.GameTask.CharacterDevelopment.CharacterDevelopmentStateMachineTask
状态转换成功：ReturnMainUi

[00:08:09.541] [DBG] [Primary:S1:P11492:T1786550700071] BetterGenshinImpact.GameTask.CharacterDevelopment.CharacterDevelopmentStateMachineTask
状态机迭代 12，当前状态：ReturnMainUi

[00:08:10.817] [DBG] [Primary:S1:P11492:T1786550700071] BetterGenshinImpact.GameTask.CharacterDevelopment.CharacterDevelopmentStateMachineTask
状态转换成功：Completed

[00:08:11.179] [INF] [Primary:S1:P11492:T1786550700071] BetterGenshinImpact.GameTask.CharacterDevelopment.CharacterDevelopmentStateMachineTask
========== 状态机完成，到达目标状态：Completed ==========

[00:08:11.218] [INF] [Primary:S1:P11492:T1786550700071] BetterGenshinImpact.Core.Script.Dependence.Log
[测试 5/8] “香菱”读取成功

[00:08:11.220] [INF] [Primary:S1:P11492:T1786550700071] BetterGenshinImpact.Core.Script.Dependence.Log
[结果] {"CharacterName":"香菱","ElementType":"火","Level":90,"LevelLimit":90,"WeaponName":null,"WeaponLevel":null,"WeaponLevelLimit":null,"AttackLevel":null,"AttackHasBonus":null,"SkillLevel":null,"SkillHasBonus":null,"BurstLevel":null,"BurstHasBonus":null}

[00:08:11.220] [INF] [Primary:S1:P11492:T1786550700071] BetterGenshinImpact.Core.Script.Dependence.Log
[测试 6/8] 准备读取“伊安珊”

[00:08:12.416] [DBG] [Primary:S1:P11492:T1786550700071] BetterGenshinImpact.Core.Recognition.ONNX.BgiOnnxFactory
[ONNX]创建推理会话，模型: "AvatarGridIcon"

[00:08:12.658] [INF] [Primary:S1:P11492:T1786550700071] BetterGenshinImpact.GameTask.CharacterDevelopment.CharacterDevelopmentStateMachineTask
角色养成识别：准备角色 "伊安珊"，元素筛选="雷"，武器筛选="长柄武器"

[00:08:12.659] [INF] [Primary:S1:P11492:T1786550700071] BetterGenshinImpact.GameTask.CharacterDevelopment.CharacterDevelopmentStateMachineTask
========== 状态机启动，目标状态："Completed" ==========

[00:08:12.755] [DBG] [Primary:S1:P11492:T1786550700071] BetterGenshinImpact.GameTask.CharacterDevelopment.CharacterDevelopmentStateMachineTask
状态机迭代 0，当前状态：MainUi

[00:08:13.715] [DBG] [Primary:S1:P11492:T1786550700071] BetterGenshinImpact.GameTask.CharacterDevelopment.CharacterDevelopmentStateMachineTask
状态转换成功：OpenCharacterList

[00:08:13.953] [DBG] [Primary:S1:P11492:T1786550700071] BetterGenshinImpact.GameTask.CharacterDevelopment.CharacterDevelopmentStateMachineTask
状态机迭代 1，当前状态：OpenCharacterList

[00:08:14.556] [DBG] [Primary:S1:P11492:T1786550700071] BetterGenshinImpact.GameTask.CharacterDevelopment.CharacterDevelopmentStateMachineTask
状态转换成功：OpenFilterPanel

[00:08:14.789] [DBG] [Primary:S1:P11492:T1786550700071] BetterGenshinImpact.GameTask.CharacterDevelopment.CharacterDevelopmentStateMachineTask
状态机迭代 2，当前状态：OpenFilterPanel

[00:08:15.403] [DBG] [Primary:S1:P11492:T1786550700071] BetterGenshinImpact.GameTask.CharacterDevelopment.CharacterDevelopmentStateMachineTask
状态转换成功：FilterPanel

[00:08:15.731] [DBG] [Primary:S1:P11492:T1786550700071] BetterGenshinImpact.GameTask.CharacterDevelopment.CharacterDevelopmentStateMachineTask
状态机迭代 3，当前状态：FilterPanel

[00:08:15.922] [DBG] [Primary:S1:P11492:T1786550700071] BetterGenshinImpact.GameTask.CharacterDevelopment.CharacterDevelopmentStateMachineTask
状态转换成功：SelectElementFilter

[00:08:16.409] [DBG] [Primary:S1:P11492:T1786550700071] BetterGenshinImpact.GameTask.CharacterDevelopment.CharacterDevelopmentStateMachineTask
状态机迭代 4，当前状态：SelectElementFilter

[00:08:18.301] [DBG] [Primary:S1:P11492:T1786550700071] BetterGenshinImpact.GameTask.CharacterDevelopment.CharacterDevelopmentStateMachineTask
状态转换成功：SelectWeaponFilter

[00:08:18.675] [DBG] [Primary:S1:P11492:T1786550700071] BetterGenshinImpact.GameTask.CharacterDevelopment.CharacterDevelopmentStateMachineTask
状态机迭代 5，当前状态：SelectWeaponFilter

[00:08:20.271] [DBG] [Primary:S1:P11492:T1786550700071] BetterGenshinImpact.GameTask.CharacterDevelopment.CharacterDevelopmentStateMachineTask
状态转换成功：ConfirmFilterPanel

[00:08:20.552] [DBG] [Primary:S1:P11492:T1786550700071] BetterGenshinImpact.GameTask.CharacterDevelopment.CharacterDevelopmentStateMachineTask
状态机迭代 6，当前状态：ConfirmFilterPanel

[00:08:21.479] [DBG] [Primary:S1:P11492:T1786550700071] BetterGenshinImpact.GameTask.CharacterDevelopment.CharacterDevelopmentStateMachineTask
状态转换成功：FindAndClickAvatar

[00:08:21.734] [DBG] [Primary:S1:P11492:T1786550700071] BetterGenshinImpact.GameTask.CharacterDevelopment.CharacterDevelopmentStateMachineTask
状态机迭代 7，当前状态：FindAndClickAvatar

[00:08:21.769] [DBG] [Primary:S1:P11492:T1786550700071] BetterGenshinImpact.GameTask.CharacterDevelopment.CharacterDevelopmentStateMachineTask
角色养成识别：白色底栏连通域 10 个，生成 4 个合法卡片，边界丢弃 0 个（第 1/3 次）

[00:08:21.821] [DBG] [Primary:S1:P11492:T1786550700071] BetterGenshinImpact.GameTask.CharacterDevelopment.CharacterDevelopmentStateMachineTask
角色养成识别：识别头像 "诺艾尔"，元素="岩"，score=0.764

[00:08:21.843] [DBG] [Primary:S1:P11492:T1786550700071] BetterGenshinImpact.GameTask.CharacterDevelopment.CharacterDevelopmentStateMachineTask
角色养成识别：识别头像 "伊涅芙"，元素="雷"，score=0.978

[00:08:21.897] [DBG] [Primary:S1:P11492:T1786550700071] BetterGenshinImpact.GameTask.CharacterDevelopment.CharacterDevelopmentStateMachineTask
角色养成识别：识别头像 "雷电将军"，元素="雷"，score=0.978

[00:08:21.917] [DBG] [Primary:S1:P11492:T1786550700071] BetterGenshinImpact.GameTask.CharacterDevelopment.CharacterDevelopmentStateMachineTask
角色养成识别：识别头像 "伊安珊"，元素="雷"，score=0.982

[00:08:22.466] [DBG] [Primary:S1:P11492:T1786550700071] BetterGenshinImpact.GameTask.CharacterDevelopment.CharacterDevelopmentStateMachineTask
状态转换成功：SelectedCharacter

[00:08:22.805] [DBG] [Primary:S1:P11492:T1786550700071] BetterGenshinImpact.GameTask.CharacterDevelopment.CharacterDevelopmentStateMachineTask
状态机迭代 8，当前状态：SelectedCharacter

[00:08:23.186] [DBG] [Primary:S1:P11492:T1786550700071] BetterGenshinImpact.GameTask.CharacterDevelopment.CharacterDevelopmentStateMachineTask
状态转换成功：SwitchCategory

[00:08:23.412] [DBG] [Primary:S1:P11492:T1786550700071] BetterGenshinImpact.GameTask.CharacterDevelopment.CharacterDevelopmentStateMachineTask
状态机迭代 9，当前状态：SwitchCategory

[00:08:25.039] [DBG] [Primary:S1:P11492:T1786550700071] BetterGenshinImpact.GameTask.CharacterDevelopment.CharacterDevelopmentStateMachineTask
状态转换成功：ReadCategory

[00:08:25.277] [DBG] [Primary:S1:P11492:T1786550700071] BetterGenshinImpact.GameTask.CharacterDevelopment.CharacterDevelopmentStateMachineTask
状态机迭代 10，当前状态：ReadCategory

[00:08:25.483] [DBG] [Primary:S1:P11492:T1786550700071] BetterGenshinImpact.GameTask.CharacterDevelopment.CharacterDevelopmentStateMachineTask
角色养成识别："角色等级" OCR 第 1/10 次解析失败，结果="0/80
等级80"

[00:08:26.338] [DBG] [Primary:S1:P11492:T1786550700071] BetterGenshinImpact.GameTask.CharacterDevelopment.CharacterDevelopmentStateMachineTask
角色养成识别："角色等级" OCR 第 3/10 次解析失败，结果="0/80
等级80"

[00:08:27.708] [DBG] [Primary:S1:P11492:T1786550700071] BetterGenshinImpact.GameTask.CharacterDevelopment.CharacterDevelopmentStateMachineTask
状态转换成功：SwitchCategory

[00:08:27.928] [DBG] [Primary:S1:P11492:T1786550700071] BetterGenshinImpact.GameTask.CharacterDevelopment.CharacterDevelopmentStateMachineTask
状态机迭代 11，当前状态：SwitchCategory

[00:08:27.964] [DBG] [Primary:S1:P11492:T1786550700071] BetterGenshinImpact.GameTask.CharacterDevelopment.CharacterDevelopmentStateMachineTask
状态转换成功：ReturnMainUi

[00:08:28.190] [DBG] [Primary:S1:P11492:T1786550700071] BetterGenshinImpact.GameTask.CharacterDevelopment.CharacterDevelopmentStateMachineTask
状态机迭代 12，当前状态：ReturnMainUi

[00:08:29.489] [DBG] [Primary:S1:P11492:T1786550700071] BetterGenshinImpact.GameTask.CharacterDevelopment.CharacterDevelopmentStateMachineTask
状态转换成功：Completed

[00:08:29.827] [INF] [Primary:S1:P11492:T1786550700071] BetterGenshinImpact.GameTask.CharacterDevelopment.CharacterDevelopmentStateMachineTask
========== 状态机完成，到达目标状态：Completed ==========

[00:08:29.838] [INF] [Primary:S1:P11492:T1786550700071] BetterGenshinImpact.Core.Script.Dependence.Log
[测试 6/8] “伊安珊”读取成功

[00:08:29.840] [INF] [Primary:S1:P11492:T1786550700071] BetterGenshinImpact.Core.Script.Dependence.Log
[结果] {"CharacterName":"伊安珊","ElementType":"雷","Level":80,"LevelLimit":80,"WeaponName":null,"WeaponLevel":null,"WeaponLevelLimit":null,"AttackLevel":null,"AttackHasBonus":null,"SkillLevel":null,"SkillHasBonus":null,"BurstLevel":null,"BurstHasBonus":null}

[00:08:29.840] [INF] [Primary:S1:P11492:T1786550700071] BetterGenshinImpact.Core.Script.Dependence.Log
[测试 7/8] 准备读取“布伦妮”

[00:08:30.967] [DBG] [Primary:S1:P11492:T1786550700071] BetterGenshinImpact.Core.Recognition.ONNX.BgiOnnxFactory
[ONNX]创建推理会话，模型: "AvatarGridIcon"

[00:08:31.266] [INF] [Primary:S1:P11492:T1786550700071] BetterGenshinImpact.GameTask.CharacterDevelopment.CharacterDevelopmentStateMachineTask
角色养成识别：准备角色 "布伦妮"，元素筛选="风"，武器筛选="法器"

[00:08:31.266] [INF] [Primary:S1:P11492:T1786550700071] BetterGenshinImpact.GameTask.CharacterDevelopment.CharacterDevelopmentStateMachineTask
========== 状态机启动，目标状态："Completed" ==========

[00:08:31.341] [DBG] [Primary:S1:P11492:T1786550700071] BetterGenshinImpact.GameTask.CharacterDevelopment.CharacterDevelopmentStateMachineTask
状态机迭代 0，当前状态：MainUi

[00:08:32.360] [DBG] [Primary:S1:P11492:T1786550700071] BetterGenshinImpact.GameTask.CharacterDevelopment.CharacterDevelopmentStateMachineTask
状态转换成功：OpenCharacterList

[00:08:32.585] [DBG] [Primary:S1:P11492:T1786550700071] BetterGenshinImpact.GameTask.CharacterDevelopment.CharacterDevelopmentStateMachineTask
状态机迭代 1，当前状态：OpenCharacterList

[00:08:33.117] [DBG] [Primary:S1:P11492:T1786550700071] BetterGenshinImpact.GameTask.CharacterDevelopment.CharacterDevelopmentStateMachineTask
状态转换成功：OpenFilterPanel

[00:08:33.352] [DBG] [Primary:S1:P11492:T1786550700071] BetterGenshinImpact.GameTask.CharacterDevelopment.CharacterDevelopmentStateMachineTask
状态机迭代 2，当前状态：OpenFilterPanel

[00:08:33.781] [DBG] [Primary:S1:P11492:T1786550700071] BetterGenshinImpact.GameTask.CharacterDevelopment.CharacterDevelopmentStateMachineTask
状态转换成功：FilterPanel

[00:08:34.110] [DBG] [Primary:S1:P11492:T1786550700071] BetterGenshinImpact.GameTask.CharacterDevelopment.CharacterDevelopmentStateMachineTask
状态机迭代 3，当前状态：FilterPanel

[00:08:34.309] [DBG] [Primary:S1:P11492:T1786550700071] BetterGenshinImpact.GameTask.CharacterDevelopment.CharacterDevelopmentStateMachineTask
状态转换成功：SelectElementFilter

[00:08:34.856] [DBG] [Primary:S1:P11492:T1786550700071] BetterGenshinImpact.GameTask.CharacterDevelopment.CharacterDevelopmentStateMachineTask
状态机迭代 4，当前状态：SelectElementFilter

[00:08:36.899] [DBG] [Primary:S1:P11492:T1786550700071] BetterGenshinImpact.GameTask.CharacterDevelopment.CharacterDevelopmentStateMachineTask
状态转换成功：SelectWeaponFilter

[00:08:37.232] [DBG] [Primary:S1:P11492:T1786550700071] BetterGenshinImpact.GameTask.CharacterDevelopment.CharacterDevelopmentStateMachineTask
状态机迭代 5，当前状态：SelectWeaponFilter

[00:08:38.499] [DBG] [Primary:S1:P11492:T1786550700071] BetterGenshinImpact.GameTask.CharacterDevelopment.CharacterDevelopmentStateMachineTask
状态转换成功：ConfirmFilterPanel

[00:08:38.734] [DBG] [Primary:S1:P11492:T1786550700071] BetterGenshinImpact.GameTask.CharacterDevelopment.CharacterDevelopmentStateMachineTask
状态机迭代 6，当前状态：ConfirmFilterPanel

[00:08:39.619] [DBG] [Primary:S1:P11492:T1786550700071] BetterGenshinImpact.GameTask.CharacterDevelopment.CharacterDevelopmentStateMachineTask
状态转换成功：FindAndClickAvatar

[00:08:39.985] [DBG] [Primary:S1:P11492:T1786550700071] BetterGenshinImpact.GameTask.CharacterDevelopment.CharacterDevelopmentStateMachineTask
状态机迭代 7，当前状态：FindAndClickAvatar

[00:08:40.022] [DBG] [Primary:S1:P11492:T1786550700071] BetterGenshinImpact.GameTask.CharacterDevelopment.CharacterDevelopmentStateMachineTask
角色养成识别：白色底栏连通域 16 个，生成 7 个合法卡片，边界丢弃 0 个（第 1/3 次）

[00:08:40.117] [DBG] [Primary:S1:P11492:T1786550700071] BetterGenshinImpact.GameTask.CharacterDevelopment.CharacterDevelopmentStateMachineTask
角色养成识别：识别头像 "梦见月瑞希"，元素="风"，score=0.988

[00:08:40.141] [DBG] [Primary:S1:P11492:T1786550700071] BetterGenshinImpact.GameTask.CharacterDevelopment.CharacterDevelopmentStateMachineTask
角色养成识别：识别头像 "闲云"，元素="风"，score=0.981

[00:08:40.198] [DBG] [Primary:S1:P11492:T1786550700071] BetterGenshinImpact.GameTask.CharacterDevelopment.CharacterDevelopmentStateMachineTask
角色养成识别：识别头像 "布伦妮"，元素="风"，score=0.981

[00:08:41.173] [DBG] [Primary:S1:P11492:T1786550700071] BetterGenshinImpact.GameTask.CharacterDevelopment.CharacterDevelopmentStateMachineTask
状态转换成功：SelectedCharacter

[00:08:41.437] [DBG] [Primary:S1:P11492:T1786550700071] BetterGenshinImpact.GameTask.CharacterDevelopment.CharacterDevelopmentStateMachineTask
状态机迭代 8，当前状态：SelectedCharacter

[00:08:41.825] [DBG] [Primary:S1:P11492:T1786550700071] BetterGenshinImpact.GameTask.CharacterDevelopment.CharacterDevelopmentStateMachineTask
状态转换成功：SwitchCategory

[00:08:42.118] [DBG] [Primary:S1:P11492:T1786550700071] BetterGenshinImpact.GameTask.CharacterDevelopment.CharacterDevelopmentStateMachineTask
状态机迭代 9，当前状态：SwitchCategory

[00:08:43.654] [DBG] [Primary:S1:P11492:T1786550700071] BetterGenshinImpact.GameTask.CharacterDevelopment.CharacterDevelopmentStateMachineTask
状态转换成功：ReadCategory

[00:08:43.877] [DBG] [Primary:S1:P11492:T1786550700071] BetterGenshinImpact.GameTask.CharacterDevelopment.CharacterDevelopmentStateMachineTask
状态机迭代 10，当前状态：ReadCategory

[00:08:44.100] [DBG] [Primary:S1:P11492:T1786550700071] BetterGenshinImpact.GameTask.CharacterDevelopment.CharacterDevelopmentStateMachineTask
角色养成识别："角色等级" OCR 第 1/10 次解析失败，结果="等级80
0/80"

[00:08:44.538] [DBG] [Primary:S1:P11492:T1786550700071] BetterGenshinImpact.GameTask.CharacterDevelopment.CharacterDevelopmentStateMachineTask
角色养成识别："角色等级" OCR 第 2/10 次解析失败，结果="等级80
0/80"

[00:08:44.972] [DBG] [Primary:S1:P11492:T1786550700071] BetterGenshinImpact.GameTask.CharacterDevelopment.CharacterDevelopmentStateMachineTask
角色养成识别："角色等级" OCR 第 3/10 次解析失败，结果="0/80
等级80"

[00:08:45.355] [DBG] [Primary:S1:P11492:T1786550700071] BetterGenshinImpact.GameTask.CharacterDevelopment.CharacterDevelopmentStateMachineTask
角色养成识别："角色等级" OCR 第 4/10 次解析失败，结果="等级80
0/80"

[00:08:45.782] [DBG] [Primary:S1:P11492:T1786550700071] BetterGenshinImpact.GameTask.CharacterDevelopment.CharacterDevelopmentStateMachineTask
角色养成识别："角色等级" OCR 第 5/10 次解析失败，结果="等级80
0/80"

[00:08:46.526] [DBG] [Primary:S1:P11492:T1786550700071] BetterGenshinImpact.GameTask.CharacterDevelopment.CharacterDevelopmentStateMachineTask
角色养成识别："角色等级" OCR 第 7/10 次解析失败，结果="0/80
等级80"

[00:08:46.972] [DBG] [Primary:S1:P11492:T1786550700071] BetterGenshinImpact.GameTask.CharacterDevelopment.CharacterDevelopmentStateMachineTask
角色养成识别："角色等级" OCR 第 8/10 次解析失败，结果="等级80
0/80"

[00:08:47.370] [DBG] [Primary:S1:P11492:T1786550700071] BetterGenshinImpact.GameTask.CharacterDevelopment.CharacterDevelopmentStateMachineTask
角色养成识别："角色等级" OCR 第 9/10 次解析失败，结果="等级80
0/80"

[00:08:47.790] [DBG] [Primary:S1:P11492:T1786550700071] BetterGenshinImpact.GameTask.CharacterDevelopment.CharacterDevelopmentStateMachineTask
角色养成识别："角色等级" OCR 第 10/10 次解析失败，结果="等级80
0/80"

[00:08:48.980] [ERR] [Primary:S1:P11492:T1786550700071] BetterGenshinImpact.Core.Script.Dependence.Log
[测试 7/8] “布伦妮”读取失败：角色等级 OCR 在 10 次内未达到连续 3 次一致，最大连续次数=1，末次结果=等级80
0/80

[00:08:48.981] [INF] [Primary:S1:P11492:T1786550700071] BetterGenshinImpact.Core.Script.Dependence.Log
[测试 8/8] 准备读取“坎蒂丝”

[00:08:50.102] [DBG] [Primary:S1:P11492:T1786550700071] BetterGenshinImpact.Core.Recognition.ONNX.BgiOnnxFactory
[ONNX]创建推理会话，模型: "AvatarGridIcon"

[00:08:50.401] [INF] [Primary:S1:P11492:T1786550700071] BetterGenshinImpact.GameTask.CharacterDevelopment.CharacterDevelopmentStateMachineTask
角色养成识别：准备角色 "坎蒂丝"，元素筛选="水"，武器筛选="长柄武器"

[00:08:50.401] [INF] [Primary:S1:P11492:T1786550700071] BetterGenshinImpact.GameTask.CharacterDevelopment.CharacterDevelopmentStateMachineTask
========== 状态机启动，目标状态："Completed" ==========

[00:08:50.588] [DBG] [Primary:S1:P11492:T1786550700071] BetterGenshinImpact.GameTask.CharacterDevelopment.CharacterDevelopmentStateMachineTask
状态机迭代 0，当前状态：MainUi

[00:08:51.530] [DBG] [Primary:S1:P11492:T1786550700071] BetterGenshinImpact.GameTask.CharacterDevelopment.CharacterDevelopmentStateMachineTask
状态转换成功：OpenCharacterList

[00:08:51.776] [DBG] [Primary:S1:P11492:T1786550700071] BetterGenshinImpact.GameTask.CharacterDevelopment.CharacterDevelopmentStateMachineTask
状态机迭代 1，当前状态：OpenCharacterList

[00:08:52.307] [DBG] [Primary:S1:P11492:T1786550700071] BetterGenshinImpact.GameTask.CharacterDevelopment.CharacterDevelopmentStateMachineTask
状态转换成功：OpenFilterPanel

[00:08:52.552] [DBG] [Primary:S1:P11492:T1786550700071] BetterGenshinImpact.GameTask.CharacterDevelopment.CharacterDevelopmentStateMachineTask
状态机迭代 2，当前状态：OpenFilterPanel

[00:08:52.978] [DBG] [Primary:S1:P11492:T1786550700071] BetterGenshinImpact.GameTask.CharacterDevelopment.CharacterDevelopmentStateMachineTask
状态转换成功：FilterPanel

[00:08:53.276] [DBG] [Primary:S1:P11492:T1786550700071] BetterGenshinImpact.GameTask.CharacterDevelopment.CharacterDevelopmentStateMachineTask
状态机迭代 3，当前状态：FilterPanel

[00:08:53.395] [DBG] [Primary:S1:P11492:T1786550700071] BetterGenshinImpact.GameTask.CharacterDevelopment.CharacterDevelopmentStateMachineTask
状态转换成功：SelectElementFilter

[00:08:53.913] [DBG] [Primary:S1:P11492:T1786550700071] BetterGenshinImpact.GameTask.CharacterDevelopment.CharacterDevelopmentStateMachineTask
状态机迭代 4，当前状态：SelectElementFilter

[00:08:55.960] [DBG] [Primary:S1:P11492:T1786550700071] BetterGenshinImpact.GameTask.CharacterDevelopment.CharacterDevelopmentStateMachineTask
状态转换成功：SelectWeaponFilter

[00:08:56.298] [DBG] [Primary:S1:P11492:T1786550700071] BetterGenshinImpact.GameTask.CharacterDevelopment.CharacterDevelopmentStateMachineTask
状态机迭代 5，当前状态：SelectWeaponFilter

[00:08:57.646] [DBG] [Primary:S1:P11492:T1786550700071] BetterGenshinImpact.GameTask.CharacterDevelopment.CharacterDevelopmentStateMachineTask
状态转换成功：ConfirmFilterPanel

[00:08:57.880] [DBG] [Primary:S1:P11492:T1786550700071] BetterGenshinImpact.GameTask.CharacterDevelopment.CharacterDevelopmentStateMachineTask
状态机迭代 6，当前状态：ConfirmFilterPanel

[00:08:58.701] [DBG] [Primary:S1:P11492:T1786550700071] BetterGenshinImpact.GameTask.CharacterDevelopment.CharacterDevelopmentStateMachineTask
状态转换成功：FindAndClickAvatar

[00:08:58.934] [DBG] [Primary:S1:P11492:T1786550700071] BetterGenshinImpact.GameTask.CharacterDevelopment.CharacterDevelopmentStateMachineTask
状态机迭代 7，当前状态：FindAndClickAvatar

[00:08:58.957] [DBG] [Primary:S1:P11492:T1786550700071] BetterGenshinImpact.GameTask.CharacterDevelopment.CharacterDevelopmentStateMachineTask
角色养成识别：白色底栏连通域 2 个，生成 1 个合法卡片，边界丢弃 0 个（第 1/3 次）

[00:08:59.103] [DBG] [Primary:S1:P11492:T1786550700071] BetterGenshinImpact.GameTask.CharacterDevelopment.CharacterDevelopmentStateMachineTask
角色养成识别：识别头像 "坎蒂丝"，元素="水"，score=0.982

[00:08:59.642] [DBG] [Primary:S1:P11492:T1786550700071] BetterGenshinImpact.GameTask.CharacterDevelopment.CharacterDevelopmentStateMachineTask
状态转换成功：SelectedCharacter

[00:08:59.945] [DBG] [Primary:S1:P11492:T1786550700071] BetterGenshinImpact.GameTask.CharacterDevelopment.CharacterDevelopmentStateMachineTask
状态机迭代 8，当前状态：SelectedCharacter

[00:09:00.316] [DBG] [Primary:S1:P11492:T1786550700071] BetterGenshinImpact.GameTask.CharacterDevelopment.CharacterDevelopmentStateMachineTask
状态转换成功：SwitchCategory

[00:09:00.542] [DBG] [Primary:S1:P11492:T1786550700071] BetterGenshinImpact.GameTask.CharacterDevelopment.CharacterDevelopmentStateMachineTask
状态机迭代 9，当前状态：SwitchCategory

[00:09:02.298] [DBG] [Primary:S1:P11492:T1786550700071] BetterGenshinImpact.GameTask.CharacterDevelopment.CharacterDevelopmentStateMachineTask
状态转换成功：ReadCategory

[00:09:02.532] [DBG] [Primary:S1:P11492:T1786550700071] BetterGenshinImpact.GameTask.CharacterDevelopment.CharacterDevelopmentStateMachineTask
状态机迭代 10，当前状态：ReadCategory

[00:09:02.735] [DBG] [Primary:S1:P11492:T1786550700071] BetterGenshinImpact.GameTask.CharacterDevelopment.CharacterDevelopmentStateMachineTask
角色养成识别："角色等级" OCR 第 1/10 次解析失败，结果="等级80
0/80"

[00:09:03.940] [DBG] [Primary:S1:P11492:T1786550700071] BetterGenshinImpact.GameTask.CharacterDevelopment.CharacterDevelopmentStateMachineTask
角色养成识别："角色等级" OCR 第 4/10 次解析失败，结果="等级80
0/80"

[00:09:04.407] [DBG] [Primary:S1:P11492:T1786550700071] BetterGenshinImpact.GameTask.CharacterDevelopment.CharacterDevelopmentStateMachineTask
角色养成识别："角色等级" OCR 第 5/10 次解析失败，结果="等级80
0/80"

[00:09:04.858] [DBG] [Primary:S1:P11492:T1786550700071] BetterGenshinImpact.GameTask.CharacterDevelopment.CharacterDevelopmentStateMachineTask
角色养成识别："角色等级" OCR 第 6/10 次解析失败，结果="等级80
0/80"

[00:09:05.287] [DBG] [Primary:S1:P11492:T1786550700071] BetterGenshinImpact.GameTask.CharacterDevelopment.CharacterDevelopmentStateMachineTask
角色养成识别："角色等级" OCR 第 7/10 次解析失败，结果="等级80
0/.80"

[00:09:05.789] [DBG] [Primary:S1:P11492:T1786550700071] BetterGenshinImpact.GameTask.CharacterDevelopment.CharacterDevelopmentStateMachineTask
角色养成识别："角色等级" OCR 第 8/10 次解析失败，结果="等级80
0/80"

[00:09:06.260] [DBG] [Primary:S1:P11492:T1786550700071] BetterGenshinImpact.GameTask.CharacterDevelopment.CharacterDevelopmentStateMachineTask
角色养成识别："角色等级" OCR 第 9/10 次解析失败，结果="等级80
0/80"

[00:09:06.664] [DBG] [Primary:S1:P11492:T1786550700071] BetterGenshinImpact.GameTask.CharacterDevelopment.CharacterDevelopmentStateMachineTask
角色养成识别："角色等级" OCR 第 10/10 次解析失败，结果="等级80
0/80"

[00:09:07.959] [ERR] [Primary:S1:P11492:T1786550700071] BetterGenshinImpact.Core.Script.Dependence.Log
[测试 8/8] “坎蒂丝”读取失败：角色等级 OCR 在 10 次内未达到连续 3 次一致，最大连续次数=2，末次结果=等级80
0/80

[00:09:08.029] [INF] [Primary:S1:P11492:T1786550700071] BetterGenshinImpact.Core.Script.Dependence.Log
========== 测试汇总 ==========

[00:09:08.032] [INF] [Primary:S1:P11492:T1786550700071] BetterGenshinImpact.Core.Script.Dependence.Log
[汇总] 凯亚：失败｜角色等级 OCR 在 10 次内未达到连续 3 次一致，最大连续次数=1，末次结果=0/80
等级80

[00:09:08.032] [INF] [Primary:S1:P11492:T1786550700071] BetterGenshinImpact.Core.Script.Dependence.Log
[汇总] 丽莎：成功

[00:09:08.032] [INF] [Primary:S1:P11492:T1786550700071] BetterGenshinImpact.Core.Script.Dependence.Log
[汇总] 诺艾尔：成功

[00:09:08.032] [INF] [Primary:S1:P11492:T1786550700071] BetterGenshinImpact.Core.Script.Dependence.Log
[汇总] 芭芭拉：失败｜角色等级 OCR 在 10 次内未达到连续 3 次一致，最大连续次数=1，末次结果=等级80
0/80

[00:09:08.032] [INF] [Primary:S1:P11492:T1786550700071] BetterGenshinImpact.Core.Script.Dependence.Log
[汇总] 香菱：成功

[00:09:08.033] [INF] [Primary:S1:P11492:T1786550700071] BetterGenshinImpact.Core.Script.Dependence.Log
[汇总] 伊安珊：成功

[00:09:08.033] [INF] [Primary:S1:P11492:T1786550700071] BetterGenshinImpact.Core.Script.Dependence.Log
[汇总] 布伦妮：失败｜角色等级 OCR 在 10 次内未达到连续 3 次一致，最大连续次数=1，末次结果=等级80
0/80

[00:09:08.033] [INF] [Primary:S1:P11492:T1786550700071] BetterGenshinImpact.Core.Script.Dependence.Log
[汇总] 坎蒂丝：失败｜角色等级 OCR 在 10 次内未达到连续 3 次一致，最大连续次数=2，末次结果=等级80
0/80

[00:09:08.033] [INF] [Primary:S1:P11492:T1786550700071] BetterGenshinImpact.Core.Script.Dependence.Log
========== 角色养成接口复现测试结束 ==========

[00:09:08.053] [INF] [Primary:S1:P11492:T1786550700071] BetterGenshinImpact.Service.ScriptService
→ 脚本执行结束: "角色养成接口复现测试", 耗时: 2分27.151秒

[00:09:08.054] [INF] [Primary:S1:P11492:T1786550700071] BetterGenshinImpact.Service.ScriptService
------------------------------

[00:09:09.094] [INF] [Primary:S1:P11492:T1786550700071] BetterGenshinImpact.GameTask.TaskRunner
→ "任务结束"

[00:09:09.107] [INF] [Primary:S1:P11492:T1786550700071] BetterGenshinImpact.Service.ScriptService
配置组 "角色等级bug测试" 执行结束

[00:10:53.550] [INF] [Primary:S1:P11492:T1786550700071] BetterGenshinImpact.Service.ScriptService
配置组 "武器bug测试" 加载完成，共1个脚本，开始执行

[00:10:53.550] [INF] [Primary:S1:P11492:T1786550700071] BetterGenshinImpact.GameTask.TaskRunner
→ "任务启动！"

[00:10:54.496] [INF] [Primary:S1:P11492:T1786550700071] BetterGenshinImpact.Service.ScriptService
------------------------------

[00:10:54.496] [INF] [Primary:S1:P11492:T1786550700071] BetterGenshinImpact.Service.ScriptService
→ 开始执行JS脚本: "角色武器筛选复现测试"

[00:10:54.555] [INF] [Primary:S1:P11492:T1786550700071] BetterGenshinImpact.Core.Script.Dependence.Log
========== 角色武器筛选复现测试开始 ==========

[00:10:54.555] [INF] [Primary:S1:P11492:T1786550700071] BetterGenshinImpact.Core.Script.Dependence.Log
[说明] 五种武器类型各测试两名角色；最终读取失败不等于筛选失败，请结合状态机日志判断

[00:10:54.556] [INF] [Primary:S1:P11492:T1786550700071] BetterGenshinImpact.Core.Script.Dependence.Log
[说明] 不读取佩戴武器、不读取背包、不刷取材料、不消耗树脂

[00:10:54.556] [INF] [Primary:S1:P11492:T1786550700071] BetterGenshinImpact.Core.Script.Dependence.Log
[测试 1/10] 准备读取“七七”，预期筛选：冰元素＋单手剑

[00:10:55.735] [DBG] [Primary:S1:P11492:T1786550700071] BetterGenshinImpact.Core.Recognition.ONNX.BgiOnnxFactory
[ONNX]创建推理会话，模型: "AvatarGridIcon"

[00:10:56.030] [INF] [Primary:S1:P11492:T1786550700071] BetterGenshinImpact.GameTask.CharacterDevelopment.CharacterDevelopmentStateMachineTask
角色养成识别：准备角色 "七七"，元素筛选="冰"，武器筛选="单手剑"

[00:10:56.031] [INF] [Primary:S1:P11492:T1786550700071] BetterGenshinImpact.GameTask.CharacterDevelopment.CharacterDevelopmentStateMachineTask
========== 状态机启动，目标状态："Completed" ==========

[00:10:56.144] [DBG] [Primary:S1:P11492:T1786550700071] BetterGenshinImpact.GameTask.CharacterDevelopment.CharacterDevelopmentStateMachineTask
状态机迭代 0，当前状态：MainUi

[00:10:57.125] [DBG] [Primary:S1:P11492:T1786550700071] BetterGenshinImpact.GameTask.CharacterDevelopment.CharacterDevelopmentStateMachineTask
状态转换成功：OpenCharacterList

[00:10:57.376] [DBG] [Primary:S1:P11492:T1786550700071] BetterGenshinImpact.GameTask.CharacterDevelopment.CharacterDevelopmentStateMachineTask
状态机迭代 1，当前状态：OpenCharacterList

[00:10:57.891] [DBG] [Primary:S1:P11492:T1786550700071] BetterGenshinImpact.GameTask.CharacterDevelopment.CharacterDevelopmentStateMachineTask
状态转换成功：OpenFilterPanel

[00:10:58.134] [DBG] [Primary:S1:P11492:T1786550700071] BetterGenshinImpact.GameTask.CharacterDevelopment.CharacterDevelopmentStateMachineTask
状态机迭代 2，当前状态：OpenFilterPanel

[00:10:58.871] [DBG] [Primary:S1:P11492:T1786550700071] BetterGenshinImpact.GameTask.CharacterDevelopment.CharacterDevelopmentStateMachineTask
状态转换成功：FilterPanel

[00:10:59.201] [DBG] [Primary:S1:P11492:T1786550700071] BetterGenshinImpact.GameTask.CharacterDevelopment.CharacterDevelopmentStateMachineTask
状态机迭代 3，当前状态：FilterPanel

[00:10:59.373] [DBG] [Primary:S1:P11492:T1786550700071] BetterGenshinImpact.GameTask.CharacterDevelopment.CharacterDevelopmentStateMachineTask
状态转换成功：SelectElementFilter

[00:10:59.872] [DBG] [Primary:S1:P11492:T1786550700071] BetterGenshinImpact.GameTask.CharacterDevelopment.CharacterDevelopmentStateMachineTask
状态机迭代 4，当前状态：SelectElementFilter

[00:11:01.947] [DBG] [Primary:S1:P11492:T1786550700071] BetterGenshinImpact.GameTask.CharacterDevelopment.CharacterDevelopmentStateMachineTask
状态转换成功：SelectWeaponFilter

[00:11:02.308] [DBG] [Primary:S1:P11492:T1786550700071] BetterGenshinImpact.GameTask.CharacterDevelopment.CharacterDevelopmentStateMachineTask
状态机迭代 5，当前状态：SelectWeaponFilter

[00:11:03.526] [DBG] [Primary:S1:P11492:T1786550700071] BetterGenshinImpact.GameTask.CharacterDevelopment.CharacterDevelopmentStateMachineTask
状态转换成功：ConfirmFilterPanel

[00:11:03.782] [DBG] [Primary:S1:P11492:T1786550700071] BetterGenshinImpact.GameTask.CharacterDevelopment.CharacterDevelopmentStateMachineTask
状态机迭代 6，当前状态：ConfirmFilterPanel

[00:11:04.657] [DBG] [Primary:S1:P11492:T1786550700071] BetterGenshinImpact.GameTask.CharacterDevelopment.CharacterDevelopmentStateMachineTask
状态转换成功：FindAndClickAvatar

[00:11:04.873] [DBG] [Primary:S1:P11492:T1786550700071] BetterGenshinImpact.GameTask.CharacterDevelopment.CharacterDevelopmentStateMachineTask
状态机迭代 7，当前状态：FindAndClickAvatar

[00:11:04.894] [DBG] [Primary:S1:P11492:T1786550700071] BetterGenshinImpact.GameTask.CharacterDevelopment.CharacterDevelopmentStateMachineTask
角色养成识别：白色底栏连通域 15 个，生成 5 个合法卡片，边界丢弃 0 个（第 1/3 次）

[00:11:04.904] [DBG] [Primary:S1:P11492:T1786550700071] BetterGenshinImpact.GameTask.CharacterDevelopment.CharacterDevelopmentStateMachineTask
角色养成识别：识别头像 "丝柯克"，元素="冰"，score=0.984

[00:11:04.910] [DBG] [Primary:S1:P11492:T1786550700071] BetterGenshinImpact.GameTask.CharacterDevelopment.CharacterDevelopmentStateMachineTask
角色养成识别：识别头像 "神里绫华"，元素="冰"，score=0.982

[00:11:05.008] [DBG] [Primary:S1:P11492:T1786550700071] BetterGenshinImpact.GameTask.CharacterDevelopment.CharacterDevelopmentStateMachineTask
角色养成识别：识别头像 "七七"，元素="冰"，score=0.987

[00:11:17.856] [DBG] [Primary:S1:P11492:T1786550700071] BetterGenshinImpact.GameTask.CharacterDevelopment.CharacterDevelopmentStateMachineTask
状态转换成功：SelectedCharacter

[00:11:18.084] [DBG] [Primary:S1:P11492:T1786550700071] BetterGenshinImpact.GameTask.CharacterDevelopment.CharacterDevelopmentStateMachineTask
状态机迭代 8，当前状态：SelectedCharacter

[00:11:18.461] [DBG] [Primary:S1:P11492:T1786550700071] BetterGenshinImpact.GameTask.CharacterDevelopment.CharacterDevelopmentStateMachineTask
状态转换成功：SwitchCategory

[00:11:18.699] [DBG] [Primary:S1:P11492:T1786550700071] BetterGenshinImpact.GameTask.CharacterDevelopment.CharacterDevelopmentStateMachineTask
状态机迭代 9，当前状态：SwitchCategory

[00:11:19.692] [DBG] [Primary:S1:P11492:T1786550700071] BetterGenshinImpact.GameTask.CharacterDevelopment.CharacterDevelopmentStateMachineTask
状态转换成功：ReadCategory

[00:11:19.930] [DBG] [Primary:S1:P11492:T1786550700071] BetterGenshinImpact.GameTask.CharacterDevelopment.CharacterDevelopmentStateMachineTask
状态机迭代 10，当前状态：ReadCategory

[00:11:20.163] [DBG] [Primary:S1:P11492:T1786550700071] BetterGenshinImpact.GameTask.CharacterDevelopment.CharacterDevelopmentStateMachineTask
角色养成识别："角色等级" OCR 第 1/10 次解析失败，结果="等级80
0/80"

[00:11:20.530] [DBG] [Primary:S1:P11492:T1786550700071] BetterGenshinImpact.GameTask.CharacterDevelopment.CharacterDevelopmentStateMachineTask
角色养成识别："角色等级" OCR 第 2/10 次解析失败，结果="等级80
0/80"

[00:11:20.895] [DBG] [Primary:S1:P11492:T1786550700071] BetterGenshinImpact.GameTask.CharacterDevelopment.CharacterDevelopmentStateMachineTask
角色养成识别："角色等级" OCR 第 3/10 次解析失败，结果="等级80
0/80"

[00:11:21.347] [DBG] [Primary:S1:P11492:T1786550700071] BetterGenshinImpact.GameTask.CharacterDevelopment.CharacterDevelopmentStateMachineTask
角色养成识别："角色等级" OCR 第 4/10 次解析失败，结果="等级80
0/80"

[00:11:21.739] [DBG] [Primary:S1:P11492:T1786550700071] BetterGenshinImpact.GameTask.CharacterDevelopment.CharacterDevelopmentStateMachineTask
角色养成识别："角色等级" OCR 第 5/10 次解析失败，结果="等级80
0/80"

[00:11:22.155] [DBG] [Primary:S1:P11492:T1786550700071] BetterGenshinImpact.GameTask.CharacterDevelopment.CharacterDevelopmentStateMachineTask
角色养成识别："角色等级" OCR 第 6/10 次解析失败，结果="等级80
0/80"

[00:11:22.531] [DBG] [Primary:S1:P11492:T1786550700071] BetterGenshinImpact.GameTask.CharacterDevelopment.CharacterDevelopmentStateMachineTask
角色养成识别："角色等级" OCR 第 7/10 次解析失败，结果="等级80
0/80"

[00:11:22.899] [DBG] [Primary:S1:P11492:T1786550700071] BetterGenshinImpact.GameTask.CharacterDevelopment.CharacterDevelopmentStateMachineTask
角色养成识别："角色等级" OCR 第 8/10 次解析失败，结果="等级80
0/80"

[00:11:23.677] [DBG] [Primary:S1:P11492:T1786550700071] BetterGenshinImpact.GameTask.CharacterDevelopment.CharacterDevelopmentStateMachineTask
角色养成识别："角色等级" OCR 第 10/10 次解析失败，结果="等级80
0/80"

[00:11:24.899] [ERR] [Primary:S1:P11492:T1786550700071] BetterGenshinImpact.Core.Script.Dependence.Log
[测试 1/10] “七七”读取失败：角色等级 OCR 在 10 次内未达到连续 3 次一致，最大连续次数=1，末次结果=等级80
0/80

[00:11:24.899] [INF] [Primary:S1:P11492:T1786550700071] BetterGenshinImpact.Core.Script.Dependence.Log
[测试 2/10] 准备读取“凯亚”，预期筛选：冰元素＋单手剑

[00:11:26.009] [DBG] [Primary:S1:P11492:T1786550700071] BetterGenshinImpact.Core.Recognition.ONNX.BgiOnnxFactory
[ONNX]创建推理会话，模型: "AvatarGridIcon"

[00:11:26.264] [INF] [Primary:S1:P11492:T1786550700071] BetterGenshinImpact.GameTask.CharacterDevelopment.CharacterDevelopmentStateMachineTask
角色养成识别：准备角色 "凯亚"，元素筛选="冰"，武器筛选="单手剑"

[00:11:26.264] [INF] [Primary:S1:P11492:T1786550700071] BetterGenshinImpact.GameTask.CharacterDevelopment.CharacterDevelopmentStateMachineTask
========== 状态机启动，目标状态："Completed" ==========

[00:11:26.355] [DBG] [Primary:S1:P11492:T1786550700071] BetterGenshinImpact.GameTask.CharacterDevelopment.CharacterDevelopmentStateMachineTask
状态机迭代 0，当前状态：MainUi

[00:11:27.241] [DBG] [Primary:S1:P11492:T1786550700071] BetterGenshinImpact.GameTask.CharacterDevelopment.CharacterDevelopmentStateMachineTask
状态转换成功：OpenCharacterList

[00:11:27.474] [DBG] [Primary:S1:P11492:T1786550700071] BetterGenshinImpact.GameTask.CharacterDevelopment.CharacterDevelopmentStateMachineTask
状态机迭代 1，当前状态：OpenCharacterList

[00:11:28.009] [DBG] [Primary:S1:P11492:T1786550700071] BetterGenshinImpact.GameTask.CharacterDevelopment.CharacterDevelopmentStateMachineTask
状态转换成功：OpenFilterPanel

[00:11:28.232] [DBG] [Primary:S1:P11492:T1786550700071] BetterGenshinImpact.GameTask.CharacterDevelopment.CharacterDevelopmentStateMachineTask
状态机迭代 2，当前状态：OpenFilterPanel

[00:11:28.939] [DBG] [Primary:S1:P11492:T1786550700071] BetterGenshinImpact.GameTask.CharacterDevelopment.CharacterDevelopmentStateMachineTask
状态转换成功：FilterPanel

[00:11:29.348] [DBG] [Primary:S1:P11492:T1786550700071] BetterGenshinImpact.GameTask.CharacterDevelopment.CharacterDevelopmentStateMachineTask
状态机迭代 3，当前状态：FilterPanel

[00:11:29.549] [DBG] [Primary:S1:P11492:T1786550700071] BetterGenshinImpact.GameTask.CharacterDevelopment.CharacterDevelopmentStateMachineTask
状态转换成功：SelectElementFilter

[00:11:29.963] [DBG] [Primary:S1:P11492:T1786550700071] BetterGenshinImpact.GameTask.CharacterDevelopment.CharacterDevelopmentStateMachineTask
状态机迭代 4，当前状态：SelectElementFilter

[00:11:31.858] [DBG] [Primary:S1:P11492:T1786550700071] BetterGenshinImpact.GameTask.CharacterDevelopment.CharacterDevelopmentStateMachineTask
状态转换成功：SelectWeaponFilter

[00:11:32.145] [DBG] [Primary:S1:P11492:T1786550700071] BetterGenshinImpact.GameTask.CharacterDevelopment.CharacterDevelopmentStateMachineTask
状态机迭代 5，当前状态：SelectWeaponFilter

[00:11:33.557] [DBG] [Primary:S1:P11492:T1786550700071] BetterGenshinImpact.GameTask.CharacterDevelopment.CharacterDevelopmentStateMachineTask
状态转换成功：ConfirmFilterPanel

[00:11:33.815] [DBG] [Primary:S1:P11492:T1786550700071] BetterGenshinImpact.GameTask.CharacterDevelopment.CharacterDevelopmentStateMachineTask
状态机迭代 6，当前状态：ConfirmFilterPanel

[00:11:34.562] [DBG] [Primary:S1:P11492:T1786550700071] BetterGenshinImpact.GameTask.CharacterDevelopment.CharacterDevelopmentStateMachineTask
状态转换成功：FindAndClickAvatar

[00:11:34.797] [DBG] [Primary:S1:P11492:T1786550700071] BetterGenshinImpact.GameTask.CharacterDevelopment.CharacterDevelopmentStateMachineTask
状态机迭代 7，当前状态：FindAndClickAvatar

[00:11:34.826] [DBG] [Primary:S1:P11492:T1786550700071] BetterGenshinImpact.GameTask.CharacterDevelopment.CharacterDevelopmentStateMachineTask
角色养成识别：白色底栏连通域 15 个，生成 5 个合法卡片，边界丢弃 0 个（第 1/3 次）

[00:11:34.837] [DBG] [Primary:S1:P11492:T1786550700071] BetterGenshinImpact.GameTask.CharacterDevelopment.CharacterDevelopmentStateMachineTask
角色养成识别：识别头像 "丝柯克"，元素="冰"，score=0.984

[00:11:34.959] [DBG] [Primary:S1:P11492:T1786550700071] BetterGenshinImpact.GameTask.CharacterDevelopment.CharacterDevelopmentStateMachineTask
角色养成识别：识别头像 "神里绫华"，元素="冰"，score=0.983

[00:11:34.971] [DBG] [Primary:S1:P11492:T1786550700071] BetterGenshinImpact.GameTask.CharacterDevelopment.CharacterDevelopmentStateMachineTask
角色养成识别：识别头像 "七七"，元素="冰"，score=0.987

[00:11:34.984] [DBG] [Primary:S1:P11492:T1786550700071] BetterGenshinImpact.GameTask.CharacterDevelopment.CharacterDevelopmentStateMachineTask
角色养成识别：识别头像 "莱依拉"，元素="冰"，score=0.980

[00:11:35.002] [DBG] [Primary:S1:P11492:T1786550700071] BetterGenshinImpact.GameTask.CharacterDevelopment.CharacterDevelopmentStateMachineTask
角色养成识别：识别头像 "凯亚"，元素="冰"，score=0.968

[00:11:35.513] [DBG] [Primary:S1:P11492:T1786550700071] BetterGenshinImpact.GameTask.CharacterDevelopment.CharacterDevelopmentStateMachineTask
状态转换成功：SelectedCharacter

[00:11:35.754] [DBG] [Primary:S1:P11492:T1786550700071] BetterGenshinImpact.GameTask.CharacterDevelopment.CharacterDevelopmentStateMachineTask
状态机迭代 8，当前状态：SelectedCharacter

[00:11:36.108] [DBG] [Primary:S1:P11492:T1786550700071] BetterGenshinImpact.GameTask.CharacterDevelopment.CharacterDevelopmentStateMachineTask
状态转换成功：SwitchCategory

[00:11:36.343] [DBG] [Primary:S1:P11492:T1786550700071] BetterGenshinImpact.GameTask.CharacterDevelopment.CharacterDevelopmentStateMachineTask
状态机迭代 9，当前状态：SwitchCategory

[00:11:37.373] [DBG] [Primary:S1:P11492:T1786550700071] BetterGenshinImpact.GameTask.CharacterDevelopment.CharacterDevelopmentStateMachineTask
状态转换成功：ReadCategory

[00:11:37.595] [DBG] [Primary:S1:P11492:T1786550700071] BetterGenshinImpact.GameTask.CharacterDevelopment.CharacterDevelopmentStateMachineTask
状态机迭代 10，当前状态：ReadCategory

[00:11:37.806] [DBG] [Primary:S1:P11492:T1786550700071] BetterGenshinImpact.GameTask.CharacterDevelopment.CharacterDevelopmentStateMachineTask
角色养成识别："角色等级" OCR 第 1/10 次解析失败，结果="等级80
0/80"

[00:11:38.236] [DBG] [Primary:S1:P11492:T1786550700071] BetterGenshinImpact.GameTask.CharacterDevelopment.CharacterDevelopmentStateMachineTask
角色养成识别："角色等级" OCR 第 2/10 次解析失败，结果="等级80
0/8Q"

[00:11:39.358] [DBG] [Primary:S1:P11492:T1786550700071] BetterGenshinImpact.GameTask.CharacterDevelopment.CharacterDevelopmentStateMachineTask
状态转换成功：SwitchCategory

[00:11:39.587] [DBG] [Primary:S1:P11492:T1786550700071] BetterGenshinImpact.GameTask.CharacterDevelopment.CharacterDevelopmentStateMachineTask
状态机迭代 11，当前状态：SwitchCategory

[00:11:39.627] [DBG] [Primary:S1:P11492:T1786550700071] BetterGenshinImpact.GameTask.CharacterDevelopment.CharacterDevelopmentStateMachineTask
状态转换成功：ReturnMainUi

[00:11:39.849] [DBG] [Primary:S1:P11492:T1786550700071] BetterGenshinImpact.GameTask.CharacterDevelopment.CharacterDevelopmentStateMachineTask
状态机迭代 12，当前状态：ReturnMainUi

[00:11:41.122] [DBG] [Primary:S1:P11492:T1786550700071] BetterGenshinImpact.GameTask.CharacterDevelopment.CharacterDevelopmentStateMachineTask
状态转换成功：Completed

[00:11:41.453] [INF] [Primary:S1:P11492:T1786550700071] BetterGenshinImpact.GameTask.CharacterDevelopment.CharacterDevelopmentStateMachineTask
========== 状态机完成，到达目标状态：Completed ==========

[00:11:41.463] [INF] [Primary:S1:P11492:T1786550700071] BetterGenshinImpact.Core.Script.Dependence.Log
[测试 2/10] “凯亚”读取成功

[00:11:41.466] [INF] [Primary:S1:P11492:T1786550700071] BetterGenshinImpact.Core.Script.Dependence.Log
[结果] {"CharacterName":"凯亚","ElementType":"冰","Level":80,"LevelLimit":80,"WeaponName":null,"WeaponLevel":null,"WeaponLevelLimit":null,"AttackLevel":null,"AttackHasBonus":null,"SkillLevel":null,"SkillHasBonus":null,"BurstLevel":null,"BurstHasBonus":null}

[00:11:41.467] [INF] [Primary:S1:P11492:T1786550700071] BetterGenshinImpact.Core.Script.Dependence.Log
[测试 3/10] 准备读取“桑多涅”，预期筛选：冰元素＋双手剑

[00:11:42.563] [DBG] [Primary:S1:P11492:T1786550700071] BetterGenshinImpact.Core.Recognition.ONNX.BgiOnnxFactory
[ONNX]创建推理会话，模型: "AvatarGridIcon"

[00:11:42.649] [INF] [Primary:S1:P11492:T1786550700071] BetterGenshinImpact.GameTask.CharacterDevelopment.CharacterDevelopmentStateMachineTask
角色养成识别：准备角色 "桑多涅"，元素筛选="冰"，武器筛选="双手剑"

[00:11:42.649] [INF] [Primary:S1:P11492:T1786550700071] BetterGenshinImpact.GameTask.CharacterDevelopment.CharacterDevelopmentStateMachineTask
========== 状态机启动，目标状态："Completed" ==========

[00:11:42.712] [DBG] [Primary:S1:P11492:T1786550700071] BetterGenshinImpact.GameTask.CharacterDevelopment.CharacterDevelopmentStateMachineTask
状态机迭代 0，当前状态：MainUi

[00:11:43.682] [DBG] [Primary:S1:P11492:T1786550700071] BetterGenshinImpact.GameTask.CharacterDevelopment.CharacterDevelopmentStateMachineTask
状态转换成功：OpenCharacterList

[00:11:43.924] [DBG] [Primary:S1:P11492:T1786550700071] BetterGenshinImpact.GameTask.CharacterDevelopment.CharacterDevelopmentStateMachineTask
状态机迭代 1，当前状态：OpenCharacterList

[00:11:44.452] [DBG] [Primary:S1:P11492:T1786550700071] BetterGenshinImpact.GameTask.CharacterDevelopment.CharacterDevelopmentStateMachineTask
状态转换成功：OpenFilterPanel

[00:11:44.671] [DBG] [Primary:S1:P11492:T1786550700071] BetterGenshinImpact.GameTask.CharacterDevelopment.CharacterDevelopmentStateMachineTask
状态机迭代 2，当前状态：OpenFilterPanel

[00:11:45.411] [DBG] [Primary:S1:P11492:T1786550700071] BetterGenshinImpact.GameTask.CharacterDevelopment.CharacterDevelopmentStateMachineTask
状态转换成功：FilterPanel

[00:11:45.750] [DBG] [Primary:S1:P11492:T1786550700071] BetterGenshinImpact.GameTask.CharacterDevelopment.CharacterDevelopmentStateMachineTask
状态机迭代 3，当前状态：FilterPanel

[00:11:45.969] [DBG] [Primary:S1:P11492:T1786550700071] BetterGenshinImpact.GameTask.CharacterDevelopment.CharacterDevelopmentStateMachineTask
状态转换成功：SelectElementFilter

[00:11:46.428] [DBG] [Primary:S1:P11492:T1786550700071] BetterGenshinImpact.GameTask.CharacterDevelopment.CharacterDevelopmentStateMachineTask
状态机迭代 4，当前状态：SelectElementFilter

[00:11:49.299] [DBG] [Primary:S1:P11492:T1786550700071] BetterGenshinImpact.GameTask.CharacterDevelopment.CharacterDevelopmentStateMachineTask
状态转换成功：SelectWeaponFilter

[00:11:49.834] [DBG] [Primary:S1:P11492:T1786550700071] BetterGenshinImpact.GameTask.CharacterDevelopment.CharacterDevelopmentStateMachineTask
状态机迭代 5，当前状态：SelectWeaponFilter

[00:11:50.947] [DBG] [Primary:S1:P11492:T1786550700071] BetterGenshinImpact.GameTask.CharacterDevelopment.CharacterDevelopmentStateMachineTask
状态转换成功：ConfirmFilterPanel

[00:11:51.172] [DBG] [Primary:S1:P11492:T1786550700071] BetterGenshinImpact.GameTask.CharacterDevelopment.CharacterDevelopmentStateMachineTask
状态机迭代 6，当前状态：ConfirmFilterPanel

[00:11:52.038] [DBG] [Primary:S1:P11492:T1786550700071] BetterGenshinImpact.GameTask.CharacterDevelopment.CharacterDevelopmentStateMachineTask
状态转换成功：FindAndClickAvatar

[00:11:52.272] [DBG] [Primary:S1:P11492:T1786550700071] BetterGenshinImpact.GameTask.CharacterDevelopment.CharacterDevelopmentStateMachineTask
状态机迭代 7，当前状态：FindAndClickAvatar

[00:11:52.294] [DBG] [Primary:S1:P11492:T1786550700071] BetterGenshinImpact.GameTask.CharacterDevelopment.CharacterDevelopmentStateMachineTask
角色养成识别：白色底栏连通域 19 个，生成 3 个合法卡片，边界丢弃 0 个（第 1/3 次）

[00:11:52.305] [DBG] [Primary:S1:P11492:T1786550700071] BetterGenshinImpact.GameTask.CharacterDevelopment.CharacterDevelopmentStateMachineTask
角色养成识别：识别头像 "桑多涅"，元素="冰"，score=0.970

[00:11:52.874] [DBG] [Primary:S1:P11492:T1786550700071] BetterGenshinImpact.GameTask.CharacterDevelopment.CharacterDevelopmentStateMachineTask
状态转换成功：SelectedCharacter

[00:11:53.094] [DBG] [Primary:S1:P11492:T1786550700071] BetterGenshinImpact.GameTask.CharacterDevelopment.CharacterDevelopmentStateMachineTask
状态机迭代 8，当前状态：SelectedCharacter

[00:11:54.136] [DBG] [Primary:S1:P11492:T1786550700071] BetterGenshinImpact.GameTask.CharacterDevelopment.CharacterDevelopmentStateMachineTask
状态转换成功：SwitchCategory

[00:11:54.386] [DBG] [Primary:S1:P11492:T1786550700071] BetterGenshinImpact.GameTask.CharacterDevelopment.CharacterDevelopmentStateMachineTask
状态机迭代 9，当前状态：SwitchCategory

[00:11:55.726] [DBG] [Primary:S1:P11492:T1786550700071] BetterGenshinImpact.GameTask.CharacterDevelopment.CharacterDevelopmentStateMachineTask
状态转换成功：ReadCategory

[00:11:55.950] [DBG] [Primary:S1:P11492:T1786550700071] BetterGenshinImpact.GameTask.CharacterDevelopment.CharacterDevelopmentStateMachineTask
状态机迭代 10，当前状态：ReadCategory

[00:11:56.300] [DBG] [Primary:S1:P11492:T1786550700071] BetterGenshinImpact.GameTask.CharacterDevelopment.CharacterDevelopmentStateMachineTask
角色养成识别："角色等级" OCR 第 1/10 次解析失败，结果="等级80
0/80"

[00:11:56.728] [DBG] [Primary:S1:P11492:T1786550700071] BetterGenshinImpact.GameTask.CharacterDevelopment.CharacterDevelopmentStateMachineTask
角色养成识别："角色等级" OCR 第 2/10 次解析失败，结果="等级80
0/80"

[00:11:57.199] [DBG] [Primary:S1:P11492:T1786550700071] BetterGenshinImpact.GameTask.CharacterDevelopment.CharacterDevelopmentStateMachineTask
角色养成识别："角色等级" OCR 第 3/10 次解析失败，结果="等级80
0/80"

[00:11:57.533] [DBG] [Primary:S1:P11492:T1786550700071] BetterGenshinImpact.GameTask.CharacterDevelopment.CharacterDevelopmentStateMachineTask
角色养成识别："角色等级" OCR 第 4/10 次解析失败，结果="等级80
0/80"

[00:11:57.958] [DBG] [Primary:S1:P11492:T1786550700071] BetterGenshinImpact.GameTask.CharacterDevelopment.CharacterDevelopmentStateMachineTask
角色养成识别："角色等级" OCR 第 5/10 次解析失败，结果="等级80
0/80"

[00:11:58.419] [DBG] [Primary:S1:P11492:T1786550700071] BetterGenshinImpact.GameTask.CharacterDevelopment.CharacterDevelopmentStateMachineTask
角色养成识别："角色等级" OCR 第 6/10 次解析失败，结果="等级80
0/80"

[00:11:58.789] [DBG] [Primary:S1:P11492:T1786550700071] BetterGenshinImpact.GameTask.CharacterDevelopment.CharacterDevelopmentStateMachineTask
角色养成识别："角色等级" OCR 第 7/10 次解析失败，结果="等级80
0/80."

[00:11:59.259] [DBG] [Primary:S1:P11492:T1786550700071] BetterGenshinImpact.GameTask.CharacterDevelopment.CharacterDevelopmentStateMachineTask
角色养成识别："角色等级" OCR 第 8/10 次解析失败，结果="等级80
0/80."

[00:11:59.743] [DBG] [Primary:S1:P11492:T1786550700071] BetterGenshinImpact.GameTask.CharacterDevelopment.CharacterDevelopmentStateMachineTask
角色养成识别："角色等级" OCR 第 9/10 次解析失败，结果="等级80
0/80"

[00:12:00.112] [DBG] [Primary:S1:P11492:T1786550700071] BetterGenshinImpact.GameTask.CharacterDevelopment.CharacterDevelopmentStateMachineTask
角色养成识别："角色等级" OCR 第 10/10 次解析失败，结果="等级80
0/80-"

[00:12:01.323] [ERR] [Primary:S1:P11492:T1786550700071] BetterGenshinImpact.Core.Script.Dependence.Log
[测试 3/10] “桑多涅”读取失败：角色等级 OCR 在 10 次内未达到连续 3 次一致，最大连续次数=0，末次结果=等级80
0/80-

[00:12:01.324] [INF] [Primary:S1:P11492:T1786550700071] BetterGenshinImpact.Core.Script.Dependence.Log
[测试 4/10] 准备读取“诺艾尔”，预期筛选：岩元素＋双手剑

[00:12:02.425] [DBG] [Primary:S1:P11492:T1786550700071] BetterGenshinImpact.Core.Recognition.ONNX.BgiOnnxFactory
[ONNX]创建推理会话，模型: "AvatarGridIcon"

[00:12:02.664] [INF] [Primary:S1:P11492:T1786550700071] BetterGenshinImpact.GameTask.CharacterDevelopment.CharacterDevelopmentStateMachineTask
角色养成识别：准备角色 "诺艾尔"，元素筛选="岩"，武器筛选="双手剑"

[00:12:02.664] [INF] [Primary:S1:P11492:T1786550700071] BetterGenshinImpact.GameTask.CharacterDevelopment.CharacterDevelopmentStateMachineTask
========== 状态机启动，目标状态："Completed" ==========

[00:12:02.769] [DBG] [Primary:S1:P11492:T1786550700071] BetterGenshinImpact.GameTask.CharacterDevelopment.CharacterDevelopmentStateMachineTask
状态机迭代 0，当前状态：MainUi

[00:12:03.701] [DBG] [Primary:S1:P11492:T1786550700071] BetterGenshinImpact.GameTask.CharacterDevelopment.CharacterDevelopmentStateMachineTask
状态转换成功：OpenCharacterList

[00:12:03.928] [DBG] [Primary:S1:P11492:T1786550700071] BetterGenshinImpact.GameTask.CharacterDevelopment.CharacterDevelopmentStateMachineTask
状态机迭代 1，当前状态：OpenCharacterList

[00:12:04.459] [DBG] [Primary:S1:P11492:T1786550700071] BetterGenshinImpact.GameTask.CharacterDevelopment.CharacterDevelopmentStateMachineTask
状态转换成功：OpenFilterPanel

[00:12:04.685] [DBG] [Primary:S1:P11492:T1786550700071] BetterGenshinImpact.GameTask.CharacterDevelopment.CharacterDevelopmentStateMachineTask
状态机迭代 2，当前状态：OpenFilterPanel

[00:12:05.479] [DBG] [Primary:S1:P11492:T1786550700071] BetterGenshinImpact.GameTask.CharacterDevelopment.CharacterDevelopmentStateMachineTask
状态转换成功：FilterPanel

[00:12:05.808] [DBG] [Primary:S1:P11492:T1786550700071] BetterGenshinImpact.GameTask.CharacterDevelopment.CharacterDevelopmentStateMachineTask
状态机迭代 3，当前状态：FilterPanel

[00:12:05.970] [DBG] [Primary:S1:P11492:T1786550700071] BetterGenshinImpact.GameTask.CharacterDevelopment.CharacterDevelopmentStateMachineTask
状态转换成功：SelectElementFilter

[00:12:06.538] [DBG] [Primary:S1:P11492:T1786550700071] BetterGenshinImpact.GameTask.CharacterDevelopment.CharacterDevelopmentStateMachineTask
状态机迭代 4，当前状态：SelectElementFilter

[00:12:08.500] [DBG] [Primary:S1:P11492:T1786550700071] BetterGenshinImpact.GameTask.CharacterDevelopment.CharacterDevelopmentStateMachineTask
状态转换成功：SelectWeaponFilter

[00:12:08.793] [DBG] [Primary:S1:P11492:T1786550700071] BetterGenshinImpact.GameTask.CharacterDevelopment.CharacterDevelopmentStateMachineTask
状态机迭代 5，当前状态：SelectWeaponFilter

[00:12:09.999] [DBG] [Primary:S1:P11492:T1786550700071] BetterGenshinImpact.GameTask.CharacterDevelopment.CharacterDevelopmentStateMachineTask
状态转换成功：ConfirmFilterPanel

[00:12:10.249] [DBG] [Primary:S1:P11492:T1786550700071] BetterGenshinImpact.GameTask.CharacterDevelopment.CharacterDevelopmentStateMachineTask
状态机迭代 6，当前状态：ConfirmFilterPanel

[00:12:11.085] [DBG] [Primary:S1:P11492:T1786550700071] BetterGenshinImpact.GameTask.CharacterDevelopment.CharacterDevelopmentStateMachineTask
状态转换成功：FindAndClickAvatar

[00:12:11.313] [DBG] [Primary:S1:P11492:T1786550700071] BetterGenshinImpact.GameTask.CharacterDevelopment.CharacterDevelopmentStateMachineTask
状态机迭代 7，当前状态：FindAndClickAvatar

[00:12:11.360] [DBG] [Primary:S1:P11492:T1786550700071] BetterGenshinImpact.GameTask.CharacterDevelopment.CharacterDevelopmentStateMachineTask
角色养成识别：白色底栏连通域 4 个，生成 2 个合法卡片，边界丢弃 0 个（第 1/3 次）

[00:12:11.371] [DBG] [Primary:S1:P11492:T1786550700071] BetterGenshinImpact.GameTask.CharacterDevelopment.CharacterDevelopmentStateMachineTask
角色养成识别：识别头像 "娜维娅"，元素="岩"，score=0.990

[00:12:11.378] [DBG] [Primary:S1:P11492:T1786550700071] BetterGenshinImpact.GameTask.CharacterDevelopment.CharacterDevelopmentStateMachineTask
角色养成识别：识别头像 "诺艾尔"，元素="岩"，score=0.981

[00:12:11.960] [DBG] [Primary:S1:P11492:T1786550700071] BetterGenshinImpact.GameTask.CharacterDevelopment.CharacterDevelopmentStateMachineTask
状态转换成功：SelectedCharacter

[00:12:12.192] [DBG] [Primary:S1:P11492:T1786550700071] BetterGenshinImpact.GameTask.CharacterDevelopment.CharacterDevelopmentStateMachineTask
状态机迭代 8，当前状态：SelectedCharacter

[00:12:12.595] [DBG] [Primary:S1:P11492:T1786550700071] BetterGenshinImpact.GameTask.CharacterDevelopment.CharacterDevelopmentStateMachineTask
状态转换成功：SwitchCategory

[00:12:12.813] [DBG] [Primary:S1:P11492:T1786550700071] BetterGenshinImpact.GameTask.CharacterDevelopment.CharacterDevelopmentStateMachineTask
状态机迭代 9，当前状态：SwitchCategory

[00:12:13.716] [DBG] [Primary:S1:P11492:T1786550700071] BetterGenshinImpact.GameTask.CharacterDevelopment.CharacterDevelopmentStateMachineTask
状态转换成功：ReadCategory

[00:12:13.946] [DBG] [Primary:S1:P11492:T1786550700071] BetterGenshinImpact.GameTask.CharacterDevelopment.CharacterDevelopmentStateMachineTask
状态机迭代 10，当前状态：ReadCategory

[00:12:14.871] [DBG] [Primary:S1:P11492:T1786550700071] BetterGenshinImpact.GameTask.CharacterDevelopment.CharacterDevelopmentStateMachineTask
状态转换成功：SwitchCategory

[00:12:15.091] [DBG] [Primary:S1:P11492:T1786550700071] BetterGenshinImpact.GameTask.CharacterDevelopment.CharacterDevelopmentStateMachineTask
状态机迭代 11，当前状态：SwitchCategory

[00:12:15.126] [DBG] [Primary:S1:P11492:T1786550700071] BetterGenshinImpact.GameTask.CharacterDevelopment.CharacterDevelopmentStateMachineTask
状态转换成功：ReturnMainUi

[00:12:15.356] [DBG] [Primary:S1:P11492:T1786550700071] BetterGenshinImpact.GameTask.CharacterDevelopment.CharacterDevelopmentStateMachineTask
状态机迭代 12，当前状态：ReturnMainUi

[00:12:16.507] [DBG] [Primary:S1:P11492:T1786550700071] BetterGenshinImpact.GameTask.CharacterDevelopment.CharacterDevelopmentStateMachineTask
状态转换成功：Completed

[00:12:16.807] [INF] [Primary:S1:P11492:T1786550700071] BetterGenshinImpact.GameTask.CharacterDevelopment.CharacterDevelopmentStateMachineTask
========== 状态机完成，到达目标状态：Completed ==========

[00:12:16.819] [INF] [Primary:S1:P11492:T1786550700071] BetterGenshinImpact.Core.Script.Dependence.Log
[测试 4/10] “诺艾尔”读取成功

[00:12:16.822] [INF] [Primary:S1:P11492:T1786550700071] BetterGenshinImpact.Core.Script.Dependence.Log
[结果] {"CharacterName":"诺艾尔","ElementType":"岩","Level":80,"LevelLimit":80,"WeaponName":null,"WeaponLevel":null,"WeaponLevelLimit":null,"AttackLevel":null,"AttackHasBonus":null,"SkillLevel":null,"SkillHasBonus":null,"BurstLevel":null,"BurstHasBonus":null}

[00:12:16.822] [INF] [Primary:S1:P11492:T1786550700071] BetterGenshinImpact.Core.Script.Dependence.Log
[测试 5/10] 准备读取“申鹤”，预期筛选：冰元素＋长柄武器

[00:12:17.918] [DBG] [Primary:S1:P11492:T1786550700071] BetterGenshinImpact.Core.Recognition.ONNX.BgiOnnxFactory
[ONNX]创建推理会话，模型: "AvatarGridIcon"

[00:12:17.997] [INF] [Primary:S1:P11492:T1786550700071] BetterGenshinImpact.GameTask.CharacterDevelopment.CharacterDevelopmentStateMachineTask
角色养成识别：准备角色 "申鹤"，元素筛选="冰"，武器筛选="长柄武器"

[00:12:17.998] [INF] [Primary:S1:P11492:T1786550700071] BetterGenshinImpact.GameTask.CharacterDevelopment.CharacterDevelopmentStateMachineTask
========== 状态机启动，目标状态："Completed" ==========

[00:12:18.057] [DBG] [Primary:S1:P11492:T1786550700071] BetterGenshinImpact.GameTask.CharacterDevelopment.CharacterDevelopmentStateMachineTask
状态机迭代 0，当前状态：MainUi

[00:12:18.958] [DBG] [Primary:S1:P11492:T1786550700071] BetterGenshinImpact.GameTask.CharacterDevelopment.CharacterDevelopmentStateMachineTask
状态转换成功：OpenCharacterList

[00:12:19.188] [DBG] [Primary:S1:P11492:T1786550700071] BetterGenshinImpact.GameTask.CharacterDevelopment.CharacterDevelopmentStateMachineTask
状态机迭代 1，当前状态：OpenCharacterList

[00:12:19.706] [DBG] [Primary:S1:P11492:T1786550700071] BetterGenshinImpact.GameTask.CharacterDevelopment.CharacterDevelopmentStateMachineTask
状态转换成功：OpenFilterPanel

[00:12:19.930] [DBG] [Primary:S1:P11492:T1786550700071] BetterGenshinImpact.GameTask.CharacterDevelopment.CharacterDevelopmentStateMachineTask
状态机迭代 2，当前状态：OpenFilterPanel

[00:12:20.568] [DBG] [Primary:S1:P11492:T1786550700071] BetterGenshinImpact.GameTask.CharacterDevelopment.CharacterDevelopmentStateMachineTask
状态转换成功：FilterPanel

[00:12:20.907] [DBG] [Primary:S1:P11492:T1786550700071] BetterGenshinImpact.GameTask.CharacterDevelopment.CharacterDevelopmentStateMachineTask
状态机迭代 3，当前状态：FilterPanel

[00:12:21.147] [DBG] [Primary:S1:P11492:T1786550700071] BetterGenshinImpact.GameTask.CharacterDevelopment.CharacterDevelopmentStateMachineTask
状态转换成功：SelectElementFilter

[00:12:21.744] [DBG] [Primary:S1:P11492:T1786550700071] BetterGenshinImpact.GameTask.CharacterDevelopment.CharacterDevelopmentStateMachineTask
状态机迭代 4，当前状态：SelectElementFilter

[00:12:23.595] [DBG] [Primary:S1:P11492:T1786550700071] BetterGenshinImpact.GameTask.CharacterDevelopment.CharacterDevelopmentStateMachineTask
状态转换成功：SelectWeaponFilter

[00:12:23.941] [DBG] [Primary:S1:P11492:T1786550700071] BetterGenshinImpact.GameTask.CharacterDevelopment.CharacterDevelopmentStateMachineTask
状态机迭代 5，当前状态：SelectWeaponFilter

[00:12:26.147] [DBG] [Primary:S1:P11492:T1786550700071] BetterGenshinImpact.GameTask.CharacterDevelopment.CharacterDevelopmentStateMachineTask
状态转换成功：ConfirmFilterPanel

[00:12:26.370] [DBG] [Primary:S1:P11492:T1786550700071] BetterGenshinImpact.GameTask.CharacterDevelopment.CharacterDevelopmentStateMachineTask
状态机迭代 6，当前状态：ConfirmFilterPanel

[00:12:27.220] [DBG] [Primary:S1:P11492:T1786550700071] BetterGenshinImpact.GameTask.CharacterDevelopment.CharacterDevelopmentStateMachineTask
状态转换成功：FindAndClickAvatar

[00:12:27.453] [DBG] [Primary:S1:P11492:T1786550700071] BetterGenshinImpact.GameTask.CharacterDevelopment.CharacterDevelopmentStateMachineTask
状态机迭代 7，当前状态：FindAndClickAvatar

[00:12:27.477] [DBG] [Primary:S1:P11492:T1786550700071] BetterGenshinImpact.GameTask.CharacterDevelopment.CharacterDevelopmentStateMachineTask
角色养成识别：白色底栏连通域 4 个，生成 3 个合法卡片，边界丢弃 0 个（第 1/3 次）

[00:12:27.485] [DBG] [Primary:S1:P11492:T1786550700071] BetterGenshinImpact.GameTask.CharacterDevelopment.CharacterDevelopmentStateMachineTask
角色养成识别：识别头像 "申鹤"，元素="冰"，score=0.977

[00:12:28.081] [DBG] [Primary:S1:P11492:T1786550700071] BetterGenshinImpact.GameTask.CharacterDevelopment.CharacterDevelopmentStateMachineTask
状态转换成功：SelectedCharacter

[00:12:28.307] [DBG] [Primary:S1:P11492:T1786550700071] BetterGenshinImpact.GameTask.CharacterDevelopment.CharacterDevelopmentStateMachineTask
状态机迭代 8，当前状态：SelectedCharacter

[00:12:28.683] [DBG] [Primary:S1:P11492:T1786550700071] BetterGenshinImpact.GameTask.CharacterDevelopment.CharacterDevelopmentStateMachineTask
状态转换成功：SwitchCategory

[00:12:28.913] [DBG] [Primary:S1:P11492:T1786550700071] BetterGenshinImpact.GameTask.CharacterDevelopment.CharacterDevelopmentStateMachineTask
状态机迭代 9，当前状态：SwitchCategory

[00:12:29.683] [DBG] [Primary:S1:P11492:T1786550700071] BetterGenshinImpact.GameTask.CharacterDevelopment.CharacterDevelopmentStateMachineTask
状态转换成功：ReadCategory

[00:12:29.916] [DBG] [Primary:S1:P11492:T1786550700071] BetterGenshinImpact.GameTask.CharacterDevelopment.CharacterDevelopmentStateMachineTask
状态机迭代 10，当前状态：ReadCategory

[00:12:30.195] [DBG] [Primary:S1:P11492:T1786550700071] BetterGenshinImpact.GameTask.CharacterDevelopment.CharacterDevelopmentStateMachineTask
角色养成识别："角色等级" OCR 第 1/10 次解析失败，结果="等级80
0/80"

[00:12:30.547] [DBG] [Primary:S1:P11492:T1786550700071] BetterGenshinImpact.GameTask.CharacterDevelopment.CharacterDevelopmentStateMachineTask
角色养成识别："角色等级" OCR 第 2/10 次解析失败，结果="等级80
0/80"

[00:12:30.913] [DBG] [Primary:S1:P11492:T1786550700071] BetterGenshinImpact.GameTask.CharacterDevelopment.CharacterDevelopmentStateMachineTask
角色养成识别："角色等级" OCR 第 3/10 次解析失败，结果="等级80
0/80"

[00:12:31.425] [DBG] [Primary:S1:P11492:T1786550700071] BetterGenshinImpact.GameTask.CharacterDevelopment.CharacterDevelopmentStateMachineTask
角色养成识别："角色等级" OCR 第 4/10 次解析失败，结果="0/80
等级80"

[00:12:31.920] [DBG] [Primary:S1:P11492:T1786550700071] BetterGenshinImpact.GameTask.CharacterDevelopment.CharacterDevelopmentStateMachineTask
角色养成识别："角色等级" OCR 第 5/10 次解析失败，结果="等级80
0/80"

[00:12:32.407] [DBG] [Primary:S1:P11492:T1786550700071] BetterGenshinImpact.GameTask.CharacterDevelopment.CharacterDevelopmentStateMachineTask
角色养成识别："角色等级" OCR 第 6/10 次解析失败，结果="0/80
等级80"

[00:12:32.831] [DBG] [Primary:S1:P11492:T1786550700071] BetterGenshinImpact.GameTask.CharacterDevelopment.CharacterDevelopmentStateMachineTask
角色养成识别："角色等级" OCR 第 7/10 次解析失败，结果="0/80
等级80"

[00:12:33.745] [DBG] [Primary:S1:P11492:T1786550700071] BetterGenshinImpact.GameTask.CharacterDevelopment.CharacterDevelopmentStateMachineTask
角色养成识别："角色等级" OCR 第 9/10 次解析失败，结果="等级80
0/80"

[00:12:34.224] [DBG] [Primary:S1:P11492:T1786550700071] BetterGenshinImpact.GameTask.CharacterDevelopment.CharacterDevelopmentStateMachineTask
角色养成识别："角色等级" OCR 第 10/10 次解析失败，结果="等级80
0/80"

[00:12:35.444] [ERR] [Primary:S1:P11492:T1786550700071] BetterGenshinImpact.Core.Script.Dependence.Log
[测试 5/10] “申鹤”读取失败：角色等级 OCR 在 10 次内未达到连续 3 次一致，最大连续次数=1，末次结果=等级80
0/80

[00:12:35.445] [INF] [Primary:S1:P11492:T1786550700071] BetterGenshinImpact.Core.Script.Dependence.Log
[测试 6/10] 准备读取“香菱”，预期筛选：火元素＋长柄武器

[00:12:36.658] [DBG] [Primary:S1:P11492:T1786550700071] BetterGenshinImpact.Core.Recognition.ONNX.BgiOnnxFactory
[ONNX]创建推理会话，模型: "AvatarGridIcon"

[00:12:36.786] [INF] [Primary:S1:P11492:T1786550700071] BetterGenshinImpact.GameTask.CharacterDevelopment.CharacterDevelopmentStateMachineTask
角色养成识别：准备角色 "香菱"，元素筛选="火"，武器筛选="长柄武器"

[00:12:36.787] [INF] [Primary:S1:P11492:T1786550700071] BetterGenshinImpact.GameTask.CharacterDevelopment.CharacterDevelopmentStateMachineTask
========== 状态机启动，目标状态："Completed" ==========

[00:12:36.886] [DBG] [Primary:S1:P11492:T1786550700071] BetterGenshinImpact.GameTask.CharacterDevelopment.CharacterDevelopmentStateMachineTask
状态机迭代 0，当前状态：MainUi

[00:12:37.810] [DBG] [Primary:S1:P11492:T1786550700071] BetterGenshinImpact.GameTask.CharacterDevelopment.CharacterDevelopmentStateMachineTask
状态转换成功：OpenCharacterList

[00:12:38.036] [DBG] [Primary:S1:P11492:T1786550700071] BetterGenshinImpact.GameTask.CharacterDevelopment.CharacterDevelopmentStateMachineTask
状态机迭代 1，当前状态：OpenCharacterList

[00:12:38.545] [DBG] [Primary:S1:P11492:T1786550700071] BetterGenshinImpact.GameTask.CharacterDevelopment.CharacterDevelopmentStateMachineTask
状态转换成功：OpenFilterPanel

[00:12:38.834] [DBG] [Primary:S1:P11492:T1786550700071] BetterGenshinImpact.GameTask.CharacterDevelopment.CharacterDevelopmentStateMachineTask
状态机迭代 2，当前状态：OpenFilterPanel

[00:12:39.220] [DBG] [Primary:S1:P11492:T1786550700071] BetterGenshinImpact.GameTask.CharacterDevelopment.CharacterDevelopmentStateMachineTask
状态转换成功：FilterPanel

[00:12:39.540] [DBG] [Primary:S1:P11492:T1786550700071] BetterGenshinImpact.GameTask.CharacterDevelopment.CharacterDevelopmentStateMachineTask
状态机迭代 3，当前状态：FilterPanel

[00:12:39.693] [DBG] [Primary:S1:P11492:T1786550700071] BetterGenshinImpact.GameTask.CharacterDevelopment.CharacterDevelopmentStateMachineTask
状态转换成功：SelectElementFilter

[00:12:40.209] [DBG] [Primary:S1:P11492:T1786550700071] BetterGenshinImpact.GameTask.CharacterDevelopment.CharacterDevelopmentStateMachineTask
状态机迭代 4，当前状态：SelectElementFilter

[00:12:42.001] [DBG] [Primary:S1:P11492:T1786550700071] BetterGenshinImpact.GameTask.CharacterDevelopment.CharacterDevelopmentStateMachineTask
状态转换成功：SelectWeaponFilter

[00:12:42.372] [DBG] [Primary:S1:P11492:T1786550700071] BetterGenshinImpact.GameTask.CharacterDevelopment.CharacterDevelopmentStateMachineTask
状态机迭代 5，当前状态：SelectWeaponFilter

[00:12:43.928] [DBG] [Primary:S1:P11492:T1786550700071] BetterGenshinImpact.GameTask.CharacterDevelopment.CharacterDevelopmentStateMachineTask
状态转换成功：ConfirmFilterPanel

[00:12:44.164] [DBG] [Primary:S1:P11492:T1786550700071] BetterGenshinImpact.GameTask.CharacterDevelopment.CharacterDevelopmentStateMachineTask
状态机迭代 6，当前状态：ConfirmFilterPanel

[00:12:45.056] [DBG] [Primary:S1:P11492:T1786550700071] BetterGenshinImpact.GameTask.CharacterDevelopment.CharacterDevelopmentStateMachineTask
状态转换成功：FindAndClickAvatar

[00:12:45.271] [DBG] [Primary:S1:P11492:T1786550700071] BetterGenshinImpact.GameTask.CharacterDevelopment.CharacterDevelopmentStateMachineTask
状态机迭代 7，当前状态：FindAndClickAvatar

[00:12:45.292] [DBG] [Primary:S1:P11492:T1786550700071] BetterGenshinImpact.GameTask.CharacterDevelopment.CharacterDevelopmentStateMachineTask
角色养成识别：白色底栏连通域 6 个，生成 4 个合法卡片，边界丢弃 0 个（第 1/3 次）

[00:12:45.304] [DBG] [Primary:S1:P11492:T1786550700071] BetterGenshinImpact.GameTask.CharacterDevelopment.CharacterDevelopmentStateMachineTask
角色养成识别：识别头像 "胡桃"，元素="火"，score=0.981

[00:12:45.312] [DBG] [Primary:S1:P11492:T1786550700071] BetterGenshinImpact.GameTask.CharacterDevelopment.CharacterDevelopmentStateMachineTask
角色养成识别：识别头像 "香菱"，元素="火"，score=0.978

[00:12:45.909] [DBG] [Primary:S1:P11492:T1786550700071] BetterGenshinImpact.GameTask.CharacterDevelopment.CharacterDevelopmentStateMachineTask
状态转换成功：SelectedCharacter

[00:12:46.146] [DBG] [Primary:S1:P11492:T1786550700071] BetterGenshinImpact.GameTask.CharacterDevelopment.CharacterDevelopmentStateMachineTask
状态机迭代 8，当前状态：SelectedCharacter

[00:12:46.508] [DBG] [Primary:S1:P11492:T1786550700071] BetterGenshinImpact.GameTask.CharacterDevelopment.CharacterDevelopmentStateMachineTask
状态转换成功：SwitchCategory

[00:12:46.738] [DBG] [Primary:S1:P11492:T1786550700071] BetterGenshinImpact.GameTask.CharacterDevelopment.CharacterDevelopmentStateMachineTask
状态机迭代 9，当前状态：SwitchCategory

[00:12:47.752] [DBG] [Primary:S1:P11492:T1786550700071] BetterGenshinImpact.GameTask.CharacterDevelopment.CharacterDevelopmentStateMachineTask
状态转换成功：ReadCategory

[00:12:47.997] [DBG] [Primary:S1:P11492:T1786550700071] BetterGenshinImpact.GameTask.CharacterDevelopment.CharacterDevelopmentStateMachineTask
状态机迭代 10，当前状态：ReadCategory

[00:12:48.544] [DBG] [Primary:S1:P11492:T1786550700071] BetterGenshinImpact.GameTask.CharacterDevelopment.CharacterDevelopmentStateMachineTask
角色养成识别："角色等级" OCR 第 2/10 次解析失败，结果="等级90790"

[00:12:48.925] [DBG] [Primary:S1:P11492:T1786550700071] BetterGenshinImpact.GameTask.CharacterDevelopment.CharacterDevelopmentStateMachineTask
角色养成识别："角色等级" OCR 第 3/10 次解析失败，结果="等级90790"

[00:12:50.051] [DBG] [Primary:S1:P11492:T1786550700071] BetterGenshinImpact.GameTask.CharacterDevelopment.CharacterDevelopmentStateMachineTask
角色养成识别："角色等级" OCR 第 6/10 次解析失败，结果="0/90
等级90"

[00:12:51.171] [DBG] [Primary:S1:P11492:T1786550700071] BetterGenshinImpact.GameTask.CharacterDevelopment.CharacterDevelopmentStateMachineTask
状态转换成功：SwitchCategory

[00:12:51.423] [DBG] [Primary:S1:P11492:T1786550700071] BetterGenshinImpact.GameTask.CharacterDevelopment.CharacterDevelopmentStateMachineTask
状态机迭代 11，当前状态：SwitchCategory

[00:12:51.499] [DBG] [Primary:S1:P11492:T1786550700071] BetterGenshinImpact.GameTask.CharacterDevelopment.CharacterDevelopmentStateMachineTask
状态转换成功：ReturnMainUi

[00:12:51.717] [DBG] [Primary:S1:P11492:T1786550700071] BetterGenshinImpact.GameTask.CharacterDevelopment.CharacterDevelopmentStateMachineTask
状态机迭代 12，当前状态：ReturnMainUi

[00:12:52.886] [DBG] [Primary:S1:P11492:T1786550700071] BetterGenshinImpact.GameTask.CharacterDevelopment.CharacterDevelopmentStateMachineTask
状态转换成功：Completed

[00:12:53.164] [INF] [Primary:S1:P11492:T1786550700071] BetterGenshinImpact.GameTask.CharacterDevelopment.CharacterDevelopmentStateMachineTask
========== 状态机完成，到达目标状态：Completed ==========

[00:12:53.173] [INF] [Primary:S1:P11492:T1786550700071] BetterGenshinImpact.Core.Script.Dependence.Log
[测试 6/10] “香菱”读取成功

[00:12:53.174] [INF] [Primary:S1:P11492:T1786550700071] BetterGenshinImpact.Core.Script.Dependence.Log
[结果] {"CharacterName":"香菱","ElementType":"火","Level":90,"LevelLimit":90,"WeaponName":null,"WeaponLevel":null,"WeaponLevelLimit":null,"AttackLevel":null,"AttackHasBonus":null,"SkillLevel":null,"SkillHasBonus":null,"BurstLevel":null,"BurstHasBonus":null}

[00:12:53.175] [INF] [Primary:S1:P11492:T1786550700071] BetterGenshinImpact.Core.Script.Dependence.Log
[测试 7/10] 准备读取“莫娜”，预期筛选：水元素＋法器

[00:12:54.249] [DBG] [Primary:S1:P11492:T1786550700071] BetterGenshinImpact.Core.Recognition.ONNX.BgiOnnxFactory
[ONNX]创建推理会话，模型: "AvatarGridIcon"

[00:12:54.363] [INF] [Primary:S1:P11492:T1786550700071] BetterGenshinImpact.GameTask.CharacterDevelopment.CharacterDevelopmentStateMachineTask
角色养成识别：准备角色 "莫娜"，元素筛选="水"，武器筛选="法器"

[00:12:54.363] [INF] [Primary:S1:P11492:T1786550700071] BetterGenshinImpact.GameTask.CharacterDevelopment.CharacterDevelopmentStateMachineTask
========== 状态机启动，目标状态："Completed" ==========

[00:12:54.433] [DBG] [Primary:S1:P11492:T1786550700071] BetterGenshinImpact.GameTask.CharacterDevelopment.CharacterDevelopmentStateMachineTask
状态机迭代 0，当前状态：MainUi

[00:12:55.377] [DBG] [Primary:S1:P11492:T1786550700071] BetterGenshinImpact.GameTask.CharacterDevelopment.CharacterDevelopmentStateMachineTask
状态转换成功：OpenCharacterList

[00:12:55.660] [DBG] [Primary:S1:P11492:T1786550700071] BetterGenshinImpact.GameTask.CharacterDevelopment.CharacterDevelopmentStateMachineTask
状态机迭代 1，当前状态：OpenCharacterList

[00:12:56.124] [DBG] [Primary:S1:P11492:T1786550700071] BetterGenshinImpact.GameTask.CharacterDevelopment.CharacterDevelopmentStateMachineTask
状态转换成功：OpenFilterPanel

[00:12:56.338] [DBG] [Primary:S1:P11492:T1786550700071] BetterGenshinImpact.GameTask.CharacterDevelopment.CharacterDevelopmentStateMachineTask
状态机迭代 2，当前状态：OpenFilterPanel

[00:12:56.578] [DBG] [Primary:S1:P11492:T1786550700071] BetterGenshinImpact.GameTask.CharacterDevelopment.CharacterDevelopmentStateMachineTask
状态转换成功：FilterPanel

[00:12:56.923] [DBG] [Primary:S1:P11492:T1786550700071] BetterGenshinImpact.GameTask.CharacterDevelopment.CharacterDevelopmentStateMachineTask
状态机迭代 3，当前状态：FilterPanel

[00:12:57.104] [DBG] [Primary:S1:P11492:T1786550700071] BetterGenshinImpact.GameTask.CharacterDevelopment.CharacterDevelopmentStateMachineTask
状态转换成功：SelectElementFilter

[00:12:57.651] [DBG] [Primary:S1:P11492:T1786550700071] BetterGenshinImpact.GameTask.CharacterDevelopment.CharacterDevelopmentStateMachineTask
状态机迭代 4，当前状态：SelectElementFilter

[00:12:59.576] [DBG] [Primary:S1:P11492:T1786550700071] BetterGenshinImpact.GameTask.CharacterDevelopment.CharacterDevelopmentStateMachineTask
状态转换成功：SelectWeaponFilter

[00:12:59.954] [DBG] [Primary:S1:P11492:T1786550700071] BetterGenshinImpact.GameTask.CharacterDevelopment.CharacterDevelopmentStateMachineTask
状态机迭代 5，当前状态：SelectWeaponFilter

[00:13:01.223] [DBG] [Primary:S1:P11492:T1786550700071] BetterGenshinImpact.GameTask.CharacterDevelopment.CharacterDevelopmentStateMachineTask
状态转换成功：ConfirmFilterPanel

[00:13:01.443] [DBG] [Primary:S1:P11492:T1786550700071] BetterGenshinImpact.GameTask.CharacterDevelopment.CharacterDevelopmentStateMachineTask
状态机迭代 6，当前状态：ConfirmFilterPanel

[00:13:02.239] [DBG] [Primary:S1:P11492:T1786550700071] BetterGenshinImpact.GameTask.CharacterDevelopment.CharacterDevelopmentStateMachineTask
状态转换成功：FindAndClickAvatar

[00:13:02.457] [DBG] [Primary:S1:P11492:T1786550700071] BetterGenshinImpact.GameTask.CharacterDevelopment.CharacterDevelopmentStateMachineTask
状态机迭代 7，当前状态：FindAndClickAvatar

[00:13:02.481] [DBG] [Primary:S1:P11492:T1786550700071] BetterGenshinImpact.GameTask.CharacterDevelopment.CharacterDevelopmentStateMachineTask
角色养成识别：白色底栏连通域 10 个，生成 5 个合法卡片，边界丢弃 0 个（第 1/3 次）

[00:13:02.489] [DBG] [Primary:S1:P11492:T1786550700071] BetterGenshinImpact.GameTask.CharacterDevelopment.CharacterDevelopmentStateMachineTask
角色养成识别：识别头像 "哥伦比娅"，元素="水"，score=0.975

[00:13:02.499] [DBG] [Primary:S1:P11492:T1786550700071] BetterGenshinImpact.GameTask.CharacterDevelopment.CharacterDevelopmentStateMachineTask
角色养成识别：识别头像 "玛拉妮"，元素="水"，score=0.977

[00:13:02.524] [DBG] [Primary:S1:P11492:T1786550700071] BetterGenshinImpact.GameTask.CharacterDevelopment.CharacterDevelopmentStateMachineTask
角色养成识别：识别头像 "珊瑚宫心海"，元素="水"，score=0.977

[00:13:02.536] [DBG] [Primary:S1:P11492:T1786550700071] BetterGenshinImpact.GameTask.CharacterDevelopment.CharacterDevelopmentStateMachineTask
角色养成识别：识别头像 "莫娜"，元素="水"，score=0.981

[00:13:03.178] [DBG] [Primary:S1:P11492:T1786550700071] BetterGenshinImpact.GameTask.CharacterDevelopment.CharacterDevelopmentStateMachineTask
状态转换成功：SelectedCharacter

[00:13:03.409] [DBG] [Primary:S1:P11492:T1786550700071] BetterGenshinImpact.GameTask.CharacterDevelopment.CharacterDevelopmentStateMachineTask
状态机迭代 8，当前状态：SelectedCharacter

[00:13:03.771] [DBG] [Primary:S1:P11492:T1786550700071] BetterGenshinImpact.GameTask.CharacterDevelopment.CharacterDevelopmentStateMachineTask
状态转换成功：SwitchCategory

[00:13:03.997] [DBG] [Primary:S1:P11492:T1786550700071] BetterGenshinImpact.GameTask.CharacterDevelopment.CharacterDevelopmentStateMachineTask
状态机迭代 9，当前状态：SwitchCategory

[00:13:04.951] [DBG] [Primary:S1:P11492:T1786550700071] BetterGenshinImpact.GameTask.CharacterDevelopment.CharacterDevelopmentStateMachineTask
状态转换成功：ReadCategory

[00:13:05.198] [DBG] [Primary:S1:P11492:T1786550700071] BetterGenshinImpact.GameTask.CharacterDevelopment.CharacterDevelopmentStateMachineTask
状态机迭代 10，当前状态：ReadCategory

[00:13:05.368] [DBG] [Primary:S1:P11492:T1786550700071] BetterGenshinImpact.GameTask.CharacterDevelopment.CharacterDevelopmentStateMachineTask
角色养成识别："角色等级" OCR 第 1/10 次解析失败，结果="等级80
0/80"

[00:13:05.793] [DBG] [Primary:S1:P11492:T1786550700071] BetterGenshinImpact.GameTask.CharacterDevelopment.CharacterDevelopmentStateMachineTask
角色养成识别："角色等级" OCR 第 2/10 次解析失败，结果="等级80
0/80."

[00:13:06.192] [DBG] [Primary:S1:P11492:T1786550700071] BetterGenshinImpact.GameTask.CharacterDevelopment.CharacterDevelopmentStateMachineTask
角色养成识别："角色等级" OCR 第 3/10 次解析失败，结果="等级80
0/80"

[00:13:06.564] [DBG] [Primary:S1:P11492:T1786550700071] BetterGenshinImpact.GameTask.CharacterDevelopment.CharacterDevelopmentStateMachineTask
角色养成识别："角色等级" OCR 第 4/10 次解析失败，结果="等级80
0/80"

[00:13:06.910] [DBG] [Primary:S1:P11492:T1786550700071] BetterGenshinImpact.GameTask.CharacterDevelopment.CharacterDevelopmentStateMachineTask
角色养成识别："角色等级" OCR 第 5/10 次解析失败，结果="等级80
0/80-"

[00:13:07.258] [DBG] [Primary:S1:P11492:T1786550700071] BetterGenshinImpact.GameTask.CharacterDevelopment.CharacterDevelopmentStateMachineTask
角色养成识别："角色等级" OCR 第 6/10 次解析失败，结果="等级80
0/80"

[00:13:07.585] [DBG] [Primary:S1:P11492:T1786550700071] BetterGenshinImpact.GameTask.CharacterDevelopment.CharacterDevelopmentStateMachineTask
角色养成识别："角色等级" OCR 第 7/10 次解析失败，结果="等级80
0/80"

[00:13:08.637] [DBG] [Primary:S1:P11492:T1786550700071] BetterGenshinImpact.GameTask.CharacterDevelopment.CharacterDevelopmentStateMachineTask
状态转换成功：SwitchCategory

[00:13:08.869] [DBG] [Primary:S1:P11492:T1786550700071] BetterGenshinImpact.GameTask.CharacterDevelopment.CharacterDevelopmentStateMachineTask
状态机迭代 11，当前状态：SwitchCategory

[00:13:08.923] [DBG] [Primary:S1:P11492:T1786550700071] BetterGenshinImpact.GameTask.CharacterDevelopment.CharacterDevelopmentStateMachineTask
状态转换成功：ReturnMainUi

[00:13:09.180] [DBG] [Primary:S1:P11492:T1786550700071] BetterGenshinImpact.GameTask.CharacterDevelopment.CharacterDevelopmentStateMachineTask
状态机迭代 12，当前状态：ReturnMainUi

[00:13:10.376] [DBG] [Primary:S1:P11492:T1786550700071] BetterGenshinImpact.GameTask.CharacterDevelopment.CharacterDevelopmentStateMachineTask
状态转换成功：Completed

[00:13:10.672] [INF] [Primary:S1:P11492:T1786550700071] BetterGenshinImpact.GameTask.CharacterDevelopment.CharacterDevelopmentStateMachineTask
========== 状态机完成，到达目标状态：Completed ==========

[00:13:10.682] [INF] [Primary:S1:P11492:T1786550700071] BetterGenshinImpact.Core.Script.Dependence.Log
[测试 7/10] “莫娜”读取成功

[00:13:10.683] [INF] [Primary:S1:P11492:T1786550700071] BetterGenshinImpact.Core.Script.Dependence.Log
[结果] {"CharacterName":"莫娜","ElementType":"水","Level":80,"LevelLimit":80,"WeaponName":null,"WeaponLevel":null,"WeaponLevelLimit":null,"AttackLevel":null,"AttackHasBonus":null,"SkillLevel":null,"SkillHasBonus":null,"BurstLevel":null,"BurstHasBonus":null}

[00:13:10.683] [INF] [Primary:S1:P11492:T1786550700071] BetterGenshinImpact.Core.Script.Dependence.Log
[测试 8/10] 准备读取“珊瑚宫心海”，预期筛选：水元素＋法器

[00:13:11.764] [DBG] [Primary:S1:P11492:T1786550700071] BetterGenshinImpact.Core.Recognition.ONNX.BgiOnnxFactory
[ONNX]创建推理会话，模型: "AvatarGridIcon"

[00:13:11.863] [INF] [Primary:S1:P11492:T1786550700071] BetterGenshinImpact.GameTask.CharacterDevelopment.CharacterDevelopmentStateMachineTask
角色养成识别：准备角色 "珊瑚宫心海"，元素筛选="水"，武器筛选="法器"

[00:13:11.863] [INF] [Primary:S1:P11492:T1786550700071] BetterGenshinImpact.GameTask.CharacterDevelopment.CharacterDevelopmentStateMachineTask
========== 状态机启动，目标状态："Completed" ==========

[00:13:11.938] [DBG] [Primary:S1:P11492:T1786550700071] BetterGenshinImpact.GameTask.CharacterDevelopment.CharacterDevelopmentStateMachineTask
状态机迭代 0，当前状态：MainUi

[00:13:12.832] [DBG] [Primary:S1:P11492:T1786550700071] BetterGenshinImpact.GameTask.CharacterDevelopment.CharacterDevelopmentStateMachineTask
状态转换成功：OpenCharacterList

[00:13:13.062] [DBG] [Primary:S1:P11492:T1786550700071] BetterGenshinImpact.GameTask.CharacterDevelopment.CharacterDevelopmentStateMachineTask
状态机迭代 1，当前状态：OpenCharacterList

[00:13:13.558] [DBG] [Primary:S1:P11492:T1786550700071] BetterGenshinImpact.GameTask.CharacterDevelopment.CharacterDevelopmentStateMachineTask
状态转换成功：OpenFilterPanel

[00:13:13.785] [DBG] [Primary:S1:P11492:T1786550700071] BetterGenshinImpact.GameTask.CharacterDevelopment.CharacterDevelopmentStateMachineTask
状态机迭代 2，当前状态：OpenFilterPanel

[00:13:14.412] [DBG] [Primary:S1:P11492:T1786550700071] BetterGenshinImpact.GameTask.CharacterDevelopment.CharacterDevelopmentStateMachineTask
状态转换成功：FilterPanel

[00:13:14.783] [DBG] [Primary:S1:P11492:T1786550700071] BetterGenshinImpact.GameTask.CharacterDevelopment.CharacterDevelopmentStateMachineTask
状态机迭代 3，当前状态：FilterPanel

[00:13:14.923] [DBG] [Primary:S1:P11492:T1786550700071] BetterGenshinImpact.GameTask.CharacterDevelopment.CharacterDevelopmentStateMachineTask
状态转换成功：SelectElementFilter

[00:13:15.371] [DBG] [Primary:S1:P11492:T1786550700071] BetterGenshinImpact.GameTask.CharacterDevelopment.CharacterDevelopmentStateMachineTask
状态机迭代 4，当前状态：SelectElementFilter

[00:13:17.405] [DBG] [Primary:S1:P11492:T1786550700071] BetterGenshinImpact.GameTask.CharacterDevelopment.CharacterDevelopmentStateMachineTask
状态转换成功：SelectWeaponFilter

[00:13:17.749] [DBG] [Primary:S1:P11492:T1786550700071] BetterGenshinImpact.GameTask.CharacterDevelopment.CharacterDevelopmentStateMachineTask
状态机迭代 5，当前状态：SelectWeaponFilter

[00:13:19.356] [DBG] [Primary:S1:P11492:T1786550700071] BetterGenshinImpact.GameTask.CharacterDevelopment.CharacterDevelopmentStateMachineTask
状态转换成功：ConfirmFilterPanel

[00:13:19.605] [DBG] [Primary:S1:P11492:T1786550700071] BetterGenshinImpact.GameTask.CharacterDevelopment.CharacterDevelopmentStateMachineTask
状态机迭代 6，当前状态：ConfirmFilterPanel

[00:13:20.504] [DBG] [Primary:S1:P11492:T1786550700071] BetterGenshinImpact.GameTask.CharacterDevelopment.CharacterDevelopmentStateMachineTask
状态转换成功：FindAndClickAvatar

[00:13:20.731] [DBG] [Primary:S1:P11492:T1786550700071] BetterGenshinImpact.GameTask.CharacterDevelopment.CharacterDevelopmentStateMachineTask
状态机迭代 7，当前状态：FindAndClickAvatar

[00:13:20.756] [DBG] [Primary:S1:P11492:T1786550700071] BetterGenshinImpact.GameTask.CharacterDevelopment.CharacterDevelopmentStateMachineTask
角色养成识别：白色底栏连通域 10 个，生成 5 个合法卡片，边界丢弃 0 个（第 1/3 次）

[00:13:20.765] [DBG] [Primary:S1:P11492:T1786550700071] BetterGenshinImpact.GameTask.CharacterDevelopment.CharacterDevelopmentStateMachineTask
角色养成识别：识别头像 "哥伦比娅"，元素="水"，score=0.975

[00:13:20.772] [DBG] [Primary:S1:P11492:T1786550700071] BetterGenshinImpact.GameTask.CharacterDevelopment.CharacterDevelopmentStateMachineTask
角色养成识别：识别头像 "玛拉妮"，元素="水"，score=0.977

[00:13:20.795] [DBG] [Primary:S1:P11492:T1786550700071] BetterGenshinImpact.GameTask.CharacterDevelopment.CharacterDevelopmentStateMachineTask
角色养成识别：识别头像 "珊瑚宫心海"，元素="水"，score=0.978

[00:13:21.366] [DBG] [Primary:S1:P11492:T1786550700071] BetterGenshinImpact.GameTask.CharacterDevelopment.CharacterDevelopmentStateMachineTask
状态转换成功：SelectedCharacter

[00:13:21.600] [DBG] [Primary:S1:P11492:T1786550700071] BetterGenshinImpact.GameTask.CharacterDevelopment.CharacterDevelopmentStateMachineTask
状态机迭代 8，当前状态：SelectedCharacter

[00:13:21.986] [DBG] [Primary:S1:P11492:T1786550700071] BetterGenshinImpact.GameTask.CharacterDevelopment.CharacterDevelopmentStateMachineTask
状态转换成功：SwitchCategory

[00:13:22.229] [DBG] [Primary:S1:P11492:T1786550700071] BetterGenshinImpact.GameTask.CharacterDevelopment.CharacterDevelopmentStateMachineTask
状态机迭代 9，当前状态：SwitchCategory

[00:13:23.054] [DBG] [Primary:S1:P11492:T1786550700071] BetterGenshinImpact.GameTask.CharacterDevelopment.CharacterDevelopmentStateMachineTask
状态转换成功：ReadCategory

[00:13:23.326] [DBG] [Primary:S1:P11492:T1786550700071] BetterGenshinImpact.GameTask.CharacterDevelopment.CharacterDevelopmentStateMachineTask
状态机迭代 10，当前状态：ReadCategory

[00:13:23.563] [DBG] [Primary:S1:P11492:T1786550700071] BetterGenshinImpact.GameTask.CharacterDevelopment.CharacterDevelopmentStateMachineTask
角色养成识别："角色等级" OCR 第 1/10 次解析失败，结果="0/80
等级80"

[00:13:23.887] [DBG] [Primary:S1:P11492:T1786550700071] BetterGenshinImpact.GameTask.CharacterDevelopment.CharacterDevelopmentStateMachineTask
角色养成识别："角色等级" OCR 第 2/10 次解析失败，结果="0/80
等级80"

[00:13:24.259] [DBG] [Primary:S1:P11492:T1786550700071] BetterGenshinImpact.GameTask.CharacterDevelopment.CharacterDevelopmentStateMachineTask
角色养成识别："角色等级" OCR 第 3/10 次解析失败，结果="0/80
等级80"

[00:13:24.677] [DBG] [Primary:S1:P11492:T1786550700071] BetterGenshinImpact.GameTask.CharacterDevelopment.CharacterDevelopmentStateMachineTask
角色养成识别："角色等级" OCR 第 4/10 次解析失败，结果="等级80
0/80"

[00:13:25.052] [DBG] [Primary:S1:P11492:T1786550700071] BetterGenshinImpact.GameTask.CharacterDevelopment.CharacterDevelopmentStateMachineTask
角色养成识别："角色等级" OCR 第 5/10 次解析失败，结果="等级80
0/80"

[00:13:25.429] [DBG] [Primary:S1:P11492:T1786550700071] BetterGenshinImpact.GameTask.CharacterDevelopment.CharacterDevelopmentStateMachineTask
角色养成识别："角色等级" OCR 第 6/10 次解析失败，结果="0/80
等级80"

[00:13:25.849] [DBG] [Primary:S1:P11492:T1786550700071] BetterGenshinImpact.GameTask.CharacterDevelopment.CharacterDevelopmentStateMachineTask
角色养成识别："角色等级" OCR 第 7/10 次解析失败，结果="0/80
等级80"

[00:13:26.259] [DBG] [Primary:S1:P11492:T1786550700071] BetterGenshinImpact.GameTask.CharacterDevelopment.CharacterDevelopmentStateMachineTask
角色养成识别："角色等级" OCR 第 8/10 次解析失败，结果="0/80
等级80"

[00:13:26.590] [DBG] [Primary:S1:P11492:T1786550700071] BetterGenshinImpact.GameTask.CharacterDevelopment.CharacterDevelopmentStateMachineTask
角色养成识别："角色等级" OCR 第 9/10 次解析失败，结果="0/80
等级80"

[00:13:26.955] [DBG] [Primary:S1:P11492:T1786550700071] BetterGenshinImpact.GameTask.CharacterDevelopment.CharacterDevelopmentStateMachineTask
角色养成识别："角色等级" OCR 第 10/10 次解析失败，结果="0/80
等级80"

[00:13:28.155] [ERR] [Primary:S1:P11492:T1786550700071] BetterGenshinImpact.Core.Script.Dependence.Log
[测试 8/10] “珊瑚宫心海”读取失败：角色等级 OCR 在 10 次内未达到连续 3 次一致，最大连续次数=0，末次结果=0/80
等级80

[00:13:28.155] [INF] [Primary:S1:P11492:T1786550700071] BetterGenshinImpact.Core.Script.Dependence.Log
[测试 9/10] 准备读取“雅珂达”，预期筛选：风元素＋弓

[00:13:29.256] [DBG] [Primary:S1:P11492:T1786550700071] BetterGenshinImpact.Core.Recognition.ONNX.BgiOnnxFactory
[ONNX]创建推理会话，模型: "AvatarGridIcon"

[00:13:29.341] [INF] [Primary:S1:P11492:T1786550700071] BetterGenshinImpact.GameTask.CharacterDevelopment.CharacterDevelopmentStateMachineTask
角色养成识别：准备角色 "雅珂达"，元素筛选="风"，武器筛选="弓"

[00:13:29.341] [INF] [Primary:S1:P11492:T1786550700071] BetterGenshinImpact.GameTask.CharacterDevelopment.CharacterDevelopmentStateMachineTask
========== 状态机启动，目标状态："Completed" ==========

[00:13:29.388] [DBG] [Primary:S1:P11492:T1786550700071] BetterGenshinImpact.GameTask.CharacterDevelopment.CharacterDevelopmentStateMachineTask
状态机迭代 0，当前状态：MainUi

[00:13:30.281] [DBG] [Primary:S1:P11492:T1786550700071] BetterGenshinImpact.GameTask.CharacterDevelopment.CharacterDevelopmentStateMachineTask
状态转换成功：OpenCharacterList

[00:13:30.495] [DBG] [Primary:S1:P11492:T1786550700071] BetterGenshinImpact.GameTask.CharacterDevelopment.CharacterDevelopmentStateMachineTask
状态机迭代 1，当前状态：OpenCharacterList

[00:13:30.966] [DBG] [Primary:S1:P11492:T1786550700071] BetterGenshinImpact.GameTask.CharacterDevelopment.CharacterDevelopmentStateMachineTask
状态转换成功：OpenFilterPanel

[00:13:31.198] [DBG] [Primary:S1:P11492:T1786550700071] BetterGenshinImpact.GameTask.CharacterDevelopment.CharacterDevelopmentStateMachineTask
状态机迭代 2，当前状态：OpenFilterPanel

[00:13:31.792] [DBG] [Primary:S1:P11492:T1786550700071] BetterGenshinImpact.GameTask.CharacterDevelopment.CharacterDevelopmentStateMachineTask
状态转换成功：FilterPanel

[00:13:32.133] [DBG] [Primary:S1:P11492:T1786550700071] BetterGenshinImpact.GameTask.CharacterDevelopment.CharacterDevelopmentStateMachineTask
状态机迭代 3，当前状态：FilterPanel

[00:13:32.339] [DBG] [Primary:S1:P11492:T1786550700071] BetterGenshinImpact.GameTask.CharacterDevelopment.CharacterDevelopmentStateMachineTask
状态转换成功：SelectElementFilter

[00:13:32.841] [DBG] [Primary:S1:P11492:T1786550700071] BetterGenshinImpact.GameTask.CharacterDevelopment.CharacterDevelopmentStateMachineTask
状态机迭代 4，当前状态：SelectElementFilter

[00:13:34.746] [DBG] [Primary:S1:P11492:T1786550700071] BetterGenshinImpact.GameTask.CharacterDevelopment.CharacterDevelopmentStateMachineTask
状态转换成功：SelectWeaponFilter

[00:13:35.088] [DBG] [Primary:S1:P11492:T1786550700071] BetterGenshinImpact.GameTask.CharacterDevelopment.CharacterDevelopmentStateMachineTask
状态机迭代 5，当前状态：SelectWeaponFilter

[00:13:35.717] [DBG] [Primary:S1:P11492:T1786550700071] BetterGenshinImpact.GameTask.CharacterDevelopment.CharacterDevelopmentStateMachineTask
角色养成识别：未找到武器筛选项 "弓"

[00:13:35.718] [WRN] [Primary:S1:P11492:T1786550700071] BetterGenshinImpact.GameTask.CharacterDevelopment.CharacterDevelopmentStateMachineTask
状态 SelectWeaponFilter "Handler 返回 Retry"，将在重试超时窗口内继续重试（第 1 次，已用 630/12000 ms）

[00:13:36.373] [DBG] [Primary:S1:P11492:T1786550700071] BetterGenshinImpact.GameTask.CharacterDevelopment.CharacterDevelopmentStateMachineTask
状态机迭代 6，当前状态：SelectWeaponFilter

[00:13:37.109] [DBG] [Primary:S1:P11492:T1786550700071] BetterGenshinImpact.GameTask.CharacterDevelopment.CharacterDevelopmentStateMachineTask
角色养成识别：未找到武器筛选项 "弓"

[00:13:37.110] [WRN] [Primary:S1:P11492:T1786550700071] BetterGenshinImpact.GameTask.CharacterDevelopment.CharacterDevelopmentStateMachineTask
状态 SelectWeaponFilter "Handler 返回 Retry"，将在重试超时窗口内继续重试（第 2 次，已用 2021/12000 ms）

[00:13:37.768] [DBG] [Primary:S1:P11492:T1786550700071] BetterGenshinImpact.GameTask.CharacterDevelopment.CharacterDevelopmentStateMachineTask
状态机迭代 7，当前状态：SelectWeaponFilter

[00:13:38.586] [DBG] [Primary:S1:P11492:T1786550700071] BetterGenshinImpact.GameTask.CharacterDevelopment.CharacterDevelopmentStateMachineTask
角色养成识别：未找到武器筛选项 "弓"

[00:13:38.586] [WRN] [Primary:S1:P11492:T1786550700071] BetterGenshinImpact.GameTask.CharacterDevelopment.CharacterDevelopmentStateMachineTask
状态 SelectWeaponFilter "Handler 返回 Retry"，将在重试超时窗口内继续重试（第 3 次，已用 3498/12000 ms）

[00:13:39.072] [DBG] [Primary:S1:P11492:T1786550700071] BetterGenshinImpact.GameTask.CharacterDevelopment.CharacterDevelopmentStateMachineTask
状态机迭代 8，当前状态：SelectWeaponFilter

[00:13:39.608] [DBG] [Primary:S1:P11492:T1786550700071] BetterGenshinImpact.GameTask.CharacterDevelopment.CharacterDevelopmentStateMachineTask
角色养成识别：未找到武器筛选项 "弓"

[00:13:39.608] [WRN] [Primary:S1:P11492:T1786550700071] BetterGenshinImpact.GameTask.CharacterDevelopment.CharacterDevelopmentStateMachineTask
状态 SelectWeaponFilter "Handler 返回 Retry"，将在重试超时窗口内继续重试（第 4 次，已用 4520/12000 ms）

[00:13:40.306] [DBG] [Primary:S1:P11492:T1786550700071] BetterGenshinImpact.GameTask.CharacterDevelopment.CharacterDevelopmentStateMachineTask
状态机迭代 9，当前状态：SelectWeaponFilter

[00:13:40.805] [DBG] [Primary:S1:P11492:T1786550700071] BetterGenshinImpact.GameTask.CharacterDevelopment.CharacterDevelopmentStateMachineTask
角色养成识别：未找到武器筛选项 "弓"

[00:13:40.805] [WRN] [Primary:S1:P11492:T1786550700071] BetterGenshinImpact.GameTask.CharacterDevelopment.CharacterDevelopmentStateMachineTask
状态 SelectWeaponFilter "Handler 返回 Retry"，将在重试超时窗口内继续重试（第 5 次，已用 5717/12000 ms）

[00:13:41.383] [DBG] [Primary:S1:P11492:T1786550700071] BetterGenshinImpact.GameTask.CharacterDevelopment.CharacterDevelopmentStateMachineTask
状态机迭代 10，当前状态：SelectWeaponFilter

[00:13:42.006] [DBG] [Primary:S1:P11492:T1786550700071] BetterGenshinImpact.GameTask.CharacterDevelopment.CharacterDevelopmentStateMachineTask
角色养成识别：未找到武器筛选项 "弓"

[00:13:42.006] [WRN] [Primary:S1:P11492:T1786550700071] BetterGenshinImpact.GameTask.CharacterDevelopment.CharacterDevelopmentStateMachineTask
状态 SelectWeaponFilter "Handler 返回 Retry"，将在重试超时窗口内继续重试（第 6 次，已用 6918/12000 ms）

[00:13:42.697] [DBG] [Primary:S1:P11492:T1786550700071] BetterGenshinImpact.GameTask.CharacterDevelopment.CharacterDevelopmentStateMachineTask
状态机迭代 11，当前状态：SelectWeaponFilter

[00:13:43.449] [DBG] [Primary:S1:P11492:T1786550700071] BetterGenshinImpact.GameTask.CharacterDevelopment.CharacterDevelopmentStateMachineTask
角色养成识别：未找到武器筛选项 "弓"

[00:13:43.449] [WRN] [Primary:S1:P11492:T1786550700071] BetterGenshinImpact.GameTask.CharacterDevelopment.CharacterDevelopmentStateMachineTask
状态 SelectWeaponFilter "Handler 返回 Retry"，将在重试超时窗口内继续重试（第 7 次，已用 8361/12000 ms）

[00:13:44.078] [DBG] [Primary:S1:P11492:T1786550700071] BetterGenshinImpact.GameTask.CharacterDevelopment.CharacterDevelopmentStateMachineTask
状态机迭代 12，当前状态：SelectWeaponFilter

[00:13:44.672] [DBG] [Primary:S1:P11492:T1786550700071] BetterGenshinImpact.GameTask.CharacterDevelopment.CharacterDevelopmentStateMachineTask
角色养成识别：未找到武器筛选项 "弓"

[00:13:44.672] [WRN] [Primary:S1:P11492:T1786550700071] BetterGenshinImpact.GameTask.CharacterDevelopment.CharacterDevelopmentStateMachineTask
状态 SelectWeaponFilter "Handler 返回 Retry"，将在重试超时窗口内继续重试（第 8 次，已用 9584/12000 ms）

[00:13:45.326] [DBG] [Primary:S1:P11492:T1786550700071] BetterGenshinImpact.GameTask.CharacterDevelopment.CharacterDevelopmentStateMachineTask
状态机迭代 13，当前状态：SelectWeaponFilter

[00:13:45.966] [DBG] [Primary:S1:P11492:T1786550700071] BetterGenshinImpact.GameTask.CharacterDevelopment.CharacterDevelopmentStateMachineTask
角色养成识别：未找到武器筛选项 "弓"

[00:13:45.966] [WRN] [Primary:S1:P11492:T1786550700071] BetterGenshinImpact.GameTask.CharacterDevelopment.CharacterDevelopmentStateMachineTask
状态 SelectWeaponFilter "Handler 返回 Retry"，将在重试超时窗口内继续重试（第 9 次，已用 10878/12000 ms）

[00:13:46.707] [DBG] [Primary:S1:P11492:T1786550700071] BetterGenshinImpact.GameTask.CharacterDevelopment.CharacterDevelopmentStateMachineTask
状态机迭代 14，当前状态：SelectWeaponFilter

[00:13:47.391] [DBG] [Primary:S1:P11492:T1786550700071] BetterGenshinImpact.GameTask.CharacterDevelopment.CharacterDevelopmentStateMachineTask
角色养成识别：未找到武器筛选项 "弓"

[00:13:47.391] [ERR] [Primary:S1:P11492:T1786550700071] BetterGenshinImpact.GameTask.CharacterDevelopment.CharacterDevelopmentStateMachineTask
状态 SelectWeaponFilter "Handler 返回 Retry"，重试超时达到上限 12000 ms，转为失败

[00:13:50.673] [ERR] [Primary:S1:P11492:T1786550700071] BetterGenshinImpact.Core.Script.Dependence.Log
[测试 9/10] “雅珂达”读取失败：状态 SelectWeaponFilter 重试超时达到上限 12000 ms

[00:13:50.673] [INF] [Primary:S1:P11492:T1786550700071] BetterGenshinImpact.Core.Script.Dependence.Log
[测试 10/10] 准备读取“赛索斯”，预期筛选：雷元素＋弓

[00:13:51.783] [DBG] [Primary:S1:P11492:T1786550700071] BetterGenshinImpact.Core.Recognition.ONNX.BgiOnnxFactory
[ONNX]创建推理会话，模型: "AvatarGridIcon"

[00:13:51.914] [INF] [Primary:S1:P11492:T1786550700071] BetterGenshinImpact.GameTask.CharacterDevelopment.CharacterDevelopmentStateMachineTask
角色养成识别：准备角色 "赛索斯"，元素筛选="雷"，武器筛选="弓"

[00:13:51.915] [INF] [Primary:S1:P11492:T1786550700071] BetterGenshinImpact.GameTask.CharacterDevelopment.CharacterDevelopmentStateMachineTask
========== 状态机启动，目标状态："Completed" ==========

[00:13:52.012] [DBG] [Primary:S1:P11492:T1786550700071] BetterGenshinImpact.GameTask.CharacterDevelopment.CharacterDevelopmentStateMachineTask
状态机迭代 0，当前状态：MainUi

[00:13:52.917] [DBG] [Primary:S1:P11492:T1786550700071] BetterGenshinImpact.GameTask.CharacterDevelopment.CharacterDevelopmentStateMachineTask
状态转换成功：OpenCharacterList

[00:13:53.148] [DBG] [Primary:S1:P11492:T1786550700071] BetterGenshinImpact.GameTask.CharacterDevelopment.CharacterDevelopmentStateMachineTask
状态机迭代 1，当前状态：OpenCharacterList

[00:13:53.651] [DBG] [Primary:S1:P11492:T1786550700071] BetterGenshinImpact.GameTask.CharacterDevelopment.CharacterDevelopmentStateMachineTask
状态转换成功：OpenFilterPanel

[00:13:53.877] [DBG] [Primary:S1:P11492:T1786550700071] BetterGenshinImpact.GameTask.CharacterDevelopment.CharacterDevelopmentStateMachineTask
状态机迭代 2，当前状态：OpenFilterPanel

[00:13:54.476] [DBG] [Primary:S1:P11492:T1786550700071] BetterGenshinImpact.GameTask.CharacterDevelopment.CharacterDevelopmentStateMachineTask
状态转换成功：FilterPanel

[00:13:54.802] [DBG] [Primary:S1:P11492:T1786550700071] BetterGenshinImpact.GameTask.CharacterDevelopment.CharacterDevelopmentStateMachineTask
状态机迭代 3，当前状态：FilterPanel

[00:13:54.984] [DBG] [Primary:S1:P11492:T1786550700071] BetterGenshinImpact.GameTask.CharacterDevelopment.CharacterDevelopmentStateMachineTask
状态转换成功：SelectElementFilter

[00:13:55.584] [DBG] [Primary:S1:P11492:T1786550700071] BetterGenshinImpact.GameTask.CharacterDevelopment.CharacterDevelopmentStateMachineTask
状态机迭代 4，当前状态：SelectElementFilter

[00:13:57.553] [DBG] [Primary:S1:P11492:T1786550700071] BetterGenshinImpact.GameTask.CharacterDevelopment.CharacterDevelopmentStateMachineTask
状态转换成功：SelectWeaponFilter

[00:13:57.941] [DBG] [Primary:S1:P11492:T1786550700071] BetterGenshinImpact.GameTask.CharacterDevelopment.CharacterDevelopmentStateMachineTask
状态机迭代 5，当前状态：SelectWeaponFilter

[00:13:58.605] [DBG] [Primary:S1:P11492:T1786550700071] BetterGenshinImpact.GameTask.CharacterDevelopment.CharacterDevelopmentStateMachineTask
角色养成识别：未找到武器筛选项 "弓"

[00:13:58.605] [WRN] [Primary:S1:P11492:T1786550700071] BetterGenshinImpact.GameTask.CharacterDevelopment.CharacterDevelopmentStateMachineTask
状态 SelectWeaponFilter "Handler 返回 Retry"，将在重试超时窗口内继续重试（第 1 次，已用 663/12000 ms）

[00:13:59.215] [DBG] [Primary:S1:P11492:T1786550700071] BetterGenshinImpact.GameTask.CharacterDevelopment.CharacterDevelopmentStateMachineTask
状态机迭代 6，当前状态：SelectWeaponFilter

[00:14:00.032] [DBG] [Primary:S1:P11492:T1786550700071] BetterGenshinImpact.GameTask.CharacterDevelopment.CharacterDevelopmentStateMachineTask
角色养成识别：未找到武器筛选项 "弓"

[00:14:00.032] [WRN] [Primary:S1:P11492:T1786550700071] BetterGenshinImpact.GameTask.CharacterDevelopment.CharacterDevelopmentStateMachineTask
状态 SelectWeaponFilter "Handler 返回 Retry"，将在重试超时窗口内继续重试（第 2 次，已用 2090/12000 ms）

[00:14:00.566] [DBG] [Primary:S1:P11492:T1786550700071] BetterGenshinImpact.GameTask.CharacterDevelopment.CharacterDevelopmentStateMachineTask
状态机迭代 7，当前状态：SelectWeaponFilter

[00:14:01.059] [DBG] [Primary:S1:P11492:T1786550700071] BetterGenshinImpact.GameTask.CharacterDevelopment.CharacterDevelopmentStateMachineTask
角色养成识别：未找到武器筛选项 "弓"

[00:14:01.059] [WRN] [Primary:S1:P11492:T1786550700071] BetterGenshinImpact.GameTask.CharacterDevelopment.CharacterDevelopmentStateMachineTask
状态 SelectWeaponFilter "Handler 返回 Retry"，将在重试超时窗口内继续重试（第 3 次，已用 3117/12000 ms）

[00:14:01.701] [DBG] [Primary:S1:P11492:T1786550700071] BetterGenshinImpact.GameTask.CharacterDevelopment.CharacterDevelopmentStateMachineTask
状态机迭代 8，当前状态：SelectWeaponFilter

[00:14:02.453] [DBG] [Primary:S1:P11492:T1786550700071] BetterGenshinImpact.GameTask.CharacterDevelopment.CharacterDevelopmentStateMachineTask
角色养成识别：未找到武器筛选项 "弓"

[00:14:02.453] [WRN] [Primary:S1:P11492:T1786550700071] BetterGenshinImpact.GameTask.CharacterDevelopment.CharacterDevelopmentStateMachineTask
状态 SelectWeaponFilter "Handler 返回 Retry"，将在重试超时窗口内继续重试（第 4 次，已用 4511/12000 ms）

[00:14:03.064] [DBG] [Primary:S1:P11492:T1786550700071] BetterGenshinImpact.GameTask.CharacterDevelopment.CharacterDevelopmentStateMachineTask
状态机迭代 9，当前状态：SelectWeaponFilter

[00:14:03.731] [DBG] [Primary:S1:P11492:T1786550700071] BetterGenshinImpact.GameTask.CharacterDevelopment.CharacterDevelopmentStateMachineTask
角色养成识别：未找到武器筛选项 "弓"

[00:14:03.731] [WRN] [Primary:S1:P11492:T1786550700071] BetterGenshinImpact.GameTask.CharacterDevelopment.CharacterDevelopmentStateMachineTask
状态 SelectWeaponFilter "Handler 返回 Retry"，将在重试超时窗口内继续重试（第 5 次，已用 5790/12000 ms）

[00:14:04.351] [DBG] [Primary:S1:P11492:T1786550700071] BetterGenshinImpact.GameTask.CharacterDevelopment.CharacterDevelopmentStateMachineTask
状态机迭代 10，当前状态：SelectWeaponFilter

[00:14:05.025] [DBG] [Primary:S1:P11492:T1786550700071] BetterGenshinImpact.GameTask.CharacterDevelopment.CharacterDevelopmentStateMachineTask
角色养成识别：未找到武器筛选项 "弓"

[00:14:05.025] [WRN] [Primary:S1:P11492:T1786550700071] BetterGenshinImpact.GameTask.CharacterDevelopment.CharacterDevelopmentStateMachineTask
状态 SelectWeaponFilter "Handler 返回 Retry"，将在重试超时窗口内继续重试（第 6 次，已用 7084/12000 ms）

[00:14:05.670] [DBG] [Primary:S1:P11492:T1786550700071] BetterGenshinImpact.GameTask.CharacterDevelopment.CharacterDevelopmentStateMachineTask
状态机迭代 11，当前状态：SelectWeaponFilter

[00:14:06.381] [DBG] [Primary:S1:P11492:T1786550700071] BetterGenshinImpact.GameTask.CharacterDevelopment.CharacterDevelopmentStateMachineTask
角色养成识别：未找到武器筛选项 "弓"

[00:14:06.381] [WRN] [Primary:S1:P11492:T1786550700071] BetterGenshinImpact.GameTask.CharacterDevelopment.CharacterDevelopmentStateMachineTask
状态 SelectWeaponFilter "Handler 返回 Retry"，将在重试超时窗口内继续重试（第 7 次，已用 8439/12000 ms）

[00:14:06.989] [DBG] [Primary:S1:P11492:T1786550700071] BetterGenshinImpact.GameTask.CharacterDevelopment.CharacterDevelopmentStateMachineTask
状态机迭代 12，当前状态：SelectWeaponFilter

[00:14:07.559] [DBG] [Primary:S1:P11492:T1786550700071] BetterGenshinImpact.GameTask.CharacterDevelopment.CharacterDevelopmentStateMachineTask
角色养成识别：未找到武器筛选项 "弓"

[00:14:07.560] [WRN] [Primary:S1:P11492:T1786550700071] BetterGenshinImpact.GameTask.CharacterDevelopment.CharacterDevelopmentStateMachineTask
状态 SelectWeaponFilter "Handler 返回 Retry"，将在重试超时窗口内继续重试（第 8 次，已用 9618/12000 ms）

[00:14:08.093] [DBG] [Primary:S1:P11492:T1786550700071] BetterGenshinImpact.GameTask.CharacterDevelopment.CharacterDevelopmentStateMachineTask
状态机迭代 13，当前状态：SelectWeaponFilter

[00:14:08.544] [DBG] [Primary:S1:P11492:T1786550700071] BetterGenshinImpact.GameTask.CharacterDevelopment.CharacterDevelopmentStateMachineTask
角色养成识别：未找到武器筛选项 "弓"

[00:14:08.553] [WRN] [Primary:S1:P11492:T1786550700071] BetterGenshinImpact.GameTask.CharacterDevelopment.CharacterDevelopmentStateMachineTask
状态 SelectWeaponFilter "Handler 返回 Retry"，将在重试超时窗口内继续重试（第 9 次，已用 10611/12000 ms）

[00:14:09.180] [DBG] [Primary:S1:P11492:T1786550700071] BetterGenshinImpact.GameTask.CharacterDevelopment.CharacterDevelopmentStateMachineTask
状态机迭代 14，当前状态：SelectWeaponFilter

[00:14:09.858] [DBG] [Primary:S1:P11492:T1786550700071] BetterGenshinImpact.GameTask.CharacterDevelopment.CharacterDevelopmentStateMachineTask
角色养成识别：未找到武器筛选项 "弓"

[00:14:09.858] [WRN] [Primary:S1:P11492:T1786550700071] BetterGenshinImpact.GameTask.CharacterDevelopment.CharacterDevelopmentStateMachineTask
状态 SelectWeaponFilter "Handler 返回 Retry"，将在重试超时窗口内继续重试（第 10 次，已用 11916/12000 ms）

[00:14:10.425] [DBG] [Primary:S1:P11492:T1786550700071] BetterGenshinImpact.GameTask.CharacterDevelopment.CharacterDevelopmentStateMachineTask
状态机迭代 15，当前状态：SelectWeaponFilter

[00:14:11.122] [DBG] [Primary:S1:P11492:T1786550700071] BetterGenshinImpact.GameTask.CharacterDevelopment.CharacterDevelopmentStateMachineTask
角色养成识别：未找到武器筛选项 "弓"

[00:14:11.122] [ERR] [Primary:S1:P11492:T1786550700071] BetterGenshinImpact.GameTask.CharacterDevelopment.CharacterDevelopmentStateMachineTask
状态 SelectWeaponFilter "Handler 返回 Retry"，重试超时达到上限 12000 ms，转为失败

[00:14:14.456] [ERR] [Primary:S1:P11492:T1786550700071] BetterGenshinImpact.Core.Script.Dependence.Log
[测试 10/10] “赛索斯”读取失败：状态 SelectWeaponFilter 重试超时达到上限 12000 ms

[00:14:14.509] [INF] [Primary:S1:P11492:T1786550700071] BetterGenshinImpact.Core.Script.Dependence.Log
========== 测试汇总 ==========

[00:14:14.510] [INF] [Primary:S1:P11492:T1786550700071] BetterGenshinImpact.Core.Script.Dependence.Log
[汇总] 七七（冰元素＋单手剑）：失败｜角色等级 OCR 在 10 次内未达到连续 3 次一致，最大连续次数=1，末次结果=等级80
0/80

[00:14:14.510] [INF] [Primary:S1:P11492:T1786550700071] BetterGenshinImpact.Core.Script.Dependence.Log
[汇总] 凯亚（冰元素＋单手剑）：成功

[00:14:14.510] [INF] [Primary:S1:P11492:T1786550700071] BetterGenshinImpact.Core.Script.Dependence.Log
[汇总] 桑多涅（冰元素＋双手剑）：失败｜角色等级 OCR 在 10 次内未达到连续 3 次一致，最大连续次数=0，末次结果=等级80
0/80-

[00:14:14.510] [INF] [Primary:S1:P11492:T1786550700071] BetterGenshinImpact.Core.Script.Dependence.Log
[汇总] 诺艾尔（岩元素＋双手剑）：成功

[00:14:14.510] [INF] [Primary:S1:P11492:T1786550700071] BetterGenshinImpact.Core.Script.Dependence.Log
[汇总] 申鹤（冰元素＋长柄武器）：失败｜角色等级 OCR 在 10 次内未达到连续 3 次一致，最大连续次数=1，末次结果=等级80
0/80

[00:14:14.510] [INF] [Primary:S1:P11492:T1786550700071] BetterGenshinImpact.Core.Script.Dependence.Log
[汇总] 香菱（火元素＋长柄武器）：成功

[00:14:14.510] [INF] [Primary:S1:P11492:T1786550700071] BetterGenshinImpact.Core.Script.Dependence.Log
[汇总] 莫娜（水元素＋法器）：成功

[00:14:14.510] [INF] [Primary:S1:P11492:T1786550700071] BetterGenshinImpact.Core.Script.Dependence.Log
[汇总] 珊瑚宫心海（水元素＋法器）：失败｜角色等级 OCR 在 10 次内未达到连续 3 次一致，最大连续次数=0，末次结果=0/80
等级80

[00:14:14.510] [INF] [Primary:S1:P11492:T1786550700071] BetterGenshinImpact.Core.Script.Dependence.Log
[汇总] 雅珂达（风元素＋弓）：失败｜状态 SelectWeaponFilter 重试超时达到上限 12000 ms

[00:14:14.510] [INF] [Primary:S1:P11492:T1786550700071] BetterGenshinImpact.Core.Script.Dependence.Log
[汇总] 赛索斯（雷元素＋弓）：失败｜状态 SelectWeaponFilter 重试超时达到上限 12000 ms

[00:14:14.510] [INF] [Primary:S1:P11492:T1786550700071] BetterGenshinImpact.Core.Script.Dependence.Log
========== 角色武器筛选复现测试结束 ==========

[00:14:14.514] [INF] [Primary:S1:P11492:T1786550700071] BetterGenshinImpact.Service.ScriptService
→ 脚本执行结束: "角色武器筛选复现测试", 耗时: 3分20.017秒

[00:14:14.514] [INF] [Primary:S1:P11492:T1786550700071] BetterGenshinImpact.Service.ScriptService
------------------------------

[00:14:15.542] [INF] [Primary:S1:P11492:T1786550700071] BetterGenshinImpact.GameTask.TaskRunner
→ "任务结束"

[00:14:15.560] [INF] [Primary:S1:P11492:T1786550700071] BetterGenshinImpact.Service.ScriptService
配置组 "武器bug测试" 执行结束

[00:15:05.728] [INF] [Primary:S1:P11492:T1786550700071] BetterGenshinImpact.Service.ScriptService
配置组 "角色等级bug测试" 加载完成，共1个脚本，开始执行

[00:15:05.728] [INF] [Primary:S1:P11492:T1786550700071] BetterGenshinImpact.GameTask.TaskRunner
→ "任务启动！"

[00:15:05.803] [WRN] [Primary:S1:P11492:T1786550700071] BetterGenshinImpact.GameTask.TaskTriggerDispatcher
截图失败!

[00:15:06.376] [INF] [Primary:S1:P11492:T1786550700071] BetterGenshinImpact.Service.ScriptService
------------------------------

[00:15:06.377] [INF] [Primary:S1:P11492:T1786550700071] BetterGenshinImpact.Service.ScriptService
→ 开始执行JS脚本: "角色养成接口复现测试"

[00:15:06.466] [INF] [Primary:S1:P11492:T1786550700071] BetterGenshinImpact.Core.Script.Dependence.Log
========== 角色养成接口复现测试开始 ==========

[00:15:06.466] [INF] [Primary:S1:P11492:T1786550700071] BetterGenshinImpact.Core.Script.Dependence.Log
[说明] 本脚本只读取角色属性，用于收集不同等级样本；不读取背包、不刷取材料、不消耗树脂

[00:15:06.467] [INF] [Primary:S1:P11492:T1786550700071] BetterGenshinImpact.Core.Script.Dependence.Log
[测试 1/9] 准备读取“尼可”

[00:15:07.642] [DBG] [Primary:S1:P11492:T1786550700071] BetterGenshinImpact.Core.Recognition.ONNX.BgiOnnxFactory
[ONNX]创建推理会话，模型: "AvatarGridIcon"

[00:15:07.879] [INF] [Primary:S1:P11492:T1786550700071] BetterGenshinImpact.GameTask.CharacterDevelopment.CharacterDevelopmentStateMachineTask
角色养成识别：准备角色 "尼可"，元素筛选="火"，武器筛选="法器"

[00:15:07.879] [INF] [Primary:S1:P11492:T1786550700071] BetterGenshinImpact.GameTask.CharacterDevelopment.CharacterDevelopmentStateMachineTask
========== 状态机启动，目标状态："Completed" ==========

[00:15:07.978] [DBG] [Primary:S1:P11492:T1786550700071] BetterGenshinImpact.GameTask.CharacterDevelopment.CharacterDevelopmentStateMachineTask
状态机迭代 0，当前状态：MainUi

[00:15:09.026] [DBG] [Primary:S1:P11492:T1786550700071] BetterGenshinImpact.GameTask.CharacterDevelopment.CharacterDevelopmentStateMachineTask
状态转换成功：OpenCharacterList

[00:15:09.273] [DBG] [Primary:S1:P11492:T1786550700071] BetterGenshinImpact.GameTask.CharacterDevelopment.CharacterDevelopmentStateMachineTask
状态机迭代 1，当前状态：OpenCharacterList

[00:15:09.768] [DBG] [Primary:S1:P11492:T1786550700071] BetterGenshinImpact.GameTask.CharacterDevelopment.CharacterDevelopmentStateMachineTask
状态转换成功：OpenFilterPanel

[00:15:10.012] [DBG] [Primary:S1:P11492:T1786550700071] BetterGenshinImpact.GameTask.CharacterDevelopment.CharacterDevelopmentStateMachineTask
状态机迭代 2，当前状态：OpenFilterPanel

[00:15:10.824] [DBG] [Primary:S1:P11492:T1786550700071] BetterGenshinImpact.GameTask.CharacterDevelopment.CharacterDevelopmentStateMachineTask
状态转换成功：FilterPanel

[00:15:11.202] [DBG] [Primary:S1:P11492:T1786550700071] BetterGenshinImpact.GameTask.CharacterDevelopment.CharacterDevelopmentStateMachineTask
状态机迭代 3，当前状态：FilterPanel

[00:15:11.390] [DBG] [Primary:S1:P11492:T1786550700071] BetterGenshinImpact.GameTask.CharacterDevelopment.CharacterDevelopmentStateMachineTask
状态转换成功：SelectElementFilter

[00:15:11.940] [DBG] [Primary:S1:P11492:T1786550700071] BetterGenshinImpact.GameTask.CharacterDevelopment.CharacterDevelopmentStateMachineTask
状态机迭代 4，当前状态：SelectElementFilter

[00:15:13.772] [DBG] [Primary:S1:P11492:T1786550700071] BetterGenshinImpact.GameTask.CharacterDevelopment.CharacterDevelopmentStateMachineTask
状态转换成功：SelectWeaponFilter

[00:15:14.080] [DBG] [Primary:S1:P11492:T1786550700071] BetterGenshinImpact.GameTask.CharacterDevelopment.CharacterDevelopmentStateMachineTask
状态机迭代 5，当前状态：SelectWeaponFilter

[00:15:15.317] [DBG] [Primary:S1:P11492:T1786550700071] BetterGenshinImpact.GameTask.CharacterDevelopment.CharacterDevelopmentStateMachineTask
状态转换成功：ConfirmFilterPanel

[00:15:15.567] [DBG] [Primary:S1:P11492:T1786550700071] BetterGenshinImpact.GameTask.CharacterDevelopment.CharacterDevelopmentStateMachineTask
状态机迭代 6，当前状态：ConfirmFilterPanel

[00:15:16.355] [DBG] [Primary:S1:P11492:T1786550700071] BetterGenshinImpact.GameTask.CharacterDevelopment.CharacterDevelopmentStateMachineTask
状态转换成功：FindAndClickAvatar

[00:15:16.589] [DBG] [Primary:S1:P11492:T1786550700071] BetterGenshinImpact.GameTask.CharacterDevelopment.CharacterDevelopmentStateMachineTask
状态机迭代 7，当前状态：FindAndClickAvatar

[00:15:16.609] [DBG] [Primary:S1:P11492:T1786550700071] BetterGenshinImpact.GameTask.CharacterDevelopment.CharacterDevelopmentStateMachineTask
角色养成识别：白色底栏连通域 6 个，生成 3 个合法卡片，边界丢弃 0 个（第 1/3 次）

[00:15:16.636] [DBG] [Primary:S1:P11492:T1786550700071] BetterGenshinImpact.GameTask.CharacterDevelopment.CharacterDevelopmentStateMachineTask
角色养成识别：识别头像 "尼可"，元素="火"，score=0.989

[00:15:17.257] [DBG] [Primary:S1:P11492:T1786550700071] BetterGenshinImpact.GameTask.CharacterDevelopment.CharacterDevelopmentStateMachineTask
状态转换成功：SelectedCharacter

[00:15:17.500] [DBG] [Primary:S1:P11492:T1786550700071] BetterGenshinImpact.GameTask.CharacterDevelopment.CharacterDevelopmentStateMachineTask
状态机迭代 8，当前状态：SelectedCharacter

[00:15:17.889] [DBG] [Primary:S1:P11492:T1786550700071] BetterGenshinImpact.GameTask.CharacterDevelopment.CharacterDevelopmentStateMachineTask
状态转换成功：SwitchCategory

[00:15:18.136] [DBG] [Primary:S1:P11492:T1786550700071] BetterGenshinImpact.GameTask.CharacterDevelopment.CharacterDevelopmentStateMachineTask
状态机迭代 9，当前状态：SwitchCategory

[00:15:19.074] [DBG] [Primary:S1:P11492:T1786550700071] BetterGenshinImpact.GameTask.CharacterDevelopment.CharacterDevelopmentStateMachineTask
状态转换成功：ReadCategory

[00:15:19.321] [DBG] [Primary:S1:P11492:T1786550700071] BetterGenshinImpact.GameTask.CharacterDevelopment.CharacterDevelopmentStateMachineTask
状态机迭代 10，当前状态：ReadCategory

[00:15:20.347] [DBG] [Primary:S1:P11492:T1786550700071] BetterGenshinImpact.GameTask.CharacterDevelopment.CharacterDevelopmentStateMachineTask
状态转换成功：SwitchCategory

[00:15:20.587] [DBG] [Primary:S1:P11492:T1786550700071] BetterGenshinImpact.GameTask.CharacterDevelopment.CharacterDevelopmentStateMachineTask
状态机迭代 11，当前状态：SwitchCategory

[00:15:20.628] [DBG] [Primary:S1:P11492:T1786550700071] BetterGenshinImpact.GameTask.CharacterDevelopment.CharacterDevelopmentStateMachineTask
状态转换成功：ReturnMainUi

[00:15:20.884] [DBG] [Primary:S1:P11492:T1786550700071] BetterGenshinImpact.GameTask.CharacterDevelopment.CharacterDevelopmentStateMachineTask
状态机迭代 12，当前状态：ReturnMainUi

[00:15:22.090] [DBG] [Primary:S1:P11492:T1786550700071] BetterGenshinImpact.GameTask.CharacterDevelopment.CharacterDevelopmentStateMachineTask
状态转换成功：Completed

[00:15:22.407] [INF] [Primary:S1:P11492:T1786550700071] BetterGenshinImpact.GameTask.CharacterDevelopment.CharacterDevelopmentStateMachineTask
========== 状态机完成，到达目标状态：Completed ==========

[00:15:22.416] [INF] [Primary:S1:P11492:T1786550700071] BetterGenshinImpact.Core.Script.Dependence.Log
[测试 1/9] “尼可”读取成功

[00:15:22.418] [INF] [Primary:S1:P11492:T1786550700071] BetterGenshinImpact.Core.Script.Dependence.Log
[结果] {"CharacterName":"尼可","ElementType":"火","Level":90,"LevelLimit":90,"WeaponName":null,"WeaponLevel":null,"WeaponLevelLimit":null,"AttackLevel":null,"AttackHasBonus":null,"SkillLevel":null,"SkillHasBonus":null,"BurstLevel":null,"BurstHasBonus":null}

[00:15:22.419] [INF] [Primary:S1:P11492:T1786550700071] BetterGenshinImpact.Core.Script.Dependence.Log
[测试 2/9] 准备读取“丝柯克”

[00:15:23.509] [DBG] [Primary:S1:P11492:T1786550700071] BetterGenshinImpact.Core.Recognition.ONNX.BgiOnnxFactory
[ONNX]创建推理会话，模型: "AvatarGridIcon"

[00:15:23.680] [INF] [Primary:S1:P11492:T1786550700071] BetterGenshinImpact.GameTask.CharacterDevelopment.CharacterDevelopmentStateMachineTask
角色养成识别：准备角色 "丝柯克"，元素筛选="冰"，武器筛选="单手剑"

[00:15:23.680] [INF] [Primary:S1:P11492:T1786550700071] BetterGenshinImpact.GameTask.CharacterDevelopment.CharacterDevelopmentStateMachineTask
========== 状态机启动，目标状态："Completed" ==========

[00:15:23.789] [DBG] [Primary:S1:P11492:T1786550700071] BetterGenshinImpact.GameTask.CharacterDevelopment.CharacterDevelopmentStateMachineTask
状态机迭代 0，当前状态：MainUi

[00:15:24.710] [DBG] [Primary:S1:P11492:T1786550700071] BetterGenshinImpact.GameTask.CharacterDevelopment.CharacterDevelopmentStateMachineTask
状态转换成功：OpenCharacterList

[00:15:24.940] [DBG] [Primary:S1:P11492:T1786550700071] BetterGenshinImpact.GameTask.CharacterDevelopment.CharacterDevelopmentStateMachineTask
状态机迭代 1，当前状态：OpenCharacterList

[00:15:25.410] [DBG] [Primary:S1:P11492:T1786550700071] BetterGenshinImpact.GameTask.CharacterDevelopment.CharacterDevelopmentStateMachineTask
状态转换成功：OpenFilterPanel

[00:15:25.636] [DBG] [Primary:S1:P11492:T1786550700071] BetterGenshinImpact.GameTask.CharacterDevelopment.CharacterDevelopmentStateMachineTask
状态机迭代 2，当前状态：OpenFilterPanel

[00:15:26.213] [DBG] [Primary:S1:P11492:T1786550700071] BetterGenshinImpact.GameTask.CharacterDevelopment.CharacterDevelopmentStateMachineTask
状态转换成功：FilterPanel

[00:15:26.627] [DBG] [Primary:S1:P11492:T1786550700071] BetterGenshinImpact.GameTask.CharacterDevelopment.CharacterDevelopmentStateMachineTask
状态机迭代 3，当前状态：FilterPanel

[00:15:26.751] [DBG] [Primary:S1:P11492:T1786550700071] BetterGenshinImpact.GameTask.CharacterDevelopment.CharacterDevelopmentStateMachineTask
状态转换成功：SelectElementFilter

[00:15:27.310] [DBG] [Primary:S1:P11492:T1786550700071] BetterGenshinImpact.GameTask.CharacterDevelopment.CharacterDevelopmentStateMachineTask
状态机迭代 4，当前状态：SelectElementFilter

[00:15:29.548] [DBG] [Primary:S1:P11492:T1786550700071] BetterGenshinImpact.GameTask.CharacterDevelopment.CharacterDevelopmentStateMachineTask
状态转换成功：SelectWeaponFilter

[00:15:29.956] [DBG] [Primary:S1:P11492:T1786550700071] BetterGenshinImpact.GameTask.CharacterDevelopment.CharacterDevelopmentStateMachineTask
状态机迭代 5，当前状态：SelectWeaponFilter

[00:15:31.174] [DBG] [Primary:S1:P11492:T1786550700071] BetterGenshinImpact.GameTask.CharacterDevelopment.CharacterDevelopmentStateMachineTask
状态转换成功：ConfirmFilterPanel

[00:15:31.402] [DBG] [Primary:S1:P11492:T1786550700071] BetterGenshinImpact.GameTask.CharacterDevelopment.CharacterDevelopmentStateMachineTask
状态机迭代 6，当前状态：ConfirmFilterPanel

[00:15:32.285] [DBG] [Primary:S1:P11492:T1786550700071] BetterGenshinImpact.GameTask.CharacterDevelopment.CharacterDevelopmentStateMachineTask
状态转换成功：FindAndClickAvatar

[00:15:32.514] [DBG] [Primary:S1:P11492:T1786550700071] BetterGenshinImpact.GameTask.CharacterDevelopment.CharacterDevelopmentStateMachineTask
状态机迭代 7，当前状态：FindAndClickAvatar

[00:15:32.562] [DBG] [Primary:S1:P11492:T1786550700071] BetterGenshinImpact.GameTask.CharacterDevelopment.CharacterDevelopmentStateMachineTask
角色养成识别：白色底栏连通域 15 个，生成 5 个合法卡片，边界丢弃 0 个（第 1/3 次）

[00:15:32.570] [DBG] [Primary:S1:P11492:T1786550700071] BetterGenshinImpact.GameTask.CharacterDevelopment.CharacterDevelopmentStateMachineTask
角色养成识别：识别头像 "丝柯克"，元素="冰"，score=0.984

[00:15:33.164] [DBG] [Primary:S1:P11492:T1786550700071] BetterGenshinImpact.GameTask.CharacterDevelopment.CharacterDevelopmentStateMachineTask
状态转换成功：SelectedCharacter

[00:15:33.421] [DBG] [Primary:S1:P11492:T1786550700071] BetterGenshinImpact.GameTask.CharacterDevelopment.CharacterDevelopmentStateMachineTask
状态机迭代 8，当前状态：SelectedCharacter

[00:15:33.827] [DBG] [Primary:S1:P11492:T1786550700071] BetterGenshinImpact.GameTask.CharacterDevelopment.CharacterDevelopmentStateMachineTask
状态转换成功：SwitchCategory

[00:15:34.081] [DBG] [Primary:S1:P11492:T1786550700071] BetterGenshinImpact.GameTask.CharacterDevelopment.CharacterDevelopmentStateMachineTask
状态机迭代 9，当前状态：SwitchCategory

[00:15:35.777] [DBG] [Primary:S1:P11492:T1786550700071] BetterGenshinImpact.GameTask.CharacterDevelopment.CharacterDevelopmentStateMachineTask
状态转换成功：ReadCategory

[00:15:36.017] [DBG] [Primary:S1:P11492:T1786550700071] BetterGenshinImpact.GameTask.CharacterDevelopment.CharacterDevelopmentStateMachineTask
状态机迭代 10，当前状态：ReadCategory

[00:15:38.074] [DBG] [Primary:S1:P11492:T1786550700071] BetterGenshinImpact.GameTask.CharacterDevelopment.CharacterDevelopmentStateMachineTask
角色养成识别："角色等级" OCR 第 5/10 次解析失败，结果="等级90
0/90"

[00:15:38.539] [DBG] [Primary:S1:P11492:T1786550700071] BetterGenshinImpact.GameTask.CharacterDevelopment.CharacterDevelopmentStateMachineTask
角色养成识别："角色等级" OCR 第 6/10 次解析失败，结果="0/90
等级90"

[00:15:38.973] [DBG] [Primary:S1:P11492:T1786550700071] BetterGenshinImpact.GameTask.CharacterDevelopment.CharacterDevelopmentStateMachineTask
角色养成识别："角色等级" OCR 第 7/10 次解析失败，结果="0/90
等级90"

[00:15:39.346] [DBG] [Primary:S1:P11492:T1786550700071] BetterGenshinImpact.GameTask.CharacterDevelopment.CharacterDevelopmentStateMachineTask
角色养成识别："角色等级" OCR 第 8/10 次解析失败，结果="0/90
等级90"

[00:15:40.234] [DBG] [Primary:S1:P11492:T1786550700071] BetterGenshinImpact.GameTask.CharacterDevelopment.CharacterDevelopmentStateMachineTask
角色养成识别："角色等级" OCR 第 10/10 次解析失败，结果="0/90
等级90"

[00:15:41.474] [ERR] [Primary:S1:P11492:T1786550700071] BetterGenshinImpact.Core.Script.Dependence.Log
[测试 2/9] “丝柯克”读取失败：角色等级 OCR 在 10 次内未达到连续 3 次一致，最大连续次数=2，末次结果=0/90
等级90

[00:15:41.475] [INF] [Primary:S1:P11492:T1786550700071] BetterGenshinImpact.Core.Script.Dependence.Log
[测试 3/9] 准备读取“瓦雷莎”

[00:15:42.576] [DBG] [Primary:S1:P11492:T1786550700071] BetterGenshinImpact.Core.Recognition.ONNX.BgiOnnxFactory
[ONNX]创建推理会话，模型: "AvatarGridIcon"

[00:15:42.728] [INF] [Primary:S1:P11492:T1786550700071] BetterGenshinImpact.GameTask.CharacterDevelopment.CharacterDevelopmentStateMachineTask
角色养成识别：准备角色 "瓦雷莎"，元素筛选="雷"，武器筛选="法器"

[00:15:42.728] [INF] [Primary:S1:P11492:T1786550700071] BetterGenshinImpact.GameTask.CharacterDevelopment.CharacterDevelopmentStateMachineTask
========== 状态机启动，目标状态："Completed" ==========

[00:15:42.816] [DBG] [Primary:S1:P11492:T1786550700071] BetterGenshinImpact.GameTask.CharacterDevelopment.CharacterDevelopmentStateMachineTask
状态机迭代 0，当前状态：MainUi

[00:15:43.763] [DBG] [Primary:S1:P11492:T1786550700071] BetterGenshinImpact.GameTask.CharacterDevelopment.CharacterDevelopmentStateMachineTask
状态转换成功：OpenCharacterList

[00:15:43.991] [DBG] [Primary:S1:P11492:T1786550700071] BetterGenshinImpact.GameTask.CharacterDevelopment.CharacterDevelopmentStateMachineTask
状态机迭代 1，当前状态：OpenCharacterList

[00:15:44.503] [DBG] [Primary:S1:P11492:T1786550700071] BetterGenshinImpact.GameTask.CharacterDevelopment.CharacterDevelopmentStateMachineTask
状态转换成功：OpenFilterPanel

[00:15:44.731] [DBG] [Primary:S1:P11492:T1786550700071] BetterGenshinImpact.GameTask.CharacterDevelopment.CharacterDevelopmentStateMachineTask
状态机迭代 2，当前状态：OpenFilterPanel

[00:15:45.383] [DBG] [Primary:S1:P11492:T1786550700071] BetterGenshinImpact.GameTask.CharacterDevelopment.CharacterDevelopmentStateMachineTask
状态转换成功：FilterPanel

[00:15:45.730] [DBG] [Primary:S1:P11492:T1786550700071] BetterGenshinImpact.GameTask.CharacterDevelopment.CharacterDevelopmentStateMachineTask
状态机迭代 3，当前状态：FilterPanel

[00:15:45.918] [DBG] [Primary:S1:P11492:T1786550700071] BetterGenshinImpact.GameTask.CharacterDevelopment.CharacterDevelopmentStateMachineTask
状态转换成功：SelectElementFilter

[00:15:46.561] [DBG] [Primary:S1:P11492:T1786550700071] BetterGenshinImpact.GameTask.CharacterDevelopment.CharacterDevelopmentStateMachineTask
状态机迭代 4，当前状态：SelectElementFilter

[00:15:48.751] [DBG] [Primary:S1:P11492:T1786550700071] BetterGenshinImpact.GameTask.CharacterDevelopment.CharacterDevelopmentStateMachineTask
状态转换成功：SelectWeaponFilter

[00:15:49.191] [DBG] [Primary:S1:P11492:T1786550700071] BetterGenshinImpact.GameTask.CharacterDevelopment.CharacterDevelopmentStateMachineTask
状态机迭代 5，当前状态：SelectWeaponFilter

[00:15:50.434] [DBG] [Primary:S1:P11492:T1786550700071] BetterGenshinImpact.GameTask.CharacterDevelopment.CharacterDevelopmentStateMachineTask
状态转换成功：ConfirmFilterPanel

[00:15:50.667] [DBG] [Primary:S1:P11492:T1786550700071] BetterGenshinImpact.GameTask.CharacterDevelopment.CharacterDevelopmentStateMachineTask
状态机迭代 6，当前状态：ConfirmFilterPanel

[00:15:51.487] [DBG] [Primary:S1:P11492:T1786550700071] BetterGenshinImpact.GameTask.CharacterDevelopment.CharacterDevelopmentStateMachineTask
状态转换成功：FindAndClickAvatar

[00:15:51.738] [DBG] [Primary:S1:P11492:T1786550700071] BetterGenshinImpact.GameTask.CharacterDevelopment.CharacterDevelopmentStateMachineTask
状态机迭代 7，当前状态：FindAndClickAvatar

[00:15:51.794] [DBG] [Primary:S1:P11492:T1786550700071] BetterGenshinImpact.GameTask.CharacterDevelopment.CharacterDevelopmentStateMachineTask
角色养成识别：白色底栏连通域 6 个，生成 2 个合法卡片，边界丢弃 0 个（第 1/3 次）

[00:15:51.817] [DBG] [Primary:S1:P11492:T1786550700071] BetterGenshinImpact.GameTask.CharacterDevelopment.CharacterDevelopmentStateMachineTask
角色养成识别：识别头像 "瓦雷莎"，元素="雷"，score=0.989

[00:15:52.324] [DBG] [Primary:S1:P11492:T1786550700071] BetterGenshinImpact.GameTask.CharacterDevelopment.CharacterDevelopmentStateMachineTask
状态转换成功：SelectedCharacter

[00:15:52.562] [DBG] [Primary:S1:P11492:T1786550700071] BetterGenshinImpact.GameTask.CharacterDevelopment.CharacterDevelopmentStateMachineTask
状态机迭代 8，当前状态：SelectedCharacter

[00:15:52.973] [DBG] [Primary:S1:P11492:T1786550700071] BetterGenshinImpact.GameTask.CharacterDevelopment.CharacterDevelopmentStateMachineTask
状态转换成功：SwitchCategory

[00:15:53.206] [DBG] [Primary:S1:P11492:T1786550700071] BetterGenshinImpact.GameTask.CharacterDevelopment.CharacterDevelopmentStateMachineTask
状态机迭代 9，当前状态：SwitchCategory

[00:15:54.308] [DBG] [Primary:S1:P11492:T1786550700071] BetterGenshinImpact.GameTask.CharacterDevelopment.CharacterDevelopmentStateMachineTask
状态转换成功：ReadCategory

[00:15:54.539] [DBG] [Primary:S1:P11492:T1786550700071] BetterGenshinImpact.GameTask.CharacterDevelopment.CharacterDevelopmentStateMachineTask
状态机迭代 10，当前状态：ReadCategory

[00:15:55.390] [DBG] [Primary:S1:P11492:T1786550700071] BetterGenshinImpact.GameTask.CharacterDevelopment.CharacterDevelopmentStateMachineTask
状态转换成功：SwitchCategory

[00:15:55.626] [DBG] [Primary:S1:P11492:T1786550700071] BetterGenshinImpact.GameTask.CharacterDevelopment.CharacterDevelopmentStateMachineTask
状态机迭代 11，当前状态：SwitchCategory

[00:15:55.646] [DBG] [Primary:S1:P11492:T1786550700071] BetterGenshinImpact.GameTask.CharacterDevelopment.CharacterDevelopmentStateMachineTask
状态转换成功：ReturnMainUi

[00:15:55.907] [DBG] [Primary:S1:P11492:T1786550700071] BetterGenshinImpact.GameTask.CharacterDevelopment.CharacterDevelopmentStateMachineTask
状态机迭代 12，当前状态：ReturnMainUi

[00:15:57.173] [DBG] [Primary:S1:P11492:T1786550700071] BetterGenshinImpact.GameTask.CharacterDevelopment.CharacterDevelopmentStateMachineTask
状态转换成功：Completed

[00:15:57.512] [INF] [Primary:S1:P11492:T1786550700071] BetterGenshinImpact.GameTask.CharacterDevelopment.CharacterDevelopmentStateMachineTask
========== 状态机完成，到达目标状态：Completed ==========

[00:15:57.521] [INF] [Primary:S1:P11492:T1786550700071] BetterGenshinImpact.Core.Script.Dependence.Log
[测试 3/9] “瓦雷莎”读取成功

[00:15:57.524] [INF] [Primary:S1:P11492:T1786550700071] BetterGenshinImpact.Core.Script.Dependence.Log
[结果] {"CharacterName":"瓦雷莎","ElementType":"雷","Level":90,"LevelLimit":90,"WeaponName":null,"WeaponLevel":null,"WeaponLevelLimit":null,"AttackLevel":null,"AttackHasBonus":null,"SkillLevel":null,"SkillHasBonus":null,"BurstLevel":null,"BurstHasBonus":null}

[00:15:57.525] [INF] [Primary:S1:P11492:T1786550700071] BetterGenshinImpact.Core.Script.Dependence.Log
[测试 4/9] 准备读取“玛拉妮”

[00:15:58.614] [DBG] [Primary:S1:P11492:T1786550700071] BetterGenshinImpact.Core.Recognition.ONNX.BgiOnnxFactory
[ONNX]创建推理会话，模型: "AvatarGridIcon"

[00:15:58.731] [INF] [Primary:S1:P11492:T1786550700071] BetterGenshinImpact.GameTask.CharacterDevelopment.CharacterDevelopmentStateMachineTask
角色养成识别：准备角色 "玛拉妮"，元素筛选="水"，武器筛选="法器"

[00:15:58.731] [INF] [Primary:S1:P11492:T1786550700071] BetterGenshinImpact.GameTask.CharacterDevelopment.CharacterDevelopmentStateMachineTask
========== 状态机启动，目标状态："Completed" ==========

[00:15:58.826] [DBG] [Primary:S1:P11492:T1786550700071] BetterGenshinImpact.GameTask.CharacterDevelopment.CharacterDevelopmentStateMachineTask
状态机迭代 0，当前状态：MainUi

[00:15:59.729] [DBG] [Primary:S1:P11492:T1786550700071] BetterGenshinImpact.GameTask.CharacterDevelopment.CharacterDevelopmentStateMachineTask
状态转换成功：OpenCharacterList

[00:15:59.959] [DBG] [Primary:S1:P11492:T1786550700071] BetterGenshinImpact.GameTask.CharacterDevelopment.CharacterDevelopmentStateMachineTask
状态机迭代 1，当前状态：OpenCharacterList

[00:16:00.478] [DBG] [Primary:S1:P11492:T1786550700071] BetterGenshinImpact.GameTask.CharacterDevelopment.CharacterDevelopmentStateMachineTask
状态转换成功：OpenFilterPanel

[00:16:00.710] [DBG] [Primary:S1:P11492:T1786550700071] BetterGenshinImpact.GameTask.CharacterDevelopment.CharacterDevelopmentStateMachineTask
状态机迭代 2，当前状态：OpenFilterPanel

[00:16:01.331] [DBG] [Primary:S1:P11492:T1786550700071] BetterGenshinImpact.GameTask.CharacterDevelopment.CharacterDevelopmentStateMachineTask
状态转换成功：FilterPanel

[00:16:01.731] [DBG] [Primary:S1:P11492:T1786550700071] BetterGenshinImpact.GameTask.CharacterDevelopment.CharacterDevelopmentStateMachineTask
状态机迭代 3，当前状态：FilterPanel

[00:16:01.964] [DBG] [Primary:S1:P11492:T1786550700071] BetterGenshinImpact.GameTask.CharacterDevelopment.CharacterDevelopmentStateMachineTask
状态转换成功：SelectElementFilter

[00:16:02.429] [DBG] [Primary:S1:P11492:T1786550700071] BetterGenshinImpact.GameTask.CharacterDevelopment.CharacterDevelopmentStateMachineTask
状态机迭代 4，当前状态：SelectElementFilter

[00:16:04.253] [DBG] [Primary:S1:P11492:T1786550700071] BetterGenshinImpact.GameTask.CharacterDevelopment.CharacterDevelopmentStateMachineTask
状态转换成功：SelectWeaponFilter

[00:16:04.711] [DBG] [Primary:S1:P11492:T1786550700071] BetterGenshinImpact.GameTask.CharacterDevelopment.CharacterDevelopmentStateMachineTask
状态机迭代 5，当前状态：SelectWeaponFilter

[00:16:05.892] [DBG] [Primary:S1:P11492:T1786550700071] BetterGenshinImpact.GameTask.CharacterDevelopment.CharacterDevelopmentStateMachineTask
状态转换成功：ConfirmFilterPanel

[00:16:06.146] [DBG] [Primary:S1:P11492:T1786550700071] BetterGenshinImpact.GameTask.CharacterDevelopment.CharacterDevelopmentStateMachineTask
状态机迭代 6，当前状态：ConfirmFilterPanel

[00:16:07.052] [DBG] [Primary:S1:P11492:T1786550700071] BetterGenshinImpact.GameTask.CharacterDevelopment.CharacterDevelopmentStateMachineTask
状态转换成功：FindAndClickAvatar

[00:16:07.270] [DBG] [Primary:S1:P11492:T1786550700071] BetterGenshinImpact.GameTask.CharacterDevelopment.CharacterDevelopmentStateMachineTask
状态机迭代 7，当前状态：FindAndClickAvatar

[00:16:07.296] [DBG] [Primary:S1:P11492:T1786550700071] BetterGenshinImpact.GameTask.CharacterDevelopment.CharacterDevelopmentStateMachineTask
角色养成识别：白色底栏连通域 10 个，生成 5 个合法卡片，边界丢弃 0 个（第 1/3 次）

[00:16:07.306] [DBG] [Primary:S1:P11492:T1786550700071] BetterGenshinImpact.GameTask.CharacterDevelopment.CharacterDevelopmentStateMachineTask
角色养成识别：识别头像 "哥伦比娅"，元素="水"，score=0.976

[00:16:07.316] [DBG] [Primary:S1:P11492:T1786550700071] BetterGenshinImpact.GameTask.CharacterDevelopment.CharacterDevelopmentStateMachineTask
角色养成识别：识别头像 "玛拉妮"，元素="水"，score=0.979

[00:16:07.813] [DBG] [Primary:S1:P11492:T1786550700071] BetterGenshinImpact.GameTask.CharacterDevelopment.CharacterDevelopmentStateMachineTask
状态转换成功：SelectedCharacter

[00:16:08.029] [DBG] [Primary:S1:P11492:T1786550700071] BetterGenshinImpact.GameTask.CharacterDevelopment.CharacterDevelopmentStateMachineTask
状态机迭代 8，当前状态：SelectedCharacter

[00:16:08.395] [DBG] [Primary:S1:P11492:T1786550700071] BetterGenshinImpact.GameTask.CharacterDevelopment.CharacterDevelopmentStateMachineTask
状态转换成功：SwitchCategory

[00:16:08.654] [DBG] [Primary:S1:P11492:T1786550700071] BetterGenshinImpact.GameTask.CharacterDevelopment.CharacterDevelopmentStateMachineTask
状态机迭代 9，当前状态：SwitchCategory

[00:16:10.045] [DBG] [Primary:S1:P11492:T1786550700071] BetterGenshinImpact.GameTask.CharacterDevelopment.CharacterDevelopmentStateMachineTask
状态转换成功：ReadCategory

[00:16:10.311] [DBG] [Primary:S1:P11492:T1786550700071] BetterGenshinImpact.GameTask.CharacterDevelopment.CharacterDevelopmentStateMachineTask
状态机迭代 10，当前状态：ReadCategory

[00:16:10.580] [DBG] [Primary:S1:P11492:T1786550700071] BetterGenshinImpact.GameTask.CharacterDevelopment.CharacterDevelopmentStateMachineTask
角色养成识别："角色等级" OCR 第 1/10 次解析失败，结果="0/90
等级90"

[00:16:11.916] [DBG] [Primary:S1:P11492:T1786550700071] BetterGenshinImpact.GameTask.CharacterDevelopment.CharacterDevelopmentStateMachineTask
状态转换成功：SwitchCategory

[00:16:12.135] [DBG] [Primary:S1:P11492:T1786550700071] BetterGenshinImpact.GameTask.CharacterDevelopment.CharacterDevelopmentStateMachineTask
状态机迭代 11，当前状态：SwitchCategory

[00:16:12.153] [DBG] [Primary:S1:P11492:T1786550700071] BetterGenshinImpact.GameTask.CharacterDevelopment.CharacterDevelopmentStateMachineTask
状态转换成功：ReturnMainUi

[00:16:12.380] [DBG] [Primary:S1:P11492:T1786550700071] BetterGenshinImpact.GameTask.CharacterDevelopment.CharacterDevelopmentStateMachineTask
状态机迭代 12，当前状态：ReturnMainUi

[00:16:13.675] [DBG] [Primary:S1:P11492:T1786550700071] BetterGenshinImpact.GameTask.CharacterDevelopment.CharacterDevelopmentStateMachineTask
状态转换成功：Completed

[00:16:13.981] [INF] [Primary:S1:P11492:T1786550700071] BetterGenshinImpact.GameTask.CharacterDevelopment.CharacterDevelopmentStateMachineTask
========== 状态机完成，到达目标状态：Completed ==========

[00:16:13.992] [INF] [Primary:S1:P11492:T1786550700071] BetterGenshinImpact.Core.Script.Dependence.Log
[测试 4/9] “玛拉妮”读取成功

[00:16:13.994] [INF] [Primary:S1:P11492:T1786550700071] BetterGenshinImpact.Core.Script.Dependence.Log
[结果] {"CharacterName":"玛拉妮","ElementType":"水","Level":90,"LevelLimit":90,"WeaponName":null,"WeaponLevel":null,"WeaponLevelLimit":null,"AttackLevel":null,"AttackHasBonus":null,"SkillLevel":null,"SkillHasBonus":null,"BurstLevel":null,"BurstHasBonus":null}

[00:16:13.994] [INF] [Primary:S1:P11492:T1786550700071] BetterGenshinImpact.Core.Script.Dependence.Log
[测试 5/9] 准备读取“千织”

[00:16:15.089] [DBG] [Primary:S1:P11492:T1786550700071] BetterGenshinImpact.Core.Recognition.ONNX.BgiOnnxFactory
[ONNX]创建推理会话，模型: "AvatarGridIcon"

[00:16:15.230] [INF] [Primary:S1:P11492:T1786550700071] BetterGenshinImpact.GameTask.CharacterDevelopment.CharacterDevelopmentStateMachineTask
角色养成识别：准备角色 "千织"，元素筛选="岩"，武器筛选="单手剑"

[00:16:15.231] [INF] [Primary:S1:P11492:T1786550700071] BetterGenshinImpact.GameTask.CharacterDevelopment.CharacterDevelopmentStateMachineTask
========== 状态机启动，目标状态："Completed" ==========

[00:16:15.336] [DBG] [Primary:S1:P11492:T1786550700071] BetterGenshinImpact.GameTask.CharacterDevelopment.CharacterDevelopmentStateMachineTask
状态机迭代 0，当前状态：MainUi

[00:16:16.253] [DBG] [Primary:S1:P11492:T1786550700071] BetterGenshinImpact.GameTask.CharacterDevelopment.CharacterDevelopmentStateMachineTask
状态转换成功：OpenCharacterList

[00:16:16.480] [DBG] [Primary:S1:P11492:T1786550700071] BetterGenshinImpact.GameTask.CharacterDevelopment.CharacterDevelopmentStateMachineTask
状态机迭代 1，当前状态：OpenCharacterList

[00:16:16.983] [DBG] [Primary:S1:P11492:T1786550700071] BetterGenshinImpact.GameTask.CharacterDevelopment.CharacterDevelopmentStateMachineTask
状态转换成功：OpenFilterPanel

[00:16:17.200] [DBG] [Primary:S1:P11492:T1786550700071] BetterGenshinImpact.GameTask.CharacterDevelopment.CharacterDevelopmentStateMachineTask
状态机迭代 2，当前状态：OpenFilterPanel

[00:16:17.781] [DBG] [Primary:S1:P11492:T1786550700071] BetterGenshinImpact.GameTask.CharacterDevelopment.CharacterDevelopmentStateMachineTask
状态转换成功：FilterPanel

[00:16:18.109] [DBG] [Primary:S1:P11492:T1786550700071] BetterGenshinImpact.GameTask.CharacterDevelopment.CharacterDevelopmentStateMachineTask
状态机迭代 3，当前状态：FilterPanel

[00:16:18.271] [DBG] [Primary:S1:P11492:T1786550700071] BetterGenshinImpact.GameTask.CharacterDevelopment.CharacterDevelopmentStateMachineTask
状态转换成功：SelectElementFilter

[00:16:18.816] [DBG] [Primary:S1:P11492:T1786550700071] BetterGenshinImpact.GameTask.CharacterDevelopment.CharacterDevelopmentStateMachineTask
状态机迭代 4，当前状态：SelectElementFilter

[00:16:20.729] [DBG] [Primary:S1:P11492:T1786550700071] BetterGenshinImpact.GameTask.CharacterDevelopment.CharacterDevelopmentStateMachineTask
状态转换成功：SelectWeaponFilter

[00:16:21.138] [DBG] [Primary:S1:P11492:T1786550700071] BetterGenshinImpact.GameTask.CharacterDevelopment.CharacterDevelopmentStateMachineTask
状态机迭代 5，当前状态：SelectWeaponFilter

[00:16:22.504] [DBG] [Primary:S1:P11492:T1786550700071] BetterGenshinImpact.GameTask.CharacterDevelopment.CharacterDevelopmentStateMachineTask
状态转换成功：ConfirmFilterPanel

[00:16:22.729] [DBG] [Primary:S1:P11492:T1786550700071] BetterGenshinImpact.GameTask.CharacterDevelopment.CharacterDevelopmentStateMachineTask
状态机迭代 6，当前状态：ConfirmFilterPanel

[00:16:23.511] [DBG] [Primary:S1:P11492:T1786550700071] BetterGenshinImpact.GameTask.CharacterDevelopment.CharacterDevelopmentStateMachineTask
状态转换成功：FindAndClickAvatar

[00:16:23.728] [DBG] [Primary:S1:P11492:T1786550700071] BetterGenshinImpact.GameTask.CharacterDevelopment.CharacterDevelopmentStateMachineTask
状态机迭代 7，当前状态：FindAndClickAvatar

[00:16:23.766] [DBG] [Primary:S1:P11492:T1786550700071] BetterGenshinImpact.GameTask.CharacterDevelopment.CharacterDevelopmentStateMachineTask
角色养成识别：白色底栏连通域 4 个，生成 1 个合法卡片，边界丢弃 0 个（第 1/3 次）

[00:16:23.786] [DBG] [Primary:S1:P11492:T1786550700071] BetterGenshinImpact.GameTask.CharacterDevelopment.CharacterDevelopmentStateMachineTask
角色养成识别：识别头像 "千织"，元素="岩"，score=0.984

[00:16:25.798] [DBG] [Primary:S1:P11492:T1786550700071] BetterGenshinImpact.GameTask.CharacterDevelopment.CharacterDevelopmentStateMachineTask
状态转换成功：SelectedCharacter

[00:16:26.036] [DBG] [Primary:S1:P11492:T1786550700071] BetterGenshinImpact.GameTask.CharacterDevelopment.CharacterDevelopmentStateMachineTask
状态机迭代 8，当前状态：SelectedCharacter

[00:16:26.422] [DBG] [Primary:S1:P11492:T1786550700071] BetterGenshinImpact.GameTask.CharacterDevelopment.CharacterDevelopmentStateMachineTask
状态转换成功：SwitchCategory

[00:16:26.649] [DBG] [Primary:S1:P11492:T1786550700071] BetterGenshinImpact.GameTask.CharacterDevelopment.CharacterDevelopmentStateMachineTask
状态机迭代 9，当前状态：SwitchCategory

[00:16:27.822] [DBG] [Primary:S1:P11492:T1786550700071] BetterGenshinImpact.GameTask.CharacterDevelopment.CharacterDevelopmentStateMachineTask
状态转换成功：ReadCategory

[00:16:28.047] [DBG] [Primary:S1:P11492:T1786550700071] BetterGenshinImpact.GameTask.CharacterDevelopment.CharacterDevelopmentStateMachineTask
状态机迭代 10，当前状态：ReadCategory

[00:16:29.103] [DBG] [Primary:S1:P11492:T1786550700071] BetterGenshinImpact.GameTask.CharacterDevelopment.CharacterDevelopmentStateMachineTask
状态转换成功：SwitchCategory

[00:16:29.334] [DBG] [Primary:S1:P11492:T1786550700071] BetterGenshinImpact.GameTask.CharacterDevelopment.CharacterDevelopmentStateMachineTask
状态机迭代 11，当前状态：SwitchCategory

[00:16:29.355] [DBG] [Primary:S1:P11492:T1786550700071] BetterGenshinImpact.GameTask.CharacterDevelopment.CharacterDevelopmentStateMachineTask
状态转换成功：ReturnMainUi

[00:16:29.579] [DBG] [Primary:S1:P11492:T1786550700071] BetterGenshinImpact.GameTask.CharacterDevelopment.CharacterDevelopmentStateMachineTask
状态机迭代 12，当前状态：ReturnMainUi

[00:16:30.739] [DBG] [Primary:S1:P11492:T1786550700071] BetterGenshinImpact.GameTask.CharacterDevelopment.CharacterDevelopmentStateMachineTask
状态转换成功：Completed

[00:16:31.060] [INF] [Primary:S1:P11492:T1786550700071] BetterGenshinImpact.GameTask.CharacterDevelopment.CharacterDevelopmentStateMachineTask
========== 状态机完成，到达目标状态：Completed ==========

[00:16:31.071] [INF] [Primary:S1:P11492:T1786550700071] BetterGenshinImpact.Core.Script.Dependence.Log
[测试 5/9] “千织”读取成功

[00:16:31.072] [INF] [Primary:S1:P11492:T1786550700071] BetterGenshinImpact.Core.Script.Dependence.Log
[结果] {"CharacterName":"千织","ElementType":"岩","Level":90,"LevelLimit":90,"WeaponName":null,"WeaponLevel":null,"WeaponLevelLimit":null,"AttackLevel":null,"AttackHasBonus":null,"SkillLevel":null,"SkillHasBonus":null,"BurstLevel":null,"BurstHasBonus":null}

[00:16:31.072] [INF] [Primary:S1:P11492:T1786550700071] BetterGenshinImpact.Core.Script.Dependence.Log
[测试 6/9] 准备读取“纳西妲”

[00:16:32.189] [DBG] [Primary:S1:P11492:T1786550700071] BetterGenshinImpact.Core.Recognition.ONNX.BgiOnnxFactory
[ONNX]创建推理会话，模型: "AvatarGridIcon"

[00:16:32.297] [INF] [Primary:S1:P11492:T1786550700071] BetterGenshinImpact.GameTask.CharacterDevelopment.CharacterDevelopmentStateMachineTask
角色养成识别：准备角色 "纳西妲"，元素筛选="草"，武器筛选="法器"

[00:16:32.297] [INF] [Primary:S1:P11492:T1786550700071] BetterGenshinImpact.GameTask.CharacterDevelopment.CharacterDevelopmentStateMachineTask
========== 状态机启动，目标状态："Completed" ==========

[00:16:32.380] [DBG] [Primary:S1:P11492:T1786550700071] BetterGenshinImpact.GameTask.CharacterDevelopment.CharacterDevelopmentStateMachineTask
状态机迭代 0，当前状态：MainUi

[00:16:33.284] [DBG] [Primary:S1:P11492:T1786550700071] BetterGenshinImpact.GameTask.CharacterDevelopment.CharacterDevelopmentStateMachineTask
状态转换成功：OpenCharacterList

[00:16:33.512] [DBG] [Primary:S1:P11492:T1786550700071] BetterGenshinImpact.GameTask.CharacterDevelopment.CharacterDevelopmentStateMachineTask
状态机迭代 1，当前状态：OpenCharacterList

[00:16:34.011] [DBG] [Primary:S1:P11492:T1786550700071] BetterGenshinImpact.GameTask.CharacterDevelopment.CharacterDevelopmentStateMachineTask
状态转换成功：OpenFilterPanel

[00:16:34.237] [DBG] [Primary:S1:P11492:T1786550700071] BetterGenshinImpact.GameTask.CharacterDevelopment.CharacterDevelopmentStateMachineTask
状态机迭代 2，当前状态：OpenFilterPanel

[00:16:34.874] [DBG] [Primary:S1:P11492:T1786550700071] BetterGenshinImpact.GameTask.CharacterDevelopment.CharacterDevelopmentStateMachineTask
状态转换成功：FilterPanel

[00:16:35.303] [DBG] [Primary:S1:P11492:T1786550700071] BetterGenshinImpact.GameTask.CharacterDevelopment.CharacterDevelopmentStateMachineTask
状态机迭代 3，当前状态：FilterPanel

[00:16:35.497] [DBG] [Primary:S1:P11492:T1786550700071] BetterGenshinImpact.GameTask.CharacterDevelopment.CharacterDevelopmentStateMachineTask
状态转换成功：SelectElementFilter

[00:16:35.962] [DBG] [Primary:S1:P11492:T1786550700071] BetterGenshinImpact.GameTask.CharacterDevelopment.CharacterDevelopmentStateMachineTask
状态机迭代 4，当前状态：SelectElementFilter

[00:16:38.122] [DBG] [Primary:S1:P11492:T1786550700071] BetterGenshinImpact.GameTask.CharacterDevelopment.CharacterDevelopmentStateMachineTask
状态转换成功：SelectWeaponFilter

[00:16:38.429] [DBG] [Primary:S1:P11492:T1786550700071] BetterGenshinImpact.GameTask.CharacterDevelopment.CharacterDevelopmentStateMachineTask
状态机迭代 5，当前状态：SelectWeaponFilter

[00:16:39.595] [DBG] [Primary:S1:P11492:T1786550700071] BetterGenshinImpact.GameTask.CharacterDevelopment.CharacterDevelopmentStateMachineTask
状态转换成功：ConfirmFilterPanel

[00:16:39.825] [DBG] [Primary:S1:P11492:T1786550700071] BetterGenshinImpact.GameTask.CharacterDevelopment.CharacterDevelopmentStateMachineTask
状态机迭代 6，当前状态：ConfirmFilterPanel

[00:16:40.562] [DBG] [Primary:S1:P11492:T1786550700071] BetterGenshinImpact.GameTask.CharacterDevelopment.CharacterDevelopmentStateMachineTask
状态转换成功：FindAndClickAvatar

[00:16:40.783] [DBG] [Primary:S1:P11492:T1786550700071] BetterGenshinImpact.GameTask.CharacterDevelopment.CharacterDevelopmentStateMachineTask
状态机迭代 7，当前状态：FindAndClickAvatar

[00:16:40.804] [DBG] [Primary:S1:P11492:T1786550700071] BetterGenshinImpact.GameTask.CharacterDevelopment.CharacterDevelopmentStateMachineTask
角色养成识别：白色底栏连通域 3 个，生成 1 个合法卡片，边界丢弃 0 个（第 1/3 次）

[00:16:40.811] [DBG] [Primary:S1:P11492:T1786550700071] BetterGenshinImpact.GameTask.CharacterDevelopment.CharacterDevelopmentStateMachineTask
角色养成识别：识别头像 "纳西妲"，元素="草"，score=0.990

[00:16:41.321] [DBG] [Primary:S1:P11492:T1786550700071] BetterGenshinImpact.GameTask.CharacterDevelopment.CharacterDevelopmentStateMachineTask
状态转换成功：SelectedCharacter

[00:16:41.548] [DBG] [Primary:S1:P11492:T1786550700071] BetterGenshinImpact.GameTask.CharacterDevelopment.CharacterDevelopmentStateMachineTask
状态机迭代 8，当前状态：SelectedCharacter

[00:16:41.894] [DBG] [Primary:S1:P11492:T1786550700071] BetterGenshinImpact.GameTask.CharacterDevelopment.CharacterDevelopmentStateMachineTask
状态转换成功：SwitchCategory

[00:16:42.108] [DBG] [Primary:S1:P11492:T1786550700071] BetterGenshinImpact.GameTask.CharacterDevelopment.CharacterDevelopmentStateMachineTask
状态机迭代 9，当前状态：SwitchCategory

[00:16:43.575] [DBG] [Primary:S1:P11492:T1786550700071] BetterGenshinImpact.GameTask.CharacterDevelopment.CharacterDevelopmentStateMachineTask
状态转换成功：ReadCategory

[00:16:43.799] [DBG] [Primary:S1:P11492:T1786550700071] BetterGenshinImpact.GameTask.CharacterDevelopment.CharacterDevelopmentStateMachineTask
状态机迭代 10，当前状态：ReadCategory

[00:16:44.813] [DBG] [Primary:S1:P11492:T1786550700071] BetterGenshinImpact.GameTask.CharacterDevelopment.CharacterDevelopmentStateMachineTask
角色养成识别："角色等级" OCR 第 3/10 次解析失败，结果="0/90
等级90"

[00:16:46.070] [DBG] [Primary:S1:P11492:T1786550700071] BetterGenshinImpact.GameTask.CharacterDevelopment.CharacterDevelopmentStateMachineTask
状态转换成功：SwitchCategory

[00:16:46.303] [DBG] [Primary:S1:P11492:T1786550700071] BetterGenshinImpact.GameTask.CharacterDevelopment.CharacterDevelopmentStateMachineTask
状态机迭代 11，当前状态：SwitchCategory

[00:16:46.339] [DBG] [Primary:S1:P11492:T1786550700071] BetterGenshinImpact.GameTask.CharacterDevelopment.CharacterDevelopmentStateMachineTask
状态转换成功：ReturnMainUi

[00:16:46.570] [DBG] [Primary:S1:P11492:T1786550700071] BetterGenshinImpact.GameTask.CharacterDevelopment.CharacterDevelopmentStateMachineTask
状态机迭代 12，当前状态：ReturnMainUi

[00:16:47.861] [DBG] [Primary:S1:P11492:T1786550700071] BetterGenshinImpact.GameTask.CharacterDevelopment.CharacterDevelopmentStateMachineTask
状态转换成功：Completed

[00:16:48.185] [INF] [Primary:S1:P11492:T1786550700071] BetterGenshinImpact.GameTask.CharacterDevelopment.CharacterDevelopmentStateMachineTask
========== 状态机完成，到达目标状态：Completed ==========

[00:16:48.195] [INF] [Primary:S1:P11492:T1786550700071] BetterGenshinImpact.Core.Script.Dependence.Log
[测试 6/9] “纳西妲”读取成功

[00:16:48.196] [INF] [Primary:S1:P11492:T1786550700071] BetterGenshinImpact.Core.Script.Dependence.Log
[结果] {"CharacterName":"纳西妲","ElementType":"草","Level":90,"LevelLimit":90,"WeaponName":null,"WeaponLevel":null,"WeaponLevelLimit":null,"AttackLevel":null,"AttackHasBonus":null,"SkillLevel":null,"SkillHasBonus":null,"BurstLevel":null,"BurstHasBonus":null}

[00:16:48.197] [INF] [Primary:S1:P11492:T1786550700071] BetterGenshinImpact.Core.Script.Dependence.Log
[测试 7/9] 准备读取“娜维娅”

[00:16:49.290] [DBG] [Primary:S1:P11492:T1786550700071] BetterGenshinImpact.Core.Recognition.ONNX.BgiOnnxFactory
[ONNX]创建推理会话，模型: "AvatarGridIcon"

[00:16:49.455] [INF] [Primary:S1:P11492:T1786550700071] BetterGenshinImpact.GameTask.CharacterDevelopment.CharacterDevelopmentStateMachineTask
角色养成识别：准备角色 "娜维娅"，元素筛选="岩"，武器筛选="双手剑"

[00:16:49.455] [INF] [Primary:S1:P11492:T1786550700071] BetterGenshinImpact.GameTask.CharacterDevelopment.CharacterDevelopmentStateMachineTask
========== 状态机启动，目标状态："Completed" ==========

[00:16:49.528] [DBG] [Primary:S1:P11492:T1786550700071] BetterGenshinImpact.GameTask.CharacterDevelopment.CharacterDevelopmentStateMachineTask
状态机迭代 0，当前状态：MainUi

[00:16:50.475] [DBG] [Primary:S1:P11492:T1786550700071] BetterGenshinImpact.GameTask.CharacterDevelopment.CharacterDevelopmentStateMachineTask
状态转换成功：OpenCharacterList

[00:16:50.701] [DBG] [Primary:S1:P11492:T1786550700071] BetterGenshinImpact.GameTask.CharacterDevelopment.CharacterDevelopmentStateMachineTask
状态机迭代 1，当前状态：OpenCharacterList

[00:16:51.188] [DBG] [Primary:S1:P11492:T1786550700071] BetterGenshinImpact.GameTask.CharacterDevelopment.CharacterDevelopmentStateMachineTask
状态转换成功：OpenFilterPanel

[00:16:51.405] [DBG] [Primary:S1:P11492:T1786550700071] BetterGenshinImpact.GameTask.CharacterDevelopment.CharacterDevelopmentStateMachineTask
状态机迭代 2，当前状态：OpenFilterPanel

[00:16:51.981] [DBG] [Primary:S1:P11492:T1786550700071] BetterGenshinImpact.GameTask.CharacterDevelopment.CharacterDevelopmentStateMachineTask
状态转换成功：FilterPanel

[00:16:52.378] [DBG] [Primary:S1:P11492:T1786550700071] BetterGenshinImpact.GameTask.CharacterDevelopment.CharacterDevelopmentStateMachineTask
状态机迭代 3，当前状态：FilterPanel

[00:16:52.564] [DBG] [Primary:S1:P11492:T1786550700071] BetterGenshinImpact.GameTask.CharacterDevelopment.CharacterDevelopmentStateMachineTask
状态转换成功：SelectElementFilter

[00:16:52.981] [DBG] [Primary:S1:P11492:T1786550700071] BetterGenshinImpact.GameTask.CharacterDevelopment.CharacterDevelopmentStateMachineTask
状态机迭代 4，当前状态：SelectElementFilter

[00:16:54.839] [DBG] [Primary:S1:P11492:T1786550700071] BetterGenshinImpact.GameTask.CharacterDevelopment.CharacterDevelopmentStateMachineTask
状态转换成功：SelectWeaponFilter

[00:16:55.157] [DBG] [Primary:S1:P11492:T1786550700071] BetterGenshinImpact.GameTask.CharacterDevelopment.CharacterDevelopmentStateMachineTask
状态机迭代 5，当前状态：SelectWeaponFilter

[00:16:56.688] [DBG] [Primary:S1:P11492:T1786550700071] BetterGenshinImpact.GameTask.CharacterDevelopment.CharacterDevelopmentStateMachineTask
状态转换成功：ConfirmFilterPanel

[00:16:56.928] [DBG] [Primary:S1:P11492:T1786550700071] BetterGenshinImpact.GameTask.CharacterDevelopment.CharacterDevelopmentStateMachineTask
状态机迭代 6，当前状态：ConfirmFilterPanel

[00:16:57.760] [DBG] [Primary:S1:P11492:T1786550700071] BetterGenshinImpact.GameTask.CharacterDevelopment.CharacterDevelopmentStateMachineTask
状态转换成功：FindAndClickAvatar

[00:16:57.999] [DBG] [Primary:S1:P11492:T1786550700071] BetterGenshinImpact.GameTask.CharacterDevelopment.CharacterDevelopmentStateMachineTask
状态机迭代 7，当前状态：FindAndClickAvatar

[00:16:58.038] [DBG] [Primary:S1:P11492:T1786550700071] BetterGenshinImpact.GameTask.CharacterDevelopment.CharacterDevelopmentStateMachineTask
角色养成识别：白色底栏连通域 4 个，生成 2 个合法卡片，边界丢弃 0 个（第 1/3 次）

[00:16:58.048] [DBG] [Primary:S1:P11492:T1786550700071] BetterGenshinImpact.GameTask.CharacterDevelopment.CharacterDevelopmentStateMachineTask
角色养成识别：识别头像 "娜维娅"，元素="岩"，score=0.989

[00:16:58.622] [DBG] [Primary:S1:P11492:T1786550700071] BetterGenshinImpact.GameTask.CharacterDevelopment.CharacterDevelopmentStateMachineTask
状态转换成功：SelectedCharacter

[00:16:58.874] [DBG] [Primary:S1:P11492:T1786550700071] BetterGenshinImpact.GameTask.CharacterDevelopment.CharacterDevelopmentStateMachineTask
状态机迭代 8，当前状态：SelectedCharacter

[00:16:59.303] [DBG] [Primary:S1:P11492:T1786550700071] BetterGenshinImpact.GameTask.CharacterDevelopment.CharacterDevelopmentStateMachineTask
状态转换成功：SwitchCategory

[00:16:59.551] [DBG] [Primary:S1:P11492:T1786550700071] BetterGenshinImpact.GameTask.CharacterDevelopment.CharacterDevelopmentStateMachineTask
状态机迭代 9，当前状态：SwitchCategory

[00:17:00.904] [DBG] [Primary:S1:P11492:T1786550700071] BetterGenshinImpact.GameTask.CharacterDevelopment.CharacterDevelopmentStateMachineTask
状态转换成功：ReadCategory

[00:17:01.144] [DBG] [Primary:S1:P11492:T1786550700071] BetterGenshinImpact.GameTask.CharacterDevelopment.CharacterDevelopmentStateMachineTask
状态机迭代 10，当前状态：ReadCategory

[00:17:02.362] [DBG] [Primary:S1:P11492:T1786550700071] BetterGenshinImpact.GameTask.CharacterDevelopment.CharacterDevelopmentStateMachineTask
状态转换成功：SwitchCategory

[00:17:02.586] [DBG] [Primary:S1:P11492:T1786550700071] BetterGenshinImpact.GameTask.CharacterDevelopment.CharacterDevelopmentStateMachineTask
状态机迭代 11，当前状态：SwitchCategory

[00:17:02.609] [DBG] [Primary:S1:P11492:T1786550700071] BetterGenshinImpact.GameTask.CharacterDevelopment.CharacterDevelopmentStateMachineTask
状态转换成功：ReturnMainUi

[00:17:02.835] [DBG] [Primary:S1:P11492:T1786550700071] BetterGenshinImpact.GameTask.CharacterDevelopment.CharacterDevelopmentStateMachineTask
状态机迭代 12，当前状态：ReturnMainUi

[00:17:04.098] [DBG] [Primary:S1:P11492:T1786550700071] BetterGenshinImpact.GameTask.CharacterDevelopment.CharacterDevelopmentStateMachineTask
状态转换成功：Completed

[00:17:04.404] [INF] [Primary:S1:P11492:T1786550700071] BetterGenshinImpact.GameTask.CharacterDevelopment.CharacterDevelopmentStateMachineTask
========== 状态机完成，到达目标状态：Completed ==========

[00:17:04.413] [INF] [Primary:S1:P11492:T1786550700071] BetterGenshinImpact.Core.Script.Dependence.Log
[测试 7/9] “娜维娅”读取成功

[00:17:04.413] [INF] [Primary:S1:P11492:T1786550700071] BetterGenshinImpact.Core.Script.Dependence.Log
[结果] {"CharacterName":"娜维娅","ElementType":"岩","Level":90,"LevelLimit":90,"WeaponName":null,"WeaponLevel":null,"WeaponLevelLimit":null,"AttackLevel":null,"AttackHasBonus":null,"SkillLevel":null,"SkillHasBonus":null,"BurstLevel":null,"BurstHasBonus":null}

[00:17:04.414] [INF] [Primary:S1:P11492:T1786550700071] BetterGenshinImpact.Core.Script.Dependence.Log
[测试 8/9] 准备读取“芙宁娜”

[00:17:05.504] [DBG] [Primary:S1:P11492:T1786550700071] BetterGenshinImpact.Core.Recognition.ONNX.BgiOnnxFactory
[ONNX]创建推理会话，模型: "AvatarGridIcon"

[00:17:05.631] [INF] [Primary:S1:P11492:T1786550700071] BetterGenshinImpact.GameTask.CharacterDevelopment.CharacterDevelopmentStateMachineTask
角色养成识别：准备角色 "芙宁娜"，元素筛选="水"，武器筛选="单手剑"

[00:17:05.631] [INF] [Primary:S1:P11492:T1786550700071] BetterGenshinImpact.GameTask.CharacterDevelopment.CharacterDevelopmentStateMachineTask
========== 状态机启动，目标状态："Completed" ==========

[00:17:05.762] [DBG] [Primary:S1:P11492:T1786550700071] BetterGenshinImpact.GameTask.CharacterDevelopment.CharacterDevelopmentStateMachineTask
状态机迭代 0，当前状态：MainUi

[00:17:06.735] [DBG] [Primary:S1:P11492:T1786550700071] BetterGenshinImpact.GameTask.CharacterDevelopment.CharacterDevelopmentStateMachineTask
状态转换成功：OpenCharacterList

[00:17:06.965] [DBG] [Primary:S1:P11492:T1786550700071] BetterGenshinImpact.GameTask.CharacterDevelopment.CharacterDevelopmentStateMachineTask
状态机迭代 1，当前状态：OpenCharacterList

[00:17:07.511] [DBG] [Primary:S1:P11492:T1786550700071] BetterGenshinImpact.GameTask.CharacterDevelopment.CharacterDevelopmentStateMachineTask
状态转换成功：OpenFilterPanel

[00:17:07.738] [DBG] [Primary:S1:P11492:T1786550700071] BetterGenshinImpact.GameTask.CharacterDevelopment.CharacterDevelopmentStateMachineTask
状态机迭代 2，当前状态：OpenFilterPanel

[00:17:08.336] [DBG] [Primary:S1:P11492:T1786550700071] BetterGenshinImpact.GameTask.CharacterDevelopment.CharacterDevelopmentStateMachineTask
状态转换成功：FilterPanel

[00:17:08.669] [DBG] [Primary:S1:P11492:T1786550700071] BetterGenshinImpact.GameTask.CharacterDevelopment.CharacterDevelopmentStateMachineTask
状态机迭代 3，当前状态：FilterPanel

[00:17:08.847] [DBG] [Primary:S1:P11492:T1786550700071] BetterGenshinImpact.GameTask.CharacterDevelopment.CharacterDevelopmentStateMachineTask
状态转换成功：SelectElementFilter

[00:17:09.294] [DBG] [Primary:S1:P11492:T1786550700071] BetterGenshinImpact.GameTask.CharacterDevelopment.CharacterDevelopmentStateMachineTask
状态机迭代 4，当前状态：SelectElementFilter

[00:17:11.302] [DBG] [Primary:S1:P11492:T1786550700071] BetterGenshinImpact.GameTask.CharacterDevelopment.CharacterDevelopmentStateMachineTask
状态转换成功：SelectWeaponFilter

[00:17:11.664] [DBG] [Primary:S1:P11492:T1786550700071] BetterGenshinImpact.GameTask.CharacterDevelopment.CharacterDevelopmentStateMachineTask
状态机迭代 5，当前状态：SelectWeaponFilter

[00:17:12.804] [DBG] [Primary:S1:P11492:T1786550700071] BetterGenshinImpact.GameTask.CharacterDevelopment.CharacterDevelopmentStateMachineTask
状态转换成功：ConfirmFilterPanel

[00:17:13.046] [DBG] [Primary:S1:P11492:T1786550700071] BetterGenshinImpact.GameTask.CharacterDevelopment.CharacterDevelopmentStateMachineTask
状态机迭代 6，当前状态：ConfirmFilterPanel

[00:17:13.907] [DBG] [Primary:S1:P11492:T1786550700071] BetterGenshinImpact.GameTask.CharacterDevelopment.CharacterDevelopmentStateMachineTask
状态转换成功：FindAndClickAvatar

[00:17:14.149] [DBG] [Primary:S1:P11492:T1786550700071] BetterGenshinImpact.GameTask.CharacterDevelopment.CharacterDevelopmentStateMachineTask
状态机迭代 7，当前状态：FindAndClickAvatar

[00:17:14.171] [DBG] [Primary:S1:P11492:T1786550700071] BetterGenshinImpact.GameTask.CharacterDevelopment.CharacterDevelopmentStateMachineTask
角色养成识别：白色底栏连通域 5 个，生成 3 个合法卡片，边界丢弃 0 个（第 1/3 次）

[00:17:14.179] [DBG] [Primary:S1:P11492:T1786550700071] BetterGenshinImpact.GameTask.CharacterDevelopment.CharacterDevelopmentStateMachineTask
角色养成识别：识别头像 "芙宁娜"，元素="水"，score=0.989

[00:17:14.756] [DBG] [Primary:S1:P11492:T1786550700071] BetterGenshinImpact.GameTask.CharacterDevelopment.CharacterDevelopmentStateMachineTask
状态转换成功：SelectedCharacter

[00:17:14.985] [DBG] [Primary:S1:P11492:T1786550700071] BetterGenshinImpact.GameTask.CharacterDevelopment.CharacterDevelopmentStateMachineTask
状态机迭代 8，当前状态：SelectedCharacter

[00:17:15.386] [DBG] [Primary:S1:P11492:T1786550700071] BetterGenshinImpact.GameTask.CharacterDevelopment.CharacterDevelopmentStateMachineTask
状态转换成功：SwitchCategory

[00:17:15.629] [DBG] [Primary:S1:P11492:T1786550700071] BetterGenshinImpact.GameTask.CharacterDevelopment.CharacterDevelopmentStateMachineTask
状态机迭代 9，当前状态：SwitchCategory

[00:17:16.486] [DBG] [Primary:S1:P11492:T1786550700071] BetterGenshinImpact.GameTask.CharacterDevelopment.CharacterDevelopmentStateMachineTask
状态转换成功：ReadCategory

[00:17:16.797] [DBG] [Primary:S1:P11492:T1786550700071] BetterGenshinImpact.GameTask.CharacterDevelopment.CharacterDevelopmentStateMachineTask
状态机迭代 10，当前状态：ReadCategory

[00:17:17.017] [DBG] [Primary:S1:P11492:T1786550700071] BetterGenshinImpact.GameTask.CharacterDevelopment.CharacterDevelopmentStateMachineTask
角色养成识别："角色等级" OCR 第 1/10 次解析失败，结果="0/90
等级90"

[00:17:17.335] [DBG] [Primary:S1:P11492:T1786550700071] BetterGenshinImpact.GameTask.CharacterDevelopment.CharacterDevelopmentStateMachineTask
角色养成识别："角色等级" OCR 第 2/10 次解析失败，结果="0/90
等级90"

[00:17:17.737] [DBG] [Primary:S1:P11492:T1786550700071] BetterGenshinImpact.GameTask.CharacterDevelopment.CharacterDevelopmentStateMachineTask
角色养成识别："角色等级" OCR 第 3/10 次解析失败，结果="0/90
等级90"

[00:17:18.152] [DBG] [Primary:S1:P11492:T1786550700071] BetterGenshinImpact.GameTask.CharacterDevelopment.CharacterDevelopmentStateMachineTask
角色养成识别："角色等级" OCR 第 4/10 次解析失败，结果="等级90
0/90"

[00:17:19.429] [DBG] [Primary:S1:P11492:T1786550700071] BetterGenshinImpact.GameTask.CharacterDevelopment.CharacterDevelopmentStateMachineTask
状态转换成功：SwitchCategory

[00:17:19.683] [DBG] [Primary:S1:P11492:T1786550700071] BetterGenshinImpact.GameTask.CharacterDevelopment.CharacterDevelopmentStateMachineTask
状态机迭代 11，当前状态：SwitchCategory

[00:17:19.745] [DBG] [Primary:S1:P11492:T1786550700071] BetterGenshinImpact.GameTask.CharacterDevelopment.CharacterDevelopmentStateMachineTask
状态转换成功：ReturnMainUi

[00:17:19.995] [DBG] [Primary:S1:P11492:T1786550700071] BetterGenshinImpact.GameTask.CharacterDevelopment.CharacterDevelopmentStateMachineTask
状态机迭代 12，当前状态：ReturnMainUi

[00:17:21.278] [DBG] [Primary:S1:P11492:T1786550700071] BetterGenshinImpact.GameTask.CharacterDevelopment.CharacterDevelopmentStateMachineTask
状态转换成功：Completed

[00:17:21.592] [INF] [Primary:S1:P11492:T1786550700071] BetterGenshinImpact.GameTask.CharacterDevelopment.CharacterDevelopmentStateMachineTask
========== 状态机完成，到达目标状态：Completed ==========

[00:17:21.599] [INF] [Primary:S1:P11492:T1786550700071] BetterGenshinImpact.Core.Script.Dependence.Log
[测试 8/9] “芙宁娜”读取成功

[00:17:21.600] [INF] [Primary:S1:P11492:T1786550700071] BetterGenshinImpact.Core.Script.Dependence.Log
[结果] {"CharacterName":"芙宁娜","ElementType":"水","Level":90,"LevelLimit":90,"WeaponName":null,"WeaponLevel":null,"WeaponLevelLimit":null,"AttackLevel":null,"AttackHasBonus":null,"SkillLevel":null,"SkillHasBonus":null,"BurstLevel":null,"BurstHasBonus":null}

[00:17:21.600] [INF] [Primary:S1:P11492:T1786550700071] BetterGenshinImpact.Core.Script.Dependence.Log
[测试 9/9] 准备读取“妮露”

[00:17:22.677] [DBG] [Primary:S1:P11492:T1786550700071] BetterGenshinImpact.Core.Recognition.ONNX.BgiOnnxFactory
[ONNX]创建推理会话，模型: "AvatarGridIcon"

[00:17:22.810] [INF] [Primary:S1:P11492:T1786550700071] BetterGenshinImpact.GameTask.CharacterDevelopment.CharacterDevelopmentStateMachineTask
角色养成识别：准备角色 "妮露"，元素筛选="水"，武器筛选="单手剑"

[00:17:22.811] [INF] [Primary:S1:P11492:T1786550700071] BetterGenshinImpact.GameTask.CharacterDevelopment.CharacterDevelopmentStateMachineTask
========== 状态机启动，目标状态："Completed" ==========

[00:17:22.876] [DBG] [Primary:S1:P11492:T1786550700071] BetterGenshinImpact.GameTask.CharacterDevelopment.CharacterDevelopmentStateMachineTask
状态机迭代 0，当前状态：MainUi

[00:17:23.821] [DBG] [Primary:S1:P11492:T1786550700071] BetterGenshinImpact.GameTask.CharacterDevelopment.CharacterDevelopmentStateMachineTask
状态转换成功：OpenCharacterList

[00:17:24.049] [DBG] [Primary:S1:P11492:T1786550700071] BetterGenshinImpact.GameTask.CharacterDevelopment.CharacterDevelopmentStateMachineTask
状态机迭代 1，当前状态：OpenCharacterList

[00:17:24.540] [DBG] [Primary:S1:P11492:T1786550700071] BetterGenshinImpact.GameTask.CharacterDevelopment.CharacterDevelopmentStateMachineTask
状态转换成功：OpenFilterPanel

[00:17:24.770] [DBG] [Primary:S1:P11492:T1786550700071] BetterGenshinImpact.GameTask.CharacterDevelopment.CharacterDevelopmentStateMachineTask
状态机迭代 2，当前状态：OpenFilterPanel

[00:17:25.302] [DBG] [Primary:S1:P11492:T1786550700071] BetterGenshinImpact.GameTask.CharacterDevelopment.CharacterDevelopmentStateMachineTask
状态转换成功：FilterPanel

[00:17:25.555] [DBG] [Primary:S1:P11492:T1786550700071] BetterGenshinImpact.GameTask.CharacterDevelopment.CharacterDevelopmentStateMachineTask
状态机迭代 3，当前状态：FilterPanel

[00:17:25.810] [DBG] [Primary:S1:P11492:T1786550700071] BetterGenshinImpact.GameTask.CharacterDevelopment.CharacterDevelopmentStateMachineTask
状态转换成功：SelectElementFilter

[00:17:26.347] [DBG] [Primary:S1:P11492:T1786550700071] BetterGenshinImpact.GameTask.CharacterDevelopment.CharacterDevelopmentStateMachineTask
状态机迭代 4，当前状态：SelectElementFilter

[00:17:28.063] [DBG] [Primary:S1:P11492:T1786550700071] BetterGenshinImpact.GameTask.CharacterDevelopment.CharacterDevelopmentStateMachineTask
状态转换成功：SelectWeaponFilter

[00:17:28.377] [DBG] [Primary:S1:P11492:T1786550700071] BetterGenshinImpact.GameTask.CharacterDevelopment.CharacterDevelopmentStateMachineTask
状态机迭代 5，当前状态：SelectWeaponFilter

[00:17:29.596] [DBG] [Primary:S1:P11492:T1786550700071] BetterGenshinImpact.GameTask.CharacterDevelopment.CharacterDevelopmentStateMachineTask
状态转换成功：ConfirmFilterPanel

[00:17:29.827] [DBG] [Primary:S1:P11492:T1786550700071] BetterGenshinImpact.GameTask.CharacterDevelopment.CharacterDevelopmentStateMachineTask
状态机迭代 6，当前状态：ConfirmFilterPanel

[00:17:30.642] [DBG] [Primary:S1:P11492:T1786550700071] BetterGenshinImpact.GameTask.CharacterDevelopment.CharacterDevelopmentStateMachineTask
状态转换成功：FindAndClickAvatar

[00:17:30.865] [DBG] [Primary:S1:P11492:T1786550700071] BetterGenshinImpact.GameTask.CharacterDevelopment.CharacterDevelopmentStateMachineTask
状态机迭代 7，当前状态：FindAndClickAvatar

[00:17:30.886] [DBG] [Primary:S1:P11492:T1786550700071] BetterGenshinImpact.GameTask.CharacterDevelopment.CharacterDevelopmentStateMachineTask
角色养成识别：白色底栏连通域 5 个，生成 3 个合法卡片，边界丢弃 0 个（第 1/3 次）

[00:17:30.894] [DBG] [Primary:S1:P11492:T1786550700071] BetterGenshinImpact.GameTask.CharacterDevelopment.CharacterDevelopmentStateMachineTask
角色养成识别：识别头像 "芙宁娜"，元素="水"，score=0.988

[00:17:30.902] [DBG] [Primary:S1:P11492:T1786550700071] BetterGenshinImpact.GameTask.CharacterDevelopment.CharacterDevelopmentStateMachineTask
角色养成识别：识别头像 "妮露"，元素="水"，score=0.986

[00:17:31.422] [DBG] [Primary:S1:P11492:T1786550700071] BetterGenshinImpact.GameTask.CharacterDevelopment.CharacterDevelopmentStateMachineTask
状态转换成功：SelectedCharacter

[00:17:31.652] [DBG] [Primary:S1:P11492:T1786550700071] BetterGenshinImpact.GameTask.CharacterDevelopment.CharacterDevelopmentStateMachineTask
状态机迭代 8，当前状态：SelectedCharacter

[00:17:32.044] [DBG] [Primary:S1:P11492:T1786550700071] BetterGenshinImpact.GameTask.CharacterDevelopment.CharacterDevelopmentStateMachineTask
状态转换成功：SwitchCategory

[00:17:32.278] [DBG] [Primary:S1:P11492:T1786550700071] BetterGenshinImpact.GameTask.CharacterDevelopment.CharacterDevelopmentStateMachineTask
状态机迭代 9，当前状态：SwitchCategory

[00:17:33.037] [DBG] [Primary:S1:P11492:T1786550700071] BetterGenshinImpact.GameTask.CharacterDevelopment.CharacterDevelopmentStateMachineTask
状态转换成功：ReadCategory

[00:17:33.295] [DBG] [Primary:S1:P11492:T1786550700071] BetterGenshinImpact.GameTask.CharacterDevelopment.CharacterDevelopmentStateMachineTask
状态机迭代 10，当前状态：ReadCategory

[00:17:33.474] [DBG] [Primary:S1:P11492:T1786550700071] BetterGenshinImpact.GameTask.CharacterDevelopment.CharacterDevelopmentStateMachineTask
角色养成识别："角色等级" OCR 第 1/10 次解析失败，结果="0/90
等级90"

[00:17:33.943] [DBG] [Primary:S1:P11492:T1786550700071] BetterGenshinImpact.GameTask.CharacterDevelopment.CharacterDevelopmentStateMachineTask
角色养成识别："角色等级" OCR 第 2/10 次解析失败，结果="等级90
0/90"

[00:17:34.375] [DBG] [Primary:S1:P11492:T1786550700071] BetterGenshinImpact.GameTask.CharacterDevelopment.CharacterDevelopmentStateMachineTask
角色养成识别："角色等级" OCR 第 3/10 次解析失败，结果="0/90-
等级90"

[00:17:34.710] [DBG] [Primary:S1:P11492:T1786550700071] BetterGenshinImpact.GameTask.CharacterDevelopment.CharacterDevelopmentStateMachineTask
角色养成识别："角色等级" OCR 第 4/10 次解析失败，结果="等级90
0/90"

[00:17:35.128] [DBG] [Primary:S1:P11492:T1786550700071] BetterGenshinImpact.GameTask.CharacterDevelopment.CharacterDevelopmentStateMachineTask
角色养成识别："角色等级" OCR 第 5/10 次解析失败，结果="等级90
0/90"

[00:17:36.382] [DBG] [Primary:S1:P11492:T1786550700071] BetterGenshinImpact.GameTask.CharacterDevelopment.CharacterDevelopmentStateMachineTask
状态转换成功：SwitchCategory

[00:17:36.615] [DBG] [Primary:S1:P11492:T1786550700071] BetterGenshinImpact.GameTask.CharacterDevelopment.CharacterDevelopmentStateMachineTask
状态机迭代 11，当前状态：SwitchCategory

[00:17:36.633] [DBG] [Primary:S1:P11492:T1786550700071] BetterGenshinImpact.GameTask.CharacterDevelopment.CharacterDevelopmentStateMachineTask
状态转换成功：ReturnMainUi

[00:17:36.860] [DBG] [Primary:S1:P11492:T1786550700071] BetterGenshinImpact.GameTask.CharacterDevelopment.CharacterDevelopmentStateMachineTask
状态机迭代 12，当前状态：ReturnMainUi

[00:17:38.126] [DBG] [Primary:S1:P11492:T1786550700071] BetterGenshinImpact.GameTask.CharacterDevelopment.CharacterDevelopmentStateMachineTask
状态转换成功：Completed

[00:17:38.412] [INF] [Primary:S1:P11492:T1786550700071] BetterGenshinImpact.GameTask.CharacterDevelopment.CharacterDevelopmentStateMachineTask
========== 状态机完成，到达目标状态：Completed ==========

[00:17:38.420] [INF] [Primary:S1:P11492:T1786550700071] BetterGenshinImpact.Core.Script.Dependence.Log
[测试 9/9] “妮露”读取成功

[00:17:38.421] [INF] [Primary:S1:P11492:T1786550700071] BetterGenshinImpact.Core.Script.Dependence.Log
[结果] {"CharacterName":"妮露","ElementType":"水","Level":90,"LevelLimit":90,"WeaponName":null,"WeaponLevel":null,"WeaponLevelLimit":null,"AttackLevel":null,"AttackHasBonus":null,"SkillLevel":null,"SkillHasBonus":null,"BurstLevel":null,"BurstHasBonus":null}

[00:17:38.488] [INF] [Primary:S1:P11492:T1786550700071] BetterGenshinImpact.Core.Script.Dependence.Log
========== 测试汇总 ==========

[00:17:38.488] [INF] [Primary:S1:P11492:T1786550700071] BetterGenshinImpact.Core.Script.Dependence.Log
[汇总] 尼可：成功

[00:17:38.488] [INF] [Primary:S1:P11492:T1786550700071] BetterGenshinImpact.Core.Script.Dependence.Log
[汇总] 丝柯克：失败｜角色等级 OCR 在 10 次内未达到连续 3 次一致，最大连续次数=2，末次结果=0/90
等级90

[00:17:38.488] [INF] [Primary:S1:P11492:T1786550700071] BetterGenshinImpact.Core.Script.Dependence.Log
[汇总] 瓦雷莎：成功

[00:17:38.488] [INF] [Primary:S1:P11492:T1786550700071] BetterGenshinImpact.Core.Script.Dependence.Log
[汇总] 玛拉妮：成功

[00:17:38.488] [INF] [Primary:S1:P11492:T1786550700071] BetterGenshinImpact.Core.Script.Dependence.Log
[汇总] 千织：成功

[00:17:38.488] [INF] [Primary:S1:P11492:T1786550700071] BetterGenshinImpact.Core.Script.Dependence.Log
[汇总] 纳西妲：成功

[00:17:38.488] [INF] [Primary:S1:P11492:T1786550700071] BetterGenshinImpact.Core.Script.Dependence.Log
[汇总] 娜维娅：成功

[00:17:38.488] [INF] [Primary:S1:P11492:T1786550700071] BetterGenshinImpact.Core.Script.Dependence.Log
[汇总] 芙宁娜：成功

[00:17:38.488] [INF] [Primary:S1:P11492:T1786550700071] BetterGenshinImpact.Core.Script.Dependence.Log
[汇总] 妮露：成功

[00:17:38.488] [INF] [Primary:S1:P11492:T1786550700071] BetterGenshinImpact.Core.Script.Dependence.Log
========== 角色养成接口复现测试结束 ==========

[00:17:38.490] [INF] [Primary:S1:P11492:T1786550700071] BetterGenshinImpact.Service.ScriptService
→ 脚本执行结束: "角色养成接口复现测试", 耗时: 2分32.113秒

[00:17:38.490] [INF] [Primary:S1:P11492:T1786550700071] BetterGenshinImpact.Service.ScriptService
------------------------------

[00:17:39.516] [INF] [Primary:S1:P11492:T1786550700071] BetterGenshinImpact.GameTask.TaskRunner
→ "任务结束"

[00:17:39.517] [INF] [Primary:S1:P11492:T1786550700071] BetterGenshinImpact.Service.ScriptService
配置组 "角色等级bug测试" 执行结束

[00:34:49.735] [INF] [Primary:S1:P11492:T1786550700071] BetterGenshinImpact.GameTask.TaskTriggerDispatcher
游戏已退出，BetterGI 自动停止截图器

[00:34:55.063] [DBG] [Primary:S1:P11492:T1786550700071] BetterGenshinImpact.View.MainWindow
主窗体退出

[00:50:35.646] [INF] [Primary:S1:P20560:T1786553435224] BetterGenshinImpact.Service.Instance.InstanceService
实例 IPC v2 已启动：Primary，进程 20560，Session 1，根管道 "BetterGI.v2.user-<已脱敏的 Windows SID>.root"

[00:50:35.739] [DBG] [Primary:S1:P20560:T1786553435224] BetterGenshinImpact.View.MainWindow
主窗体实例化

[00:50:36.415] [DBG] [Primary:S1:P20560:T1786553435224] BetterGenshinImpact.Core.Recognition.ONNX.BgiOnnxFactory
[GpuAuto]修改进程PATH为:"[已脱敏：本机 PATH]"

[00:50:36.415] [DBG] [Primary:S1:P20560:T1786553435224] BetterGenshinImpact.Core.Recognition.ONNX.BgiOnnxFactory
[GpuAuto]修改进程PATH为:"[已脱敏：本机 PATH]"

[00:50:36.418] [DBG] [Primary:S1:P20560:T1786553435224] BetterGenshinImpact.Core.Recognition.ONNX.BgiOnnxFactory
[ONNX]启用的provider:"Cpu",初始化参数: InferenceDevice=Cpu, OptimizedModel=False, CudaDeviceId=0, DmlDeviceId=0, EmbedTensorRtCache=True, EnableTensorRtCache=True, CpuOcr=True

[00:50:36.423] [DBG] [Primary:S1:P20560:T1786553435224] BetterGenshinImpact.Core.Recognition.ONNX.BgiOnnxFactory
[ONNX]创建推理会话，模型: "PpOcrDetV4"

[00:50:36.585] [INF] [Primary:S1:P20560:T1786553435224] BetterGenshinImpact.ViewModel.Pages.HomePageViewModel
已加载默认背景图片

[00:50:36.664] [DBG] [Primary:S1:P20560:T1786553435224] BetterGenshinImpact.Core.Recognition.ONNX.BgiOnnxFactory
[ONNX]创建推理会话，模型: "PpOcrRecV4"

[00:50:37.001] [DBG] [Primary:S1:P20560:T1786553435224] BetterGenshinImpact.Core.Recognition.ONNX.BgiOnnxFactory
创建了类型为 "Paddle" 的 OCR服务

[00:50:37.951] [DBG] [Primary:S1:P20560:T1786553435224] BetterGenshinImpact.Core.Script.ScriptRepoUpdater
已禁用自动更新订阅脚本

[00:51:56.681] [DBG] [Primary:S1:P20560:T1786553435224] BetterGenshinImpact.View.MainWindow
主窗体退出

[00:52:37.068] [INF] [Primary:S1:P22132:T1786553556665] BetterGenshinImpact.Service.Instance.InstanceService
实例 IPC v2 已启动：Primary，进程 22132，Session 1，根管道 "BetterGI.v2.user-<已脱敏的 Windows SID>.root"

[00:52:37.127] [DBG] [Primary:S1:P22132:T1786553556665] BetterGenshinImpact.View.MainWindow
主窗体实例化

[00:52:37.675] [DBG] [Primary:S1:P22132:T1786553556665] BetterGenshinImpact.Core.Recognition.ONNX.BgiOnnxFactory
[GpuAuto]修改进程PATH为:"[已脱敏：本机 PATH]"

[00:52:37.676] [DBG] [Primary:S1:P22132:T1786553556665] BetterGenshinImpact.Core.Recognition.ONNX.BgiOnnxFactory
[GpuAuto]修改进程PATH为:"[已脱敏：本机 PATH]"

[00:52:37.679] [DBG] [Primary:S1:P22132:T1786553556665] BetterGenshinImpact.Core.Recognition.ONNX.BgiOnnxFactory
[ONNX]启用的provider:"Cpu",初始化参数: InferenceDevice=Cpu, OptimizedModel=False, CudaDeviceId=0, DmlDeviceId=0, EmbedTensorRtCache=True, EnableTensorRtCache=True, CpuOcr=True

[00:52:37.683] [DBG] [Primary:S1:P22132:T1786553556665] BetterGenshinImpact.Core.Recognition.ONNX.BgiOnnxFactory
[ONNX]创建推理会话，模型: "PpOcrDetV6"

[00:52:37.938] [INF] [Primary:S1:P22132:T1786553556665] BetterGenshinImpact.ViewModel.Pages.HomePageViewModel
已加载默认背景图片

[00:52:37.975] [DBG] [Primary:S1:P22132:T1786553556665] BetterGenshinImpact.Core.Recognition.ONNX.BgiOnnxFactory
[ONNX]创建推理会话，模型: "PpOcrRecV6"

[00:52:38.397] [DBG] [Primary:S1:P22132:T1786553556665] BetterGenshinImpact.Core.Recognition.ONNX.BgiOnnxFactory
创建了类型为 "Paddle" 的 OCR服务

[00:52:39.183] [DBG] [Primary:S1:P22132:T1786553556665] BetterGenshinImpact.Core.Script.ScriptRepoUpdater
已禁用自动更新订阅脚本

[00:52:50.856] [DBG] [Primary:S1:P22132:T1786553556665] BetterGenshinImpact.View.MainWindow
主窗体退出

[00:57:18.572] [INF] [Primary:S1:P7200:T1786553838115] BetterGenshinImpact.Service.Instance.InstanceService
实例 IPC v2 已启动：Primary，进程 7200，Session 1，根管道 "BetterGI.v2.user-<已脱敏的 Windows SID>.root"

[00:57:18.635] [DBG] [Primary:S1:P7200:T1786553838115] BetterGenshinImpact.View.MainWindow
主窗体实例化

[00:57:19.207] [DBG] [Primary:S1:P7200:T1786553838115] BetterGenshinImpact.Core.Recognition.ONNX.BgiOnnxFactory
[GpuAuto]修改进程PATH为:"[已脱敏：本机 PATH]"

[00:57:19.208] [DBG] [Primary:S1:P7200:T1786553838115] BetterGenshinImpact.Core.Recognition.ONNX.BgiOnnxFactory
[GpuAuto]修改进程PATH为:"[已脱敏：本机 PATH]"

[00:57:19.211] [DBG] [Primary:S1:P7200:T1786553838115] BetterGenshinImpact.Core.Recognition.ONNX.BgiOnnxFactory
[ONNX]启用的provider:"Cpu",初始化参数: InferenceDevice=Cpu, OptimizedModel=False, CudaDeviceId=0, DmlDeviceId=0, EmbedTensorRtCache=True, EnableTensorRtCache=True, CpuOcr=True

[00:57:19.214] [DBG] [Primary:S1:P7200:T1786553838115] BetterGenshinImpact.Core.Recognition.ONNX.BgiOnnxFactory
[ONNX]创建推理会话，模型: "PpOcrDetV6"

[00:57:19.410] [INF] [Primary:S1:P7200:T1786553838115] BetterGenshinImpact.ViewModel.Pages.HomePageViewModel
已加载默认背景图片

[00:57:19.443] [DBG] [Primary:S1:P7200:T1786553838115] BetterGenshinImpact.Core.Recognition.ONNX.BgiOnnxFactory
[ONNX]创建推理会话，模型: "PpOcrRecV6"

[00:57:19.802] [DBG] [Primary:S1:P7200:T1786553838115] BetterGenshinImpact.Core.Recognition.ONNX.BgiOnnxFactory
创建了类型为 "Paddle" 的 OCR服务

[00:57:20.584] [DBG] [Primary:S1:P7200:T1786553838115] BetterGenshinImpact.Core.Script.ScriptRepoUpdater
已禁用自动更新订阅脚本

[00:58:02.986] [INF] [Primary:S1:P7200:T1786553838115] BetterGenshinImpact.View.MaskWindow
更好的原神 "0.63.0"

[00:58:02.987] [INF] [Primary:S1:P7200:T1786553838115] BetterGenshinImpact.View.MaskWindow
遮罩窗口已启动，游戏大小1920x1080，素材缩放"1.00"，DPI缩放1.25

[00:58:03.358] [INF] [Primary:S1:P7200:T1786553838115] BetterGenshinImpact.GameTask.Common.TaskControl
当前不在游戏主界面，等待进入主界面后执行任务...

[00:58:03.358] [INF] [Primary:S1:P7200:T1786553838115] BetterGenshinImpact.GameTask.Common.TaskControl
如果你已经在游戏内的其他界面，请自行退出当前界面（ESC），或是30秒后将程序将自动尝试到入主界面，使当前任务能够继续运行！

[00:58:58.813] [INF] [Primary:S1:P7200:T1786553838115] BetterGenshinImpact.Service.ScriptService
配置组 "角色等级bug测试" 加载完成，共1个脚本，开始执行

[00:58:58.837] [INF] [Primary:S1:P7200:T1786553838115] BetterGenshinImpact.GameTask.TaskRunner
→ "任务启动！"

[00:58:59.584] [INF] [Primary:S1:P7200:T1786553838115] BetterGenshinImpact.Service.ScriptService
------------------------------

[00:58:59.590] [INF] [Primary:S1:P7200:T1786553838115] BetterGenshinImpact.Service.ScriptService
→ 开始执行JS脚本: "OCR V6角色养成完整复测"

[00:59:01.557] [INF] [Primary:S1:P7200:T1786553838115] BetterGenshinImpact.Core.Script.Dependence.Log
========== OCR V6角色养成完整复测开始 ==========

[00:59:01.559] [INF] [Primary:S1:P7200:T1786553838115] BetterGenshinImpact.Core.Script.Dependence.Log
[重要] 请确认 BetterGI 设置中已经启用 OCR V6；脚本本身无法读取或修改 OCR 版本

[00:59:01.559] [INF] [Primary:S1:P7200:T1786553838115] BetterGenshinImpact.Core.Script.Dependence.Log
[说明] 本脚本只调用角色养成识别接口，不读取背包、不刷取材料、不消耗树脂

[00:59:01.571] [INF] [Primary:S1:P7200:T1786553838115] BetterGenshinImpact.Core.Script.Dependence.Log
[说明] 第一阶段完整覆盖 25 名角色；第二阶段重复 11 个重点样本

[00:59:01.571] [INF] [Primary:S1:P7200:T1786553838115] BetterGenshinImpact.Core.Script.Dependence.Log
[说明] 最终读取失败不一定等于武器筛选失败，武器筛选请结合 SelectWeaponFilter 与 ConfirmFilterPanel 日志判断

[00:59:01.573] [INF] [Primary:S1:P7200:T1786553838115] BetterGenshinImpact.Core.Script.Dependence.Log
[完整覆盖 1/25] 准备读取“七七”，预期筛选：冰元素＋单手剑

[00:59:03.215] [DBG] [Primary:S1:P7200:T1786553838115] BetterGenshinImpact.Core.Recognition.ONNX.BgiOnnxFactory
[ONNX]创建推理会话，模型: "AvatarGridIcon"

[00:59:03.554] [INF] [Primary:S1:P7200:T1786553838115] BetterGenshinImpact.GameTask.CharacterDevelopment.CharacterDevelopmentStateMachineTask
角色养成识别：准备角色 "七七"，元素筛选="冰"，武器筛选="单手剑"

[00:59:03.569] [INF] [Primary:S1:P7200:T1786553838115] BetterGenshinImpact.GameTask.CharacterDevelopment.CharacterDevelopmentStateMachineTask
========== 状态机启动，目标状态："Completed" ==========

[00:59:03.784] [DBG] [Primary:S1:P7200:T1786553838115] BetterGenshinImpact.GameTask.CharacterDevelopment.CharacterDevelopmentStateMachineTask
状态机迭代 0，当前状态：MainUi

[00:59:05.464] [DBG] [Primary:S1:P7200:T1786553838115] BetterGenshinImpact.GameTask.CharacterDevelopment.CharacterDevelopmentStateMachineTask
状态转换成功：OpenCharacterList

[00:59:05.698] [DBG] [Primary:S1:P7200:T1786553838115] BetterGenshinImpact.GameTask.CharacterDevelopment.CharacterDevelopmentStateMachineTask
状态机迭代 1，当前状态：OpenCharacterList

[00:59:06.538] [DBG] [Primary:S1:P7200:T1786553838115] BetterGenshinImpact.GameTask.CharacterDevelopment.CharacterDevelopmentStateMachineTask
状态转换成功：OpenFilterPanel

[00:59:06.767] [DBG] [Primary:S1:P7200:T1786553838115] BetterGenshinImpact.GameTask.CharacterDevelopment.CharacterDevelopmentStateMachineTask
状态机迭代 2，当前状态：OpenFilterPanel

[00:59:07.423] [DBG] [Primary:S1:P7200:T1786553838115] BetterGenshinImpact.GameTask.CharacterDevelopment.CharacterDevelopmentStateMachineTask
状态转换成功：FilterPanel

[00:59:07.710] [DBG] [Primary:S1:P7200:T1786553838115] BetterGenshinImpact.GameTask.CharacterDevelopment.CharacterDevelopmentStateMachineTask
状态机迭代 3，当前状态：FilterPanel

[00:59:07.868] [DBG] [Primary:S1:P7200:T1786553838115] BetterGenshinImpact.GameTask.CharacterDevelopment.CharacterDevelopmentStateMachineTask
状态转换成功：SelectElementFilter

[00:59:08.447] [DBG] [Primary:S1:P7200:T1786553838115] BetterGenshinImpact.GameTask.CharacterDevelopment.CharacterDevelopmentStateMachineTask
状态机迭代 4，当前状态：SelectElementFilter

[00:59:10.925] [DBG] [Primary:S1:P7200:T1786553838115] BetterGenshinImpact.GameTask.CharacterDevelopment.CharacterDevelopmentStateMachineTask
状态转换成功：SelectWeaponFilter

[00:59:11.236] [DBG] [Primary:S1:P7200:T1786553838115] BetterGenshinImpact.GameTask.CharacterDevelopment.CharacterDevelopmentStateMachineTask
状态机迭代 5，当前状态：SelectWeaponFilter

[00:59:12.793] [DBG] [Primary:S1:P7200:T1786553838115] BetterGenshinImpact.GameTask.CharacterDevelopment.CharacterDevelopmentStateMachineTask
状态转换成功：ConfirmFilterPanel

[00:59:13.050] [DBG] [Primary:S1:P7200:T1786553838115] BetterGenshinImpact.GameTask.CharacterDevelopment.CharacterDevelopmentStateMachineTask
状态机迭代 6，当前状态：ConfirmFilterPanel

[00:59:13.880] [DBG] [Primary:S1:P7200:T1786553838115] BetterGenshinImpact.GameTask.CharacterDevelopment.CharacterDevelopmentStateMachineTask
状态转换成功：FindAndClickAvatar

[00:59:14.099] [DBG] [Primary:S1:P7200:T1786553838115] BetterGenshinImpact.GameTask.CharacterDevelopment.CharacterDevelopmentStateMachineTask
状态机迭代 7，当前状态：FindAndClickAvatar

[00:59:14.171] [DBG] [Primary:S1:P7200:T1786553838115] BetterGenshinImpact.GameTask.CharacterDevelopment.CharacterDevelopmentStateMachineTask
角色养成识别：白色底栏连通域 15 个，生成 5 个合法卡片，边界丢弃 0 个（第 1/3 次）

[00:59:14.213] [DBG] [Primary:S1:P7200:T1786553838115] BetterGenshinImpact.GameTask.CharacterDevelopment.CharacterDevelopmentStateMachineTask
角色养成识别：识别头像 "丝柯克"，元素="冰"，score=0.984

[00:59:14.223] [DBG] [Primary:S1:P7200:T1786553838115] BetterGenshinImpact.GameTask.CharacterDevelopment.CharacterDevelopmentStateMachineTask
角色养成识别：识别头像 "神里绫华"，元素="冰"，score=0.982

[00:59:14.240] [DBG] [Primary:S1:P7200:T1786553838115] BetterGenshinImpact.GameTask.CharacterDevelopment.CharacterDevelopmentStateMachineTask
角色养成识别：识别头像 "七七"，元素="冰"，score=0.987

[00:59:14.740] [DBG] [Primary:S1:P7200:T1786553838115] BetterGenshinImpact.GameTask.CharacterDevelopment.CharacterDevelopmentStateMachineTask
状态转换成功：SelectedCharacter

[00:59:14.979] [DBG] [Primary:S1:P7200:T1786553838115] BetterGenshinImpact.GameTask.CharacterDevelopment.CharacterDevelopmentStateMachineTask
状态机迭代 8，当前状态：SelectedCharacter

[00:59:15.336] [DBG] [Primary:S1:P7200:T1786553838115] BetterGenshinImpact.GameTask.CharacterDevelopment.CharacterDevelopmentStateMachineTask
状态转换成功：SwitchCategory

[00:59:15.563] [DBG] [Primary:S1:P7200:T1786553838115] BetterGenshinImpact.GameTask.CharacterDevelopment.CharacterDevelopmentStateMachineTask
状态机迭代 9，当前状态：SwitchCategory

[00:59:16.918] [DBG] [Primary:S1:P7200:T1786553838115] BetterGenshinImpact.GameTask.CharacterDevelopment.CharacterDevelopmentStateMachineTask
状态转换成功：ReadCategory

[00:59:17.137] [DBG] [Primary:S1:P7200:T1786553838115] BetterGenshinImpact.GameTask.CharacterDevelopment.CharacterDevelopmentStateMachineTask
状态机迭代 10，当前状态：ReadCategory

[00:59:18.112] [DBG] [Primary:S1:P7200:T1786553838115] BetterGenshinImpact.GameTask.CharacterDevelopment.CharacterDevelopmentStateMachineTask
状态转换成功：SwitchCategory

[00:59:18.330] [DBG] [Primary:S1:P7200:T1786553838115] BetterGenshinImpact.GameTask.CharacterDevelopment.CharacterDevelopmentStateMachineTask
状态机迭代 11，当前状态：SwitchCategory

[00:59:18.353] [DBG] [Primary:S1:P7200:T1786553838115] BetterGenshinImpact.GameTask.CharacterDevelopment.CharacterDevelopmentStateMachineTask
状态转换成功：ReturnMainUi

[00:59:18.588] [DBG] [Primary:S1:P7200:T1786553838115] BetterGenshinImpact.GameTask.CharacterDevelopment.CharacterDevelopmentStateMachineTask
状态机迭代 12，当前状态：ReturnMainUi

[00:59:19.784] [DBG] [Primary:S1:P7200:T1786553838115] BetterGenshinImpact.GameTask.CharacterDevelopment.CharacterDevelopmentStateMachineTask
状态转换成功：Completed

[00:59:20.125] [INF] [Primary:S1:P7200:T1786553838115] BetterGenshinImpact.GameTask.CharacterDevelopment.CharacterDevelopmentStateMachineTask
========== 状态机完成，到达目标状态：Completed ==========

[00:59:20.148] [INF] [Primary:S1:P7200:T1786553838115] BetterGenshinImpact.Core.Script.Dependence.Log
[完整覆盖 1/25] “七七”读取成功

[00:59:20.185] [INF] [Primary:S1:P7200:T1786553838115] BetterGenshinImpact.Core.Script.Dependence.Log
[识别结果] {"CharacterName":"七七","ElementType":"冰","Level":80,"LevelLimit":80,"WeaponName":null,"WeaponLevel":null,"WeaponLevelLimit":null,"AttackLevel":null,"AttackHasBonus":null,"SkillLevel":null,"SkillHasBonus":null,"BurstLevel":null,"BurstHasBonus":null}

[00:59:20.185] [INF] [Primary:S1:P7200:T1786553838115] BetterGenshinImpact.Core.Script.Dependence.Log
[完整覆盖 2/25] 准备读取“凯亚”，预期筛选：冰元素＋单手剑

[00:59:21.307] [DBG] [Primary:S1:P7200:T1786553838115] BetterGenshinImpact.Core.Recognition.ONNX.BgiOnnxFactory
[ONNX]创建推理会话，模型: "AvatarGridIcon"

[00:59:21.451] [INF] [Primary:S1:P7200:T1786553838115] BetterGenshinImpact.GameTask.CharacterDevelopment.CharacterDevelopmentStateMachineTask
角色养成识别：准备角色 "凯亚"，元素筛选="冰"，武器筛选="单手剑"

[00:59:21.451] [INF] [Primary:S1:P7200:T1786553838115] BetterGenshinImpact.GameTask.CharacterDevelopment.CharacterDevelopmentStateMachineTask
========== 状态机启动，目标状态："Completed" ==========

[00:59:21.607] [DBG] [Primary:S1:P7200:T1786553838115] BetterGenshinImpact.GameTask.CharacterDevelopment.CharacterDevelopmentStateMachineTask
状态机迭代 0，当前状态：MainUi

[00:59:22.467] [DBG] [Primary:S1:P7200:T1786553838115] BetterGenshinImpact.GameTask.CharacterDevelopment.CharacterDevelopmentStateMachineTask
状态转换成功：OpenCharacterList

[00:59:22.700] [DBG] [Primary:S1:P7200:T1786553838115] BetterGenshinImpact.GameTask.CharacterDevelopment.CharacterDevelopmentStateMachineTask
状态机迭代 1，当前状态：OpenCharacterList

[00:59:23.219] [DBG] [Primary:S1:P7200:T1786553838115] BetterGenshinImpact.GameTask.CharacterDevelopment.CharacterDevelopmentStateMachineTask
状态转换成功：OpenFilterPanel

[00:59:23.453] [DBG] [Primary:S1:P7200:T1786553838115] BetterGenshinImpact.GameTask.CharacterDevelopment.CharacterDevelopmentStateMachineTask
状态机迭代 2，当前状态：OpenFilterPanel

[00:59:23.731] [DBG] [Primary:S1:P7200:T1786553838115] BetterGenshinImpact.GameTask.CharacterDevelopment.CharacterDevelopmentStateMachineTask
状态转换成功：FilterPanel

[00:59:24.085] [DBG] [Primary:S1:P7200:T1786553838115] BetterGenshinImpact.GameTask.CharacterDevelopment.CharacterDevelopmentStateMachineTask
状态机迭代 3，当前状态：FilterPanel

[00:59:24.236] [DBG] [Primary:S1:P7200:T1786553838115] BetterGenshinImpact.GameTask.CharacterDevelopment.CharacterDevelopmentStateMachineTask
状态转换成功：SelectElementFilter

[00:59:24.773] [DBG] [Primary:S1:P7200:T1786553838115] BetterGenshinImpact.GameTask.CharacterDevelopment.CharacterDevelopmentStateMachineTask
状态机迭代 4，当前状态：SelectElementFilter

[00:59:27.086] [DBG] [Primary:S1:P7200:T1786553838115] BetterGenshinImpact.GameTask.CharacterDevelopment.CharacterDevelopmentStateMachineTask
状态转换成功：SelectWeaponFilter

[00:59:27.385] [DBG] [Primary:S1:P7200:T1786553838115] BetterGenshinImpact.GameTask.CharacterDevelopment.CharacterDevelopmentStateMachineTask
状态机迭代 5，当前状态：SelectWeaponFilter

[00:59:28.762] [DBG] [Primary:S1:P7200:T1786553838115] BetterGenshinImpact.GameTask.CharacterDevelopment.CharacterDevelopmentStateMachineTask
状态转换成功：ConfirmFilterPanel

[00:59:28.997] [DBG] [Primary:S1:P7200:T1786553838115] BetterGenshinImpact.GameTask.CharacterDevelopment.CharacterDevelopmentStateMachineTask
状态机迭代 6，当前状态：ConfirmFilterPanel

[00:59:29.890] [DBG] [Primary:S1:P7200:T1786553838115] BetterGenshinImpact.GameTask.CharacterDevelopment.CharacterDevelopmentStateMachineTask
状态转换成功：FindAndClickAvatar

[00:59:30.106] [DBG] [Primary:S1:P7200:T1786553838115] BetterGenshinImpact.GameTask.CharacterDevelopment.CharacterDevelopmentStateMachineTask
状态机迭代 7，当前状态：FindAndClickAvatar

[00:59:30.129] [DBG] [Primary:S1:P7200:T1786553838115] BetterGenshinImpact.GameTask.CharacterDevelopment.CharacterDevelopmentStateMachineTask
角色养成识别：白色底栏连通域 15 个，生成 5 个合法卡片，边界丢弃 0 个（第 1/3 次）

[00:59:30.140] [DBG] [Primary:S1:P7200:T1786553838115] BetterGenshinImpact.GameTask.CharacterDevelopment.CharacterDevelopmentStateMachineTask
角色养成识别：识别头像 "丝柯克"，元素="冰"，score=0.983

[00:59:30.148] [DBG] [Primary:S1:P7200:T1786553838115] BetterGenshinImpact.GameTask.CharacterDevelopment.CharacterDevelopmentStateMachineTask
角色养成识别：识别头像 "神里绫华"，元素="冰"，score=0.981

[00:59:30.167] [DBG] [Primary:S1:P7200:T1786553838115] BetterGenshinImpact.GameTask.CharacterDevelopment.CharacterDevelopmentStateMachineTask
角色养成识别：识别头像 "七七"，元素="冰"，score=0.987

[00:59:30.175] [DBG] [Primary:S1:P7200:T1786553838115] BetterGenshinImpact.GameTask.CharacterDevelopment.CharacterDevelopmentStateMachineTask
角色养成识别：识别头像 "莱依拉"，元素="冰"，score=0.978

[00:59:30.183] [DBG] [Primary:S1:P7200:T1786553838115] BetterGenshinImpact.GameTask.CharacterDevelopment.CharacterDevelopmentStateMachineTask
角色养成识别：识别头像 "凯亚"，元素="冰"，score=0.968

[00:59:30.668] [DBG] [Primary:S1:P7200:T1786553838115] BetterGenshinImpact.GameTask.CharacterDevelopment.CharacterDevelopmentStateMachineTask
状态转换成功：SelectedCharacter

[00:59:30.895] [DBG] [Primary:S1:P7200:T1786553838115] BetterGenshinImpact.GameTask.CharacterDevelopment.CharacterDevelopmentStateMachineTask
状态机迭代 8，当前状态：SelectedCharacter

[00:59:31.272] [DBG] [Primary:S1:P7200:T1786553838115] BetterGenshinImpact.GameTask.CharacterDevelopment.CharacterDevelopmentStateMachineTask
状态转换成功：SwitchCategory

[00:59:31.510] [DBG] [Primary:S1:P7200:T1786553838115] BetterGenshinImpact.GameTask.CharacterDevelopment.CharacterDevelopmentStateMachineTask
状态机迭代 9，当前状态：SwitchCategory

[00:59:32.898] [DBG] [Primary:S1:P7200:T1786553838115] BetterGenshinImpact.GameTask.CharacterDevelopment.CharacterDevelopmentStateMachineTask
状态转换成功：ReadCategory

[00:59:33.135] [DBG] [Primary:S1:P7200:T1786553838115] BetterGenshinImpact.GameTask.CharacterDevelopment.CharacterDevelopmentStateMachineTask
状态机迭代 10，当前状态：ReadCategory

[00:59:34.050] [DBG] [Primary:S1:P7200:T1786553838115] BetterGenshinImpact.GameTask.CharacterDevelopment.CharacterDevelopmentStateMachineTask
状态转换成功：SwitchCategory

[00:59:34.338] [DBG] [Primary:S1:P7200:T1786553838115] BetterGenshinImpact.GameTask.CharacterDevelopment.CharacterDevelopmentStateMachineTask
状态机迭代 11，当前状态：SwitchCategory

[00:59:34.363] [DBG] [Primary:S1:P7200:T1786553838115] BetterGenshinImpact.GameTask.CharacterDevelopment.CharacterDevelopmentStateMachineTask
状态转换成功：ReturnMainUi

[00:59:34.587] [DBG] [Primary:S1:P7200:T1786553838115] BetterGenshinImpact.GameTask.CharacterDevelopment.CharacterDevelopmentStateMachineTask
状态机迭代 12，当前状态：ReturnMainUi

[00:59:35.841] [DBG] [Primary:S1:P7200:T1786553838115] BetterGenshinImpact.GameTask.CharacterDevelopment.CharacterDevelopmentStateMachineTask
状态转换成功：Completed

[00:59:36.188] [INF] [Primary:S1:P7200:T1786553838115] BetterGenshinImpact.GameTask.CharacterDevelopment.CharacterDevelopmentStateMachineTask
========== 状态机完成，到达目标状态：Completed ==========

[00:59:36.200] [INF] [Primary:S1:P7200:T1786553838115] BetterGenshinImpact.Core.Script.Dependence.Log
[完整覆盖 2/25] “凯亚”读取成功

[00:59:36.206] [INF] [Primary:S1:P7200:T1786553838115] BetterGenshinImpact.Core.Script.Dependence.Log
[识别结果] {"CharacterName":"凯亚","ElementType":"冰","Level":80,"LevelLimit":80,"WeaponName":null,"WeaponLevel":null,"WeaponLevelLimit":null,"AttackLevel":null,"AttackHasBonus":null,"SkillLevel":null,"SkillHasBonus":null,"BurstLevel":null,"BurstHasBonus":null}

[00:59:36.206] [INF] [Primary:S1:P7200:T1786553838115] BetterGenshinImpact.Core.Script.Dependence.Log
[完整覆盖 3/25] 准备读取“丝柯克”，预期筛选：冰元素＋单手剑

[00:59:37.329] [DBG] [Primary:S1:P7200:T1786553838115] BetterGenshinImpact.Core.Recognition.ONNX.BgiOnnxFactory
[ONNX]创建推理会话，模型: "AvatarGridIcon"

[00:59:37.541] [INF] [Primary:S1:P7200:T1786553838115] BetterGenshinImpact.GameTask.CharacterDevelopment.CharacterDevelopmentStateMachineTask
角色养成识别：准备角色 "丝柯克"，元素筛选="冰"，武器筛选="单手剑"

[00:59:37.541] [INF] [Primary:S1:P7200:T1786553838115] BetterGenshinImpact.GameTask.CharacterDevelopment.CharacterDevelopmentStateMachineTask
========== 状态机启动，目标状态："Completed" ==========

[00:59:37.618] [DBG] [Primary:S1:P7200:T1786553838115] BetterGenshinImpact.GameTask.CharacterDevelopment.CharacterDevelopmentStateMachineTask
状态机迭代 0，当前状态：MainUi

[00:59:38.596] [DBG] [Primary:S1:P7200:T1786553838115] BetterGenshinImpact.GameTask.CharacterDevelopment.CharacterDevelopmentStateMachineTask
状态转换成功：OpenCharacterList

[00:59:38.820] [DBG] [Primary:S1:P7200:T1786553838115] BetterGenshinImpact.GameTask.CharacterDevelopment.CharacterDevelopmentStateMachineTask
状态机迭代 1，当前状态：OpenCharacterList

[00:59:39.324] [DBG] [Primary:S1:P7200:T1786553838115] BetterGenshinImpact.GameTask.CharacterDevelopment.CharacterDevelopmentStateMachineTask
状态转换成功：OpenFilterPanel

[00:59:39.543] [DBG] [Primary:S1:P7200:T1786553838115] BetterGenshinImpact.GameTask.CharacterDevelopment.CharacterDevelopmentStateMachineTask
状态机迭代 2，当前状态：OpenFilterPanel

[00:59:40.199] [DBG] [Primary:S1:P7200:T1786553838115] BetterGenshinImpact.GameTask.CharacterDevelopment.CharacterDevelopmentStateMachineTask
状态转换成功：FilterPanel

[00:59:40.654] [DBG] [Primary:S1:P7200:T1786553838115] BetterGenshinImpact.GameTask.CharacterDevelopment.CharacterDevelopmentStateMachineTask
状态机迭代 3，当前状态：FilterPanel

[00:59:40.819] [DBG] [Primary:S1:P7200:T1786553838115] BetterGenshinImpact.GameTask.CharacterDevelopment.CharacterDevelopmentStateMachineTask
状态转换成功：SelectElementFilter

[00:59:41.436] [DBG] [Primary:S1:P7200:T1786553838115] BetterGenshinImpact.GameTask.CharacterDevelopment.CharacterDevelopmentStateMachineTask
状态机迭代 4，当前状态：SelectElementFilter

[00:59:43.734] [DBG] [Primary:S1:P7200:T1786553838115] BetterGenshinImpact.GameTask.CharacterDevelopment.CharacterDevelopmentStateMachineTask
状态转换成功：SelectWeaponFilter

[00:59:44.106] [DBG] [Primary:S1:P7200:T1786553838115] BetterGenshinImpact.GameTask.CharacterDevelopment.CharacterDevelopmentStateMachineTask
状态机迭代 5，当前状态：SelectWeaponFilter

[00:59:45.519] [DBG] [Primary:S1:P7200:T1786553838115] BetterGenshinImpact.GameTask.CharacterDevelopment.CharacterDevelopmentStateMachineTask
状态转换成功：ConfirmFilterPanel

[00:59:45.747] [DBG] [Primary:S1:P7200:T1786553838115] BetterGenshinImpact.GameTask.CharacterDevelopment.CharacterDevelopmentStateMachineTask
状态机迭代 6，当前状态：ConfirmFilterPanel

[00:59:46.657] [DBG] [Primary:S1:P7200:T1786553838115] BetterGenshinImpact.GameTask.CharacterDevelopment.CharacterDevelopmentStateMachineTask
状态转换成功：FindAndClickAvatar

[00:59:46.893] [DBG] [Primary:S1:P7200:T1786553838115] BetterGenshinImpact.GameTask.CharacterDevelopment.CharacterDevelopmentStateMachineTask
状态机迭代 7，当前状态：FindAndClickAvatar

[00:59:46.935] [DBG] [Primary:S1:P7200:T1786553838115] BetterGenshinImpact.GameTask.CharacterDevelopment.CharacterDevelopmentStateMachineTask
角色养成识别：白色底栏连通域 15 个，生成 5 个合法卡片，边界丢弃 0 个（第 1/3 次）

[00:59:46.959] [DBG] [Primary:S1:P7200:T1786553838115] BetterGenshinImpact.GameTask.CharacterDevelopment.CharacterDevelopmentStateMachineTask
角色养成识别：识别头像 "丝柯克"，元素="冰"，score=0.986

[00:59:47.538] [DBG] [Primary:S1:P7200:T1786553838115] BetterGenshinImpact.GameTask.CharacterDevelopment.CharacterDevelopmentStateMachineTask
状态转换成功：SelectedCharacter

[00:59:47.780] [DBG] [Primary:S1:P7200:T1786553838115] BetterGenshinImpact.GameTask.CharacterDevelopment.CharacterDevelopmentStateMachineTask
状态机迭代 8，当前状态：SelectedCharacter

[00:59:48.131] [DBG] [Primary:S1:P7200:T1786553838115] BetterGenshinImpact.GameTask.CharacterDevelopment.CharacterDevelopmentStateMachineTask
状态转换成功：SwitchCategory

[00:59:48.353] [DBG] [Primary:S1:P7200:T1786553838115] BetterGenshinImpact.GameTask.CharacterDevelopment.CharacterDevelopmentStateMachineTask
状态机迭代 9，当前状态：SwitchCategory

[00:59:49.750] [DBG] [Primary:S1:P7200:T1786553838115] BetterGenshinImpact.GameTask.CharacterDevelopment.CharacterDevelopmentStateMachineTask
状态转换成功：ReadCategory

[00:59:49.973] [DBG] [Primary:S1:P7200:T1786553838115] BetterGenshinImpact.GameTask.CharacterDevelopment.CharacterDevelopmentStateMachineTask
状态机迭代 10，当前状态：ReadCategory

[00:59:50.911] [DBG] [Primary:S1:P7200:T1786553838115] BetterGenshinImpact.GameTask.CharacterDevelopment.CharacterDevelopmentStateMachineTask
状态转换成功：SwitchCategory

[00:59:51.147] [DBG] [Primary:S1:P7200:T1786553838115] BetterGenshinImpact.GameTask.CharacterDevelopment.CharacterDevelopmentStateMachineTask
状态机迭代 11，当前状态：SwitchCategory

[00:59:51.175] [DBG] [Primary:S1:P7200:T1786553838115] BetterGenshinImpact.GameTask.CharacterDevelopment.CharacterDevelopmentStateMachineTask
状态转换成功：ReturnMainUi

[00:59:51.399] [DBG] [Primary:S1:P7200:T1786553838115] BetterGenshinImpact.GameTask.CharacterDevelopment.CharacterDevelopmentStateMachineTask
状态机迭代 12，当前状态：ReturnMainUi

[00:59:52.621] [DBG] [Primary:S1:P7200:T1786553838115] BetterGenshinImpact.GameTask.CharacterDevelopment.CharacterDevelopmentStateMachineTask
状态转换成功：Completed

[00:59:52.967] [INF] [Primary:S1:P7200:T1786553838115] BetterGenshinImpact.GameTask.CharacterDevelopment.CharacterDevelopmentStateMachineTask
========== 状态机完成，到达目标状态：Completed ==========

[00:59:52.980] [INF] [Primary:S1:P7200:T1786553838115] BetterGenshinImpact.Core.Script.Dependence.Log
[完整覆盖 3/25] “丝柯克”读取成功

[00:59:52.983] [INF] [Primary:S1:P7200:T1786553838115] BetterGenshinImpact.Core.Script.Dependence.Log
[识别结果] {"CharacterName":"丝柯克","ElementType":"冰","Level":90,"LevelLimit":90,"WeaponName":null,"WeaponLevel":null,"WeaponLevelLimit":null,"AttackLevel":null,"AttackHasBonus":null,"SkillLevel":null,"SkillHasBonus":null,"BurstLevel":null,"BurstHasBonus":null}

[00:59:52.984] [INF] [Primary:S1:P7200:T1786553838115] BetterGenshinImpact.Core.Script.Dependence.Log
[完整覆盖 4/25] 准备读取“千织”，预期筛选：岩元素＋单手剑

[00:59:54.091] [DBG] [Primary:S1:P7200:T1786553838115] BetterGenshinImpact.Core.Recognition.ONNX.BgiOnnxFactory
[ONNX]创建推理会话，模型: "AvatarGridIcon"

[00:59:54.250] [INF] [Primary:S1:P7200:T1786553838115] BetterGenshinImpact.GameTask.CharacterDevelopment.CharacterDevelopmentStateMachineTask
角色养成识别：准备角色 "千织"，元素筛选="岩"，武器筛选="单手剑"

[00:59:54.250] [INF] [Primary:S1:P7200:T1786553838115] BetterGenshinImpact.GameTask.CharacterDevelopment.CharacterDevelopmentStateMachineTask
========== 状态机启动，目标状态："Completed" ==========

[00:59:54.318] [DBG] [Primary:S1:P7200:T1786553838115] BetterGenshinImpact.GameTask.CharacterDevelopment.CharacterDevelopmentStateMachineTask
状态机迭代 0，当前状态：MainUi

[00:59:55.284] [DBG] [Primary:S1:P7200:T1786553838115] BetterGenshinImpact.GameTask.CharacterDevelopment.CharacterDevelopmentStateMachineTask
状态转换成功：OpenCharacterList

[00:59:55.501] [DBG] [Primary:S1:P7200:T1786553838115] BetterGenshinImpact.GameTask.CharacterDevelopment.CharacterDevelopmentStateMachineTask
状态机迭代 1，当前状态：OpenCharacterList

[00:59:56.006] [DBG] [Primary:S1:P7200:T1786553838115] BetterGenshinImpact.GameTask.CharacterDevelopment.CharacterDevelopmentStateMachineTask
状态转换成功：OpenFilterPanel

[00:59:56.239] [DBG] [Primary:S1:P7200:T1786553838115] BetterGenshinImpact.GameTask.CharacterDevelopment.CharacterDevelopmentStateMachineTask
状态机迭代 2，当前状态：OpenFilterPanel

[00:59:56.902] [DBG] [Primary:S1:P7200:T1786553838115] BetterGenshinImpact.GameTask.CharacterDevelopment.CharacterDevelopmentStateMachineTask
状态转换成功：FilterPanel

[00:59:57.248] [DBG] [Primary:S1:P7200:T1786553838115] BetterGenshinImpact.GameTask.CharacterDevelopment.CharacterDevelopmentStateMachineTask
状态机迭代 3，当前状态：FilterPanel

[00:59:57.434] [DBG] [Primary:S1:P7200:T1786553838115] BetterGenshinImpact.GameTask.CharacterDevelopment.CharacterDevelopmentStateMachineTask
状态转换成功：SelectElementFilter

[00:59:57.960] [DBG] [Primary:S1:P7200:T1786553838115] BetterGenshinImpact.GameTask.CharacterDevelopment.CharacterDevelopmentStateMachineTask
状态机迭代 4，当前状态：SelectElementFilter

[01:00:00.510] [DBG] [Primary:S1:P7200:T1786553838115] BetterGenshinImpact.GameTask.CharacterDevelopment.CharacterDevelopmentStateMachineTask
状态转换成功：SelectWeaponFilter

[01:00:00.804] [DBG] [Primary:S1:P7200:T1786553838115] BetterGenshinImpact.GameTask.CharacterDevelopment.CharacterDevelopmentStateMachineTask
状态机迭代 5，当前状态：SelectWeaponFilter

[01:00:02.438] [DBG] [Primary:S1:P7200:T1786553838115] BetterGenshinImpact.GameTask.CharacterDevelopment.CharacterDevelopmentStateMachineTask
状态转换成功：ConfirmFilterPanel

[01:00:02.663] [DBG] [Primary:S1:P7200:T1786553838115] BetterGenshinImpact.GameTask.CharacterDevelopment.CharacterDevelopmentStateMachineTask
状态机迭代 6，当前状态：ConfirmFilterPanel

[01:00:03.497] [DBG] [Primary:S1:P7200:T1786553838115] BetterGenshinImpact.GameTask.CharacterDevelopment.CharacterDevelopmentStateMachineTask
状态转换成功：FindAndClickAvatar

[01:00:03.722] [DBG] [Primary:S1:P7200:T1786553838115] BetterGenshinImpact.GameTask.CharacterDevelopment.CharacterDevelopmentStateMachineTask
状态机迭代 7，当前状态：FindAndClickAvatar

[01:00:03.749] [DBG] [Primary:S1:P7200:T1786553838115] BetterGenshinImpact.GameTask.CharacterDevelopment.CharacterDevelopmentStateMachineTask
角色养成识别：白色底栏连通域 4 个，生成 1 个合法卡片，边界丢弃 0 个（第 1/3 次）

[01:00:03.773] [DBG] [Primary:S1:P7200:T1786553838115] BetterGenshinImpact.GameTask.CharacterDevelopment.CharacterDevelopmentStateMachineTask
角色养成识别：识别头像 "千织"，元素="岩"，score=0.985

[01:00:05.315] [DBG] [Primary:S1:P7200:T1786553838115] BetterGenshinImpact.GameTask.CharacterDevelopment.CharacterDevelopmentStateMachineTask
状态转换成功：SelectedCharacter

[01:00:05.556] [DBG] [Primary:S1:P7200:T1786553838115] BetterGenshinImpact.GameTask.CharacterDevelopment.CharacterDevelopmentStateMachineTask
状态机迭代 8，当前状态：SelectedCharacter

[01:00:05.910] [DBG] [Primary:S1:P7200:T1786553838115] BetterGenshinImpact.GameTask.CharacterDevelopment.CharacterDevelopmentStateMachineTask
状态转换成功：SwitchCategory

[01:00:06.185] [DBG] [Primary:S1:P7200:T1786553838115] BetterGenshinImpact.GameTask.CharacterDevelopment.CharacterDevelopmentStateMachineTask
状态机迭代 9，当前状态：SwitchCategory

[01:00:07.681] [DBG] [Primary:S1:P7200:T1786553838115] BetterGenshinImpact.GameTask.CharacterDevelopment.CharacterDevelopmentStateMachineTask
状态转换成功：ReadCategory

[01:00:07.898] [DBG] [Primary:S1:P7200:T1786553838115] BetterGenshinImpact.GameTask.CharacterDevelopment.CharacterDevelopmentStateMachineTask
状态机迭代 10，当前状态：ReadCategory

[01:00:08.830] [DBG] [Primary:S1:P7200:T1786553838115] BetterGenshinImpact.GameTask.CharacterDevelopment.CharacterDevelopmentStateMachineTask
状态转换成功：SwitchCategory

[01:00:09.055] [DBG] [Primary:S1:P7200:T1786553838115] BetterGenshinImpact.GameTask.CharacterDevelopment.CharacterDevelopmentStateMachineTask
状态机迭代 11，当前状态：SwitchCategory

[01:00:09.083] [DBG] [Primary:S1:P7200:T1786553838115] BetterGenshinImpact.GameTask.CharacterDevelopment.CharacterDevelopmentStateMachineTask
状态转换成功：ReturnMainUi

[01:00:09.306] [DBG] [Primary:S1:P7200:T1786553838115] BetterGenshinImpact.GameTask.CharacterDevelopment.CharacterDevelopmentStateMachineTask
状态机迭代 12，当前状态：ReturnMainUi

[01:00:10.492] [DBG] [Primary:S1:P7200:T1786553838115] BetterGenshinImpact.GameTask.CharacterDevelopment.CharacterDevelopmentStateMachineTask
状态转换成功：Completed

[01:00:10.816] [INF] [Primary:S1:P7200:T1786553838115] BetterGenshinImpact.GameTask.CharacterDevelopment.CharacterDevelopmentStateMachineTask
========== 状态机完成，到达目标状态：Completed ==========

[01:00:10.829] [INF] [Primary:S1:P7200:T1786553838115] BetterGenshinImpact.Core.Script.Dependence.Log
[完整覆盖 4/25] “千织”读取成功

[01:00:10.830] [INF] [Primary:S1:P7200:T1786553838115] BetterGenshinImpact.Core.Script.Dependence.Log
[识别结果] {"CharacterName":"千织","ElementType":"岩","Level":90,"LevelLimit":90,"WeaponName":null,"WeaponLevel":null,"WeaponLevelLimit":null,"AttackLevel":null,"AttackHasBonus":null,"SkillLevel":null,"SkillHasBonus":null,"BurstLevel":null,"BurstHasBonus":null}

[01:00:10.830] [INF] [Primary:S1:P7200:T1786553838115] BetterGenshinImpact.Core.Script.Dependence.Log
[完整覆盖 5/25] 准备读取“芙宁娜”，预期筛选：水元素＋单手剑

[01:00:11.939] [DBG] [Primary:S1:P7200:T1786553838115] BetterGenshinImpact.Core.Recognition.ONNX.BgiOnnxFactory
[ONNX]创建推理会话，模型: "AvatarGridIcon"

[01:00:12.113] [INF] [Primary:S1:P7200:T1786553838115] BetterGenshinImpact.GameTask.CharacterDevelopment.CharacterDevelopmentStateMachineTask
角色养成识别：准备角色 "芙宁娜"，元素筛选="水"，武器筛选="单手剑"

[01:00:12.113] [INF] [Primary:S1:P7200:T1786553838115] BetterGenshinImpact.GameTask.CharacterDevelopment.CharacterDevelopmentStateMachineTask
========== 状态机启动，目标状态："Completed" ==========

[01:00:12.180] [DBG] [Primary:S1:P7200:T1786553838115] BetterGenshinImpact.GameTask.CharacterDevelopment.CharacterDevelopmentStateMachineTask
状态机迭代 0，当前状态：MainUi

[01:00:13.088] [DBG] [Primary:S1:P7200:T1786553838115] BetterGenshinImpact.GameTask.CharacterDevelopment.CharacterDevelopmentStateMachineTask
状态转换成功：OpenCharacterList

[01:00:13.320] [DBG] [Primary:S1:P7200:T1786553838115] BetterGenshinImpact.GameTask.CharacterDevelopment.CharacterDevelopmentStateMachineTask
状态机迭代 1，当前状态：OpenCharacterList

[01:00:13.821] [DBG] [Primary:S1:P7200:T1786553838115] BetterGenshinImpact.GameTask.CharacterDevelopment.CharacterDevelopmentStateMachineTask
状态转换成功：OpenFilterPanel

[01:00:14.058] [DBG] [Primary:S1:P7200:T1786553838115] BetterGenshinImpact.GameTask.CharacterDevelopment.CharacterDevelopmentStateMachineTask
状态机迭代 2，当前状态：OpenFilterPanel

[01:00:14.748] [DBG] [Primary:S1:P7200:T1786553838115] BetterGenshinImpact.GameTask.CharacterDevelopment.CharacterDevelopmentStateMachineTask
状态转换成功：FilterPanel

[01:00:15.151] [DBG] [Primary:S1:P7200:T1786553838115] BetterGenshinImpact.GameTask.CharacterDevelopment.CharacterDevelopmentStateMachineTask
状态机迭代 3，当前状态：FilterPanel

[01:00:15.342] [DBG] [Primary:S1:P7200:T1786553838115] BetterGenshinImpact.GameTask.CharacterDevelopment.CharacterDevelopmentStateMachineTask
状态转换成功：SelectElementFilter

[01:00:15.930] [DBG] [Primary:S1:P7200:T1786553838115] BetterGenshinImpact.GameTask.CharacterDevelopment.CharacterDevelopmentStateMachineTask
状态机迭代 4，当前状态：SelectElementFilter

[01:00:18.254] [DBG] [Primary:S1:P7200:T1786553838115] BetterGenshinImpact.GameTask.CharacterDevelopment.CharacterDevelopmentStateMachineTask
状态转换成功：SelectWeaponFilter

[01:00:18.628] [DBG] [Primary:S1:P7200:T1786553838115] BetterGenshinImpact.GameTask.CharacterDevelopment.CharacterDevelopmentStateMachineTask
状态机迭代 5，当前状态：SelectWeaponFilter

[01:00:20.200] [DBG] [Primary:S1:P7200:T1786553838115] BetterGenshinImpact.GameTask.CharacterDevelopment.CharacterDevelopmentStateMachineTask
状态转换成功：ConfirmFilterPanel

[01:00:20.434] [DBG] [Primary:S1:P7200:T1786553838115] BetterGenshinImpact.GameTask.CharacterDevelopment.CharacterDevelopmentStateMachineTask
状态机迭代 6，当前状态：ConfirmFilterPanel

[01:00:21.249] [DBG] [Primary:S1:P7200:T1786553838115] BetterGenshinImpact.GameTask.CharacterDevelopment.CharacterDevelopmentStateMachineTask
状态转换成功：FindAndClickAvatar

[01:00:21.470] [DBG] [Primary:S1:P7200:T1786553838115] BetterGenshinImpact.GameTask.CharacterDevelopment.CharacterDevelopmentStateMachineTask
状态机迭代 7，当前状态：FindAndClickAvatar

[01:00:21.489] [DBG] [Primary:S1:P7200:T1786553838115] BetterGenshinImpact.GameTask.CharacterDevelopment.CharacterDevelopmentStateMachineTask
角色养成识别：白色底栏连通域 5 个，生成 3 个合法卡片，边界丢弃 0 个（第 1/3 次）

[01:00:21.498] [DBG] [Primary:S1:P7200:T1786553838115] BetterGenshinImpact.GameTask.CharacterDevelopment.CharacterDevelopmentStateMachineTask
角色养成识别：识别头像 "芙宁娜"，元素="水"，score=0.988

[01:00:22.082] [DBG] [Primary:S1:P7200:T1786553838115] BetterGenshinImpact.GameTask.CharacterDevelopment.CharacterDevelopmentStateMachineTask
状态转换成功：SelectedCharacter

[01:00:22.313] [DBG] [Primary:S1:P7200:T1786553838115] BetterGenshinImpact.GameTask.CharacterDevelopment.CharacterDevelopmentStateMachineTask
状态机迭代 8，当前状态：SelectedCharacter

[01:00:22.661] [DBG] [Primary:S1:P7200:T1786553838115] BetterGenshinImpact.GameTask.CharacterDevelopment.CharacterDevelopmentStateMachineTask
状态转换成功：SwitchCategory

[01:00:22.887] [DBG] [Primary:S1:P7200:T1786553838115] BetterGenshinImpact.GameTask.CharacterDevelopment.CharacterDevelopmentStateMachineTask
状态机迭代 9，当前状态：SwitchCategory

[01:00:24.344] [DBG] [Primary:S1:P7200:T1786553838115] BetterGenshinImpact.GameTask.CharacterDevelopment.CharacterDevelopmentStateMachineTask
状态转换成功：ReadCategory

[01:00:24.555] [DBG] [Primary:S1:P7200:T1786553838115] BetterGenshinImpact.GameTask.CharacterDevelopment.CharacterDevelopmentStateMachineTask
状态机迭代 10，当前状态：ReadCategory

[01:00:25.545] [DBG] [Primary:S1:P7200:T1786553838115] BetterGenshinImpact.GameTask.CharacterDevelopment.CharacterDevelopmentStateMachineTask
角色养成识别："角色等级" OCR 第 3/10 次解析失败，结果="等级9090"

[01:00:26.794] [DBG] [Primary:S1:P7200:T1786553838115] BetterGenshinImpact.GameTask.CharacterDevelopment.CharacterDevelopmentStateMachineTask
状态转换成功：SwitchCategory

[01:00:27.024] [DBG] [Primary:S1:P7200:T1786553838115] BetterGenshinImpact.GameTask.CharacterDevelopment.CharacterDevelopmentStateMachineTask
状态机迭代 11，当前状态：SwitchCategory

[01:00:27.048] [DBG] [Primary:S1:P7200:T1786553838115] BetterGenshinImpact.GameTask.CharacterDevelopment.CharacterDevelopmentStateMachineTask
状态转换成功：ReturnMainUi

[01:00:27.273] [DBG] [Primary:S1:P7200:T1786553838115] BetterGenshinImpact.GameTask.CharacterDevelopment.CharacterDevelopmentStateMachineTask
状态机迭代 12，当前状态：ReturnMainUi

[01:00:28.499] [DBG] [Primary:S1:P7200:T1786553838115] BetterGenshinImpact.GameTask.CharacterDevelopment.CharacterDevelopmentStateMachineTask
状态转换成功：Completed

[01:00:28.821] [INF] [Primary:S1:P7200:T1786553838115] BetterGenshinImpact.GameTask.CharacterDevelopment.CharacterDevelopmentStateMachineTask
========== 状态机完成，到达目标状态：Completed ==========

[01:00:28.848] [INF] [Primary:S1:P7200:T1786553838115] BetterGenshinImpact.Core.Script.Dependence.Log
[完整覆盖 5/25] “芙宁娜”读取成功

[01:00:28.849] [INF] [Primary:S1:P7200:T1786553838115] BetterGenshinImpact.Core.Script.Dependence.Log
[识别结果] {"CharacterName":"芙宁娜","ElementType":"水","Level":90,"LevelLimit":90,"WeaponName":null,"WeaponLevel":null,"WeaponLevelLimit":null,"AttackLevel":null,"AttackHasBonus":null,"SkillLevel":null,"SkillHasBonus":null,"BurstLevel":null,"BurstHasBonus":null}

[01:00:28.849] [INF] [Primary:S1:P7200:T1786553838115] BetterGenshinImpact.Core.Script.Dependence.Log
[完整覆盖 6/25] 准备读取“妮露”，预期筛选：水元素＋单手剑

[01:00:29.967] [DBG] [Primary:S1:P7200:T1786553838115] BetterGenshinImpact.Core.Recognition.ONNX.BgiOnnxFactory
[ONNX]创建推理会话，模型: "AvatarGridIcon"

[01:00:30.104] [INF] [Primary:S1:P7200:T1786553838115] BetterGenshinImpact.GameTask.CharacterDevelopment.CharacterDevelopmentStateMachineTask
角色养成识别：准备角色 "妮露"，元素筛选="水"，武器筛选="单手剑"

[01:00:30.105] [INF] [Primary:S1:P7200:T1786553838115] BetterGenshinImpact.GameTask.CharacterDevelopment.CharacterDevelopmentStateMachineTask
========== 状态机启动，目标状态："Completed" ==========

[01:00:30.195] [DBG] [Primary:S1:P7200:T1786553838115] BetterGenshinImpact.GameTask.CharacterDevelopment.CharacterDevelopmentStateMachineTask
状态机迭代 0，当前状态：MainUi

[01:00:31.082] [DBG] [Primary:S1:P7200:T1786553838115] BetterGenshinImpact.GameTask.CharacterDevelopment.CharacterDevelopmentStateMachineTask
状态转换成功：OpenCharacterList

[01:00:31.310] [DBG] [Primary:S1:P7200:T1786553838115] BetterGenshinImpact.GameTask.CharacterDevelopment.CharacterDevelopmentStateMachineTask
状态机迭代 1，当前状态：OpenCharacterList

[01:00:31.818] [DBG] [Primary:S1:P7200:T1786553838115] BetterGenshinImpact.GameTask.CharacterDevelopment.CharacterDevelopmentStateMachineTask
状态转换成功：OpenFilterPanel

[01:00:32.038] [DBG] [Primary:S1:P7200:T1786553838115] BetterGenshinImpact.GameTask.CharacterDevelopment.CharacterDevelopmentStateMachineTask
状态机迭代 2，当前状态：OpenFilterPanel

[01:00:32.648] [DBG] [Primary:S1:P7200:T1786553838115] BetterGenshinImpact.GameTask.CharacterDevelopment.CharacterDevelopmentStateMachineTask
状态转换成功：FilterPanel

[01:00:32.952] [DBG] [Primary:S1:P7200:T1786553838115] BetterGenshinImpact.GameTask.CharacterDevelopment.CharacterDevelopmentStateMachineTask
状态机迭代 3，当前状态：FilterPanel

[01:00:33.102] [DBG] [Primary:S1:P7200:T1786553838115] BetterGenshinImpact.GameTask.CharacterDevelopment.CharacterDevelopmentStateMachineTask
状态转换成功：SelectElementFilter

[01:00:33.721] [DBG] [Primary:S1:P7200:T1786553838115] BetterGenshinImpact.GameTask.CharacterDevelopment.CharacterDevelopmentStateMachineTask
状态机迭代 4，当前状态：SelectElementFilter

[01:00:36.462] [DBG] [Primary:S1:P7200:T1786553838115] BetterGenshinImpact.GameTask.CharacterDevelopment.CharacterDevelopmentStateMachineTask
状态转换成功：SelectWeaponFilter

[01:00:36.838] [DBG] [Primary:S1:P7200:T1786553838115] BetterGenshinImpact.GameTask.CharacterDevelopment.CharacterDevelopmentStateMachineTask
状态机迭代 5，当前状态：SelectWeaponFilter

[01:00:38.020] [DBG] [Primary:S1:P7200:T1786553838115] BetterGenshinImpact.GameTask.CharacterDevelopment.CharacterDevelopmentStateMachineTask
状态转换成功：ConfirmFilterPanel

[01:00:38.251] [DBG] [Primary:S1:P7200:T1786553838115] BetterGenshinImpact.GameTask.CharacterDevelopment.CharacterDevelopmentStateMachineTask
状态机迭代 6，当前状态：ConfirmFilterPanel

[01:00:39.065] [DBG] [Primary:S1:P7200:T1786553838115] BetterGenshinImpact.GameTask.CharacterDevelopment.CharacterDevelopmentStateMachineTask
状态转换成功：FindAndClickAvatar

[01:00:39.287] [DBG] [Primary:S1:P7200:T1786553838115] BetterGenshinImpact.GameTask.CharacterDevelopment.CharacterDevelopmentStateMachineTask
状态机迭代 7，当前状态：FindAndClickAvatar

[01:00:39.329] [DBG] [Primary:S1:P7200:T1786553838115] BetterGenshinImpact.GameTask.CharacterDevelopment.CharacterDevelopmentStateMachineTask
角色养成识别：白色底栏连通域 5 个，生成 3 个合法卡片，边界丢弃 0 个（第 1/3 次）

[01:00:39.339] [DBG] [Primary:S1:P7200:T1786553838115] BetterGenshinImpact.GameTask.CharacterDevelopment.CharacterDevelopmentStateMachineTask
角色养成识别：识别头像 "芙宁娜"，元素="水"，score=0.988

[01:00:39.349] [DBG] [Primary:S1:P7200:T1786553838115] BetterGenshinImpact.GameTask.CharacterDevelopment.CharacterDevelopmentStateMachineTask
角色养成识别：识别头像 "妮露"，元素="水"，score=0.987

[01:00:39.875] [DBG] [Primary:S1:P7200:T1786553838115] BetterGenshinImpact.GameTask.CharacterDevelopment.CharacterDevelopmentStateMachineTask
状态转换成功：SelectedCharacter

[01:00:40.098] [DBG] [Primary:S1:P7200:T1786553838115] BetterGenshinImpact.GameTask.CharacterDevelopment.CharacterDevelopmentStateMachineTask
状态机迭代 8，当前状态：SelectedCharacter

[01:00:40.444] [DBG] [Primary:S1:P7200:T1786553838115] BetterGenshinImpact.GameTask.CharacterDevelopment.CharacterDevelopmentStateMachineTask
状态转换成功：SwitchCategory

[01:00:40.658] [DBG] [Primary:S1:P7200:T1786553838115] BetterGenshinImpact.GameTask.CharacterDevelopment.CharacterDevelopmentStateMachineTask
状态机迭代 9，当前状态：SwitchCategory

[01:00:42.083] [DBG] [Primary:S1:P7200:T1786553838115] BetterGenshinImpact.GameTask.CharacterDevelopment.CharacterDevelopmentStateMachineTask
状态转换成功：ReadCategory

[01:00:42.310] [DBG] [Primary:S1:P7200:T1786553838115] BetterGenshinImpact.GameTask.CharacterDevelopment.CharacterDevelopmentStateMachineTask
状态机迭代 10，当前状态：ReadCategory

[01:00:43.248] [DBG] [Primary:S1:P7200:T1786553838115] BetterGenshinImpact.GameTask.CharacterDevelopment.CharacterDevelopmentStateMachineTask
状态转换成功：SwitchCategory

[01:00:43.468] [DBG] [Primary:S1:P7200:T1786553838115] BetterGenshinImpact.GameTask.CharacterDevelopment.CharacterDevelopmentStateMachineTask
状态机迭代 11，当前状态：SwitchCategory

[01:00:43.489] [DBG] [Primary:S1:P7200:T1786553838115] BetterGenshinImpact.GameTask.CharacterDevelopment.CharacterDevelopmentStateMachineTask
状态转换成功：ReturnMainUi

[01:00:43.723] [DBG] [Primary:S1:P7200:T1786553838115] BetterGenshinImpact.GameTask.CharacterDevelopment.CharacterDevelopmentStateMachineTask
状态机迭代 12，当前状态：ReturnMainUi

[01:00:44.997] [DBG] [Primary:S1:P7200:T1786553838115] BetterGenshinImpact.GameTask.CharacterDevelopment.CharacterDevelopmentStateMachineTask
状态转换成功：Completed

[01:00:45.348] [INF] [Primary:S1:P7200:T1786553838115] BetterGenshinImpact.GameTask.CharacterDevelopment.CharacterDevelopmentStateMachineTask
========== 状态机完成，到达目标状态：Completed ==========

[01:00:45.360] [INF] [Primary:S1:P7200:T1786553838115] BetterGenshinImpact.Core.Script.Dependence.Log
[完整覆盖 6/25] “妮露”读取成功

[01:00:45.361] [INF] [Primary:S1:P7200:T1786553838115] BetterGenshinImpact.Core.Script.Dependence.Log
[识别结果] {"CharacterName":"妮露","ElementType":"水","Level":90,"LevelLimit":90,"WeaponName":null,"WeaponLevel":null,"WeaponLevelLimit":null,"AttackLevel":null,"AttackHasBonus":null,"SkillLevel":null,"SkillHasBonus":null,"BurstLevel":null,"BurstHasBonus":null}

[01:00:45.361] [INF] [Primary:S1:P7200:T1786553838115] BetterGenshinImpact.Core.Script.Dependence.Log
[完整覆盖 7/25] 准备读取“桑多涅”，预期筛选：冰元素＋双手剑

[01:00:46.474] [DBG] [Primary:S1:P7200:T1786553838115] BetterGenshinImpact.Core.Recognition.ONNX.BgiOnnxFactory
[ONNX]创建推理会话，模型: "AvatarGridIcon"

[01:00:46.849] [INF] [Primary:S1:P7200:T1786553838115] BetterGenshinImpact.GameTask.CharacterDevelopment.CharacterDevelopmentStateMachineTask
角色养成识别：准备角色 "桑多涅"，元素筛选="冰"，武器筛选="双手剑"

[01:00:46.849] [INF] [Primary:S1:P7200:T1786553838115] BetterGenshinImpact.GameTask.CharacterDevelopment.CharacterDevelopmentStateMachineTask
========== 状态机启动，目标状态："Completed" ==========

[01:00:46.926] [DBG] [Primary:S1:P7200:T1786553838115] BetterGenshinImpact.GameTask.CharacterDevelopment.CharacterDevelopmentStateMachineTask
状态机迭代 0，当前状态：MainUi

[01:00:47.860] [DBG] [Primary:S1:P7200:T1786553838115] BetterGenshinImpact.GameTask.CharacterDevelopment.CharacterDevelopmentStateMachineTask
状态转换成功：OpenCharacterList

[01:00:48.083] [DBG] [Primary:S1:P7200:T1786553838115] BetterGenshinImpact.GameTask.CharacterDevelopment.CharacterDevelopmentStateMachineTask
状态机迭代 1，当前状态：OpenCharacterList

[01:00:48.590] [DBG] [Primary:S1:P7200:T1786553838115] BetterGenshinImpact.GameTask.CharacterDevelopment.CharacterDevelopmentStateMachineTask
状态转换成功：OpenFilterPanel

[01:00:48.816] [DBG] [Primary:S1:P7200:T1786553838115] BetterGenshinImpact.GameTask.CharacterDevelopment.CharacterDevelopmentStateMachineTask
状态机迭代 2，当前状态：OpenFilterPanel

[01:00:49.163] [DBG] [Primary:S1:P7200:T1786553838115] BetterGenshinImpact.GameTask.CharacterDevelopment.CharacterDevelopmentStateMachineTask
状态转换成功：FilterPanel

[01:00:49.502] [DBG] [Primary:S1:P7200:T1786553838115] BetterGenshinImpact.GameTask.CharacterDevelopment.CharacterDevelopmentStateMachineTask
状态机迭代 3，当前状态：FilterPanel

[01:00:49.721] [DBG] [Primary:S1:P7200:T1786553838115] BetterGenshinImpact.GameTask.CharacterDevelopment.CharacterDevelopmentStateMachineTask
状态转换成功：SelectElementFilter

[01:00:50.256] [DBG] [Primary:S1:P7200:T1786553838115] BetterGenshinImpact.GameTask.CharacterDevelopment.CharacterDevelopmentStateMachineTask
状态机迭代 4，当前状态：SelectElementFilter

[01:00:52.841] [DBG] [Primary:S1:P7200:T1786553838115] BetterGenshinImpact.GameTask.CharacterDevelopment.CharacterDevelopmentStateMachineTask
状态转换成功：SelectWeaponFilter

[01:00:53.204] [DBG] [Primary:S1:P7200:T1786553838115] BetterGenshinImpact.GameTask.CharacterDevelopment.CharacterDevelopmentStateMachineTask
状态机迭代 5，当前状态：SelectWeaponFilter

[01:00:54.865] [DBG] [Primary:S1:P7200:T1786553838115] BetterGenshinImpact.GameTask.CharacterDevelopment.CharacterDevelopmentStateMachineTask
状态转换成功：ConfirmFilterPanel

[01:00:55.115] [DBG] [Primary:S1:P7200:T1786553838115] BetterGenshinImpact.GameTask.CharacterDevelopment.CharacterDevelopmentStateMachineTask
状态机迭代 6，当前状态：ConfirmFilterPanel

[01:00:55.969] [DBG] [Primary:S1:P7200:T1786553838115] BetterGenshinImpact.GameTask.CharacterDevelopment.CharacterDevelopmentStateMachineTask
状态转换成功：FindAndClickAvatar

[01:00:56.189] [DBG] [Primary:S1:P7200:T1786553838115] BetterGenshinImpact.GameTask.CharacterDevelopment.CharacterDevelopmentStateMachineTask
状态机迭代 7，当前状态：FindAndClickAvatar

[01:00:56.207] [DBG] [Primary:S1:P7200:T1786553838115] BetterGenshinImpact.GameTask.CharacterDevelopment.CharacterDevelopmentStateMachineTask
角色养成识别：白色底栏连通域 19 个，生成 3 个合法卡片，边界丢弃 0 个（第 1/3 次）

[01:00:56.259] [DBG] [Primary:S1:P7200:T1786553838115] BetterGenshinImpact.GameTask.CharacterDevelopment.CharacterDevelopmentStateMachineTask
角色养成识别：识别头像 "桑多涅"，元素="冰"，score=0.970

[01:00:56.877] [DBG] [Primary:S1:P7200:T1786553838115] BetterGenshinImpact.GameTask.CharacterDevelopment.CharacterDevelopmentStateMachineTask
状态转换成功：SelectedCharacter

[01:00:57.090] [DBG] [Primary:S1:P7200:T1786553838115] BetterGenshinImpact.GameTask.CharacterDevelopment.CharacterDevelopmentStateMachineTask
状态机迭代 8，当前状态：SelectedCharacter

[01:00:58.110] [DBG] [Primary:S1:P7200:T1786553838115] BetterGenshinImpact.GameTask.CharacterDevelopment.CharacterDevelopmentStateMachineTask
状态转换成功：SwitchCategory

[01:00:58.353] [DBG] [Primary:S1:P7200:T1786553838115] BetterGenshinImpact.GameTask.CharacterDevelopment.CharacterDevelopmentStateMachineTask
状态机迭代 9，当前状态：SwitchCategory

[01:00:59.626] [DBG] [Primary:S1:P7200:T1786553838115] BetterGenshinImpact.GameTask.CharacterDevelopment.CharacterDevelopmentStateMachineTask
状态转换成功：ReadCategory

[01:00:59.871] [DBG] [Primary:S1:P7200:T1786553838115] BetterGenshinImpact.GameTask.CharacterDevelopment.CharacterDevelopmentStateMachineTask
状态机迭代 10，当前状态：ReadCategory

[01:01:01.254] [DBG] [Primary:S1:P7200:T1786553838115] BetterGenshinImpact.GameTask.CharacterDevelopment.CharacterDevelopmentStateMachineTask
角色养成识别："角色等级" OCR 第 4/10 次解析失败，结果="等级80180"

[01:01:02.440] [DBG] [Primary:S1:P7200:T1786553838115] BetterGenshinImpact.GameTask.CharacterDevelopment.CharacterDevelopmentStateMachineTask
状态转换成功：SwitchCategory

[01:01:02.681] [DBG] [Primary:S1:P7200:T1786553838115] BetterGenshinImpact.GameTask.CharacterDevelopment.CharacterDevelopmentStateMachineTask
状态机迭代 11，当前状态：SwitchCategory

[01:01:02.693] [DBG] [Primary:S1:P7200:T1786553838115] BetterGenshinImpact.GameTask.CharacterDevelopment.CharacterDevelopmentStateMachineTask
状态转换成功：ReturnMainUi

[01:01:02.914] [DBG] [Primary:S1:P7200:T1786553838115] BetterGenshinImpact.GameTask.CharacterDevelopment.CharacterDevelopmentStateMachineTask
状态机迭代 12，当前状态：ReturnMainUi

[01:01:04.114] [DBG] [Primary:S1:P7200:T1786553838115] BetterGenshinImpact.GameTask.CharacterDevelopment.CharacterDevelopmentStateMachineTask
状态转换成功：Completed

[01:01:04.436] [INF] [Primary:S1:P7200:T1786553838115] BetterGenshinImpact.GameTask.CharacterDevelopment.CharacterDevelopmentStateMachineTask
========== 状态机完成，到达目标状态：Completed ==========

[01:01:04.447] [INF] [Primary:S1:P7200:T1786553838115] BetterGenshinImpact.Core.Script.Dependence.Log
[完整覆盖 7/25] “桑多涅”读取成功

[01:01:04.448] [INF] [Primary:S1:P7200:T1786553838115] BetterGenshinImpact.Core.Script.Dependence.Log
[识别结果] {"CharacterName":"桑多涅","ElementType":"冰","Level":80,"LevelLimit":80,"WeaponName":null,"WeaponLevel":null,"WeaponLevelLimit":null,"AttackLevel":null,"AttackHasBonus":null,"SkillLevel":null,"SkillHasBonus":null,"BurstLevel":null,"BurstHasBonus":null}

[01:01:04.449] [INF] [Primary:S1:P7200:T1786553838115] BetterGenshinImpact.Core.Script.Dependence.Log
[完整覆盖 8/25] 准备读取“诺艾尔”，预期筛选：岩元素＋双手剑

[01:01:05.511] [DBG] [Primary:S1:P7200:T1786553838115] BetterGenshinImpact.Core.Recognition.ONNX.BgiOnnxFactory
[ONNX]创建推理会话，模型: "AvatarGridIcon"

[01:01:05.624] [INF] [Primary:S1:P7200:T1786553838115] BetterGenshinImpact.GameTask.CharacterDevelopment.CharacterDevelopmentStateMachineTask
角色养成识别：准备角色 "诺艾尔"，元素筛选="岩"，武器筛选="双手剑"

[01:01:05.624] [INF] [Primary:S1:P7200:T1786553838115] BetterGenshinImpact.GameTask.CharacterDevelopment.CharacterDevelopmentStateMachineTask
========== 状态机启动，目标状态："Completed" ==========

[01:01:05.697] [DBG] [Primary:S1:P7200:T1786553838115] BetterGenshinImpact.GameTask.CharacterDevelopment.CharacterDevelopmentStateMachineTask
状态机迭代 0，当前状态：MainUi

[01:01:06.582] [DBG] [Primary:S1:P7200:T1786553838115] BetterGenshinImpact.GameTask.CharacterDevelopment.CharacterDevelopmentStateMachineTask
状态转换成功：OpenCharacterList

[01:01:06.806] [DBG] [Primary:S1:P7200:T1786553838115] BetterGenshinImpact.GameTask.CharacterDevelopment.CharacterDevelopmentStateMachineTask
状态机迭代 1，当前状态：OpenCharacterList

[01:01:07.283] [DBG] [Primary:S1:P7200:T1786553838115] BetterGenshinImpact.GameTask.CharacterDevelopment.CharacterDevelopmentStateMachineTask
状态转换成功：OpenFilterPanel

[01:01:07.499] [DBG] [Primary:S1:P7200:T1786553838115] BetterGenshinImpact.GameTask.CharacterDevelopment.CharacterDevelopmentStateMachineTask
状态机迭代 2，当前状态：OpenFilterPanel

[01:01:07.708] [DBG] [Primary:S1:P7200:T1786553838115] BetterGenshinImpact.GameTask.CharacterDevelopment.CharacterDevelopmentStateMachineTask
状态转换成功：FilterPanel

[01:01:07.956] [DBG] [Primary:S1:P7200:T1786553838115] BetterGenshinImpact.GameTask.CharacterDevelopment.CharacterDevelopmentStateMachineTask
状态机迭代 3，当前状态：FilterPanel

[01:01:08.209] [DBG] [Primary:S1:P7200:T1786553838115] BetterGenshinImpact.GameTask.CharacterDevelopment.CharacterDevelopmentStateMachineTask
状态转换成功：SelectElementFilter

[01:01:08.664] [DBG] [Primary:S1:P7200:T1786553838115] BetterGenshinImpact.GameTask.CharacterDevelopment.CharacterDevelopmentStateMachineTask
状态机迭代 4，当前状态：SelectElementFilter

[01:01:10.504] [DBG] [Primary:S1:P7200:T1786553838115] BetterGenshinImpact.GameTask.CharacterDevelopment.CharacterDevelopmentStateMachineTask
状态转换成功：SelectWeaponFilter

[01:01:10.775] [DBG] [Primary:S1:P7200:T1786553838115] BetterGenshinImpact.GameTask.CharacterDevelopment.CharacterDevelopmentStateMachineTask
状态机迭代 5，当前状态：SelectWeaponFilter

[01:01:11.860] [DBG] [Primary:S1:P7200:T1786553838115] BetterGenshinImpact.GameTask.CharacterDevelopment.CharacterDevelopmentStateMachineTask
状态转换成功：ConfirmFilterPanel

[01:01:12.086] [DBG] [Primary:S1:P7200:T1786553838115] BetterGenshinImpact.GameTask.CharacterDevelopment.CharacterDevelopmentStateMachineTask
状态机迭代 6，当前状态：ConfirmFilterPanel

[01:01:12.845] [DBG] [Primary:S1:P7200:T1786553838115] BetterGenshinImpact.GameTask.CharacterDevelopment.CharacterDevelopmentStateMachineTask
状态转换成功：FindAndClickAvatar

[01:01:13.073] [DBG] [Primary:S1:P7200:T1786553838115] BetterGenshinImpact.GameTask.CharacterDevelopment.CharacterDevelopmentStateMachineTask
状态机迭代 7，当前状态：FindAndClickAvatar

[01:01:13.094] [DBG] [Primary:S1:P7200:T1786553838115] BetterGenshinImpact.GameTask.CharacterDevelopment.CharacterDevelopmentStateMachineTask
角色养成识别：白色底栏连通域 4 个，生成 2 个合法卡片，边界丢弃 0 个（第 1/3 次）

[01:01:13.102] [DBG] [Primary:S1:P7200:T1786553838115] BetterGenshinImpact.GameTask.CharacterDevelopment.CharacterDevelopmentStateMachineTask
角色养成识别：识别头像 "娜维娅"，元素="岩"，score=0.989

[01:01:13.111] [DBG] [Primary:S1:P7200:T1786553838115] BetterGenshinImpact.GameTask.CharacterDevelopment.CharacterDevelopmentStateMachineTask
角色养成识别：识别头像 "诺艾尔"，元素="岩"，score=0.980

[01:01:13.659] [DBG] [Primary:S1:P7200:T1786553838115] BetterGenshinImpact.GameTask.CharacterDevelopment.CharacterDevelopmentStateMachineTask
状态转换成功：SelectedCharacter

[01:01:13.875] [DBG] [Primary:S1:P7200:T1786553838115] BetterGenshinImpact.GameTask.CharacterDevelopment.CharacterDevelopmentStateMachineTask
状态机迭代 8，当前状态：SelectedCharacter

[01:01:14.235] [DBG] [Primary:S1:P7200:T1786553838115] BetterGenshinImpact.GameTask.CharacterDevelopment.CharacterDevelopmentStateMachineTask
状态转换成功：SwitchCategory

[01:01:14.457] [DBG] [Primary:S1:P7200:T1786553838115] BetterGenshinImpact.GameTask.CharacterDevelopment.CharacterDevelopmentStateMachineTask
状态机迭代 9，当前状态：SwitchCategory

[01:01:15.499] [DBG] [Primary:S1:P7200:T1786553838115] BetterGenshinImpact.GameTask.CharacterDevelopment.CharacterDevelopmentStateMachineTask
状态转换成功：ReadCategory

[01:01:15.709] [DBG] [Primary:S1:P7200:T1786553838115] BetterGenshinImpact.GameTask.CharacterDevelopment.CharacterDevelopmentStateMachineTask
状态机迭代 10，当前状态：ReadCategory

[01:01:16.480] [DBG] [Primary:S1:P7200:T1786553838115] BetterGenshinImpact.GameTask.CharacterDevelopment.CharacterDevelopmentStateMachineTask
状态转换成功：SwitchCategory

[01:01:16.707] [DBG] [Primary:S1:P7200:T1786553838115] BetterGenshinImpact.GameTask.CharacterDevelopment.CharacterDevelopmentStateMachineTask
状态机迭代 11，当前状态：SwitchCategory

[01:01:16.744] [DBG] [Primary:S1:P7200:T1786553838115] BetterGenshinImpact.GameTask.CharacterDevelopment.CharacterDevelopmentStateMachineTask
状态转换成功：ReturnMainUi

[01:01:16.971] [DBG] [Primary:S1:P7200:T1786553838115] BetterGenshinImpact.GameTask.CharacterDevelopment.CharacterDevelopmentStateMachineTask
状态机迭代 12，当前状态：ReturnMainUi

[01:01:18.119] [DBG] [Primary:S1:P7200:T1786553838115] BetterGenshinImpact.GameTask.CharacterDevelopment.CharacterDevelopmentStateMachineTask
状态转换成功：Completed

[01:01:18.413] [INF] [Primary:S1:P7200:T1786553838115] BetterGenshinImpact.GameTask.CharacterDevelopment.CharacterDevelopmentStateMachineTask
========== 状态机完成，到达目标状态：Completed ==========

[01:01:18.492] [INF] [Primary:S1:P7200:T1786553838115] BetterGenshinImpact.Core.Script.Dependence.Log
[完整覆盖 8/25] “诺艾尔”读取成功

[01:01:18.494] [INF] [Primary:S1:P7200:T1786553838115] BetterGenshinImpact.Core.Script.Dependence.Log
[识别结果] {"CharacterName":"诺艾尔","ElementType":"岩","Level":80,"LevelLimit":80,"WeaponName":null,"WeaponLevel":null,"WeaponLevelLimit":null,"AttackLevel":null,"AttackHasBonus":null,"SkillLevel":null,"SkillHasBonus":null,"BurstLevel":null,"BurstHasBonus":null}

[01:01:18.494] [INF] [Primary:S1:P7200:T1786553838115] BetterGenshinImpact.Core.Script.Dependence.Log
[完整覆盖 9/25] 准备读取“娜维娅”，预期筛选：岩元素＋双手剑

[01:01:19.554] [DBG] [Primary:S1:P7200:T1786553838115] BetterGenshinImpact.Core.Recognition.ONNX.BgiOnnxFactory
[ONNX]创建推理会话，模型: "AvatarGridIcon"

[01:01:19.661] [INF] [Primary:S1:P7200:T1786553838115] BetterGenshinImpact.GameTask.CharacterDevelopment.CharacterDevelopmentStateMachineTask
角色养成识别：准备角色 "娜维娅"，元素筛选="岩"，武器筛选="双手剑"

[01:01:19.661] [INF] [Primary:S1:P7200:T1786553838115] BetterGenshinImpact.GameTask.CharacterDevelopment.CharacterDevelopmentStateMachineTask
========== 状态机启动，目标状态："Completed" ==========

[01:01:19.708] [DBG] [Primary:S1:P7200:T1786553838115] BetterGenshinImpact.GameTask.CharacterDevelopment.CharacterDevelopmentStateMachineTask
状态机迭代 0，当前状态：MainUi

[01:01:20.635] [DBG] [Primary:S1:P7200:T1786553838115] BetterGenshinImpact.GameTask.CharacterDevelopment.CharacterDevelopmentStateMachineTask
状态转换成功：OpenCharacterList

[01:01:20.857] [DBG] [Primary:S1:P7200:T1786553838115] BetterGenshinImpact.GameTask.CharacterDevelopment.CharacterDevelopmentStateMachineTask
状态机迭代 1，当前状态：OpenCharacterList

[01:01:21.339] [DBG] [Primary:S1:P7200:T1786553838115] BetterGenshinImpact.GameTask.CharacterDevelopment.CharacterDevelopmentStateMachineTask
状态转换成功：OpenFilterPanel

[01:01:21.554] [DBG] [Primary:S1:P7200:T1786553838115] BetterGenshinImpact.GameTask.CharacterDevelopment.CharacterDevelopmentStateMachineTask
状态机迭代 2，当前状态：OpenFilterPanel

[01:01:21.748] [DBG] [Primary:S1:P7200:T1786553838115] BetterGenshinImpact.GameTask.CharacterDevelopment.CharacterDevelopmentStateMachineTask
状态转换成功：FilterPanel

[01:01:22.051] [DBG] [Primary:S1:P7200:T1786553838115] BetterGenshinImpact.GameTask.CharacterDevelopment.CharacterDevelopmentStateMachineTask
状态机迭代 3，当前状态：FilterPanel

[01:01:22.241] [DBG] [Primary:S1:P7200:T1786553838115] BetterGenshinImpact.GameTask.CharacterDevelopment.CharacterDevelopmentStateMachineTask
状态转换成功：SelectElementFilter

[01:01:22.703] [DBG] [Primary:S1:P7200:T1786553838115] BetterGenshinImpact.GameTask.CharacterDevelopment.CharacterDevelopmentStateMachineTask
状态机迭代 4，当前状态：SelectElementFilter

[01:01:24.588] [DBG] [Primary:S1:P7200:T1786553838115] BetterGenshinImpact.GameTask.CharacterDevelopment.CharacterDevelopmentStateMachineTask
状态转换成功：SelectWeaponFilter

[01:01:24.909] [DBG] [Primary:S1:P7200:T1786553838115] BetterGenshinImpact.GameTask.CharacterDevelopment.CharacterDevelopmentStateMachineTask
状态机迭代 5，当前状态：SelectWeaponFilter

[01:01:26.067] [DBG] [Primary:S1:P7200:T1786553838115] BetterGenshinImpact.GameTask.CharacterDevelopment.CharacterDevelopmentStateMachineTask
状态转换成功：ConfirmFilterPanel

[01:01:26.290] [DBG] [Primary:S1:P7200:T1786553838115] BetterGenshinImpact.GameTask.CharacterDevelopment.CharacterDevelopmentStateMachineTask
状态机迭代 6，当前状态：ConfirmFilterPanel

[01:01:27.028] [DBG] [Primary:S1:P7200:T1786553838115] BetterGenshinImpact.GameTask.CharacterDevelopment.CharacterDevelopmentStateMachineTask
状态转换成功：FindAndClickAvatar

[01:01:27.242] [DBG] [Primary:S1:P7200:T1786553838115] BetterGenshinImpact.GameTask.CharacterDevelopment.CharacterDevelopmentStateMachineTask
状态机迭代 7，当前状态：FindAndClickAvatar

[01:01:27.254] [DBG] [Primary:S1:P7200:T1786553838115] BetterGenshinImpact.GameTask.CharacterDevelopment.CharacterDevelopmentStateMachineTask
角色养成识别：白色底栏连通域 4 个，生成 2 个合法卡片，边界丢弃 0 个（第 1/3 次）

[01:01:27.259] [DBG] [Primary:S1:P7200:T1786553838115] BetterGenshinImpact.GameTask.CharacterDevelopment.CharacterDevelopmentStateMachineTask
角色养成识别：识别头像 "娜维娅"，元素="岩"，score=0.989

[01:01:27.810] [DBG] [Primary:S1:P7200:T1786553838115] BetterGenshinImpact.GameTask.CharacterDevelopment.CharacterDevelopmentStateMachineTask
状态转换成功：SelectedCharacter

[01:01:28.031] [DBG] [Primary:S1:P7200:T1786553838115] BetterGenshinImpact.GameTask.CharacterDevelopment.CharacterDevelopmentStateMachineTask
状态机迭代 8，当前状态：SelectedCharacter

[01:01:28.371] [DBG] [Primary:S1:P7200:T1786553838115] BetterGenshinImpact.GameTask.CharacterDevelopment.CharacterDevelopmentStateMachineTask
状态转换成功：SwitchCategory

[01:01:28.586] [DBG] [Primary:S1:P7200:T1786553838115] BetterGenshinImpact.GameTask.CharacterDevelopment.CharacterDevelopmentStateMachineTask
状态机迭代 9，当前状态：SwitchCategory

[01:01:29.605] [DBG] [Primary:S1:P7200:T1786553838115] BetterGenshinImpact.GameTask.CharacterDevelopment.CharacterDevelopmentStateMachineTask
状态转换成功：ReadCategory

[01:01:29.842] [DBG] [Primary:S1:P7200:T1786553838115] BetterGenshinImpact.GameTask.CharacterDevelopment.CharacterDevelopmentStateMachineTask
状态机迭代 10，当前状态：ReadCategory

[01:01:30.445] [DBG] [Primary:S1:P7200:T1786553838115] BetterGenshinImpact.GameTask.CharacterDevelopment.CharacterDevelopmentStateMachineTask
状态转换成功：SwitchCategory

[01:01:30.662] [DBG] [Primary:S1:P7200:T1786553838115] BetterGenshinImpact.GameTask.CharacterDevelopment.CharacterDevelopmentStateMachineTask
状态机迭代 11，当前状态：SwitchCategory

[01:01:30.679] [DBG] [Primary:S1:P7200:T1786553838115] BetterGenshinImpact.GameTask.CharacterDevelopment.CharacterDevelopmentStateMachineTask
状态转换成功：ReturnMainUi

[01:01:30.906] [DBG] [Primary:S1:P7200:T1786553838115] BetterGenshinImpact.GameTask.CharacterDevelopment.CharacterDevelopmentStateMachineTask
状态机迭代 12，当前状态：ReturnMainUi

[01:01:32.020] [DBG] [Primary:S1:P7200:T1786553838115] BetterGenshinImpact.GameTask.CharacterDevelopment.CharacterDevelopmentStateMachineTask
状态转换成功：Completed

[01:01:32.315] [INF] [Primary:S1:P7200:T1786553838115] BetterGenshinImpact.GameTask.CharacterDevelopment.CharacterDevelopmentStateMachineTask
========== 状态机完成，到达目标状态：Completed ==========

[01:01:32.323] [INF] [Primary:S1:P7200:T1786553838115] BetterGenshinImpact.Core.Script.Dependence.Log
[完整覆盖 9/25] “娜维娅”读取成功

[01:01:32.324] [INF] [Primary:S1:P7200:T1786553838115] BetterGenshinImpact.Core.Script.Dependence.Log
[识别结果] {"CharacterName":"娜维娅","ElementType":"岩","Level":90,"LevelLimit":90,"WeaponName":null,"WeaponLevel":null,"WeaponLevelLimit":null,"AttackLevel":null,"AttackHasBonus":null,"SkillLevel":null,"SkillHasBonus":null,"BurstLevel":null,"BurstHasBonus":null}

[01:01:32.325] [INF] [Primary:S1:P7200:T1786553838115] BetterGenshinImpact.Core.Script.Dependence.Log
[完整覆盖 10/25] 准备读取“申鹤”，预期筛选：冰元素＋长柄武器

[01:01:33.396] [DBG] [Primary:S1:P7200:T1786553838115] BetterGenshinImpact.Core.Recognition.ONNX.BgiOnnxFactory
[ONNX]创建推理会话，模型: "AvatarGridIcon"

[01:01:33.519] [INF] [Primary:S1:P7200:T1786553838115] BetterGenshinImpact.GameTask.CharacterDevelopment.CharacterDevelopmentStateMachineTask
角色养成识别：准备角色 "申鹤"，元素筛选="冰"，武器筛选="长柄武器"

[01:01:33.520] [INF] [Primary:S1:P7200:T1786553838115] BetterGenshinImpact.GameTask.CharacterDevelopment.CharacterDevelopmentStateMachineTask
========== 状态机启动，目标状态："Completed" ==========

[01:01:33.592] [DBG] [Primary:S1:P7200:T1786553838115] BetterGenshinImpact.GameTask.CharacterDevelopment.CharacterDevelopmentStateMachineTask
状态机迭代 0，当前状态：MainUi

[01:01:34.501] [DBG] [Primary:S1:P7200:T1786553838115] BetterGenshinImpact.GameTask.CharacterDevelopment.CharacterDevelopmentStateMachineTask
状态转换成功：OpenCharacterList

[01:01:34.717] [DBG] [Primary:S1:P7200:T1786553838115] BetterGenshinImpact.GameTask.CharacterDevelopment.CharacterDevelopmentStateMachineTask
状态机迭代 1，当前状态：OpenCharacterList

[01:01:35.198] [DBG] [Primary:S1:P7200:T1786553838115] BetterGenshinImpact.GameTask.CharacterDevelopment.CharacterDevelopmentStateMachineTask
状态转换成功：OpenFilterPanel

[01:01:35.408] [DBG] [Primary:S1:P7200:T1786553838115] BetterGenshinImpact.GameTask.CharacterDevelopment.CharacterDevelopmentStateMachineTask
状态机迭代 2，当前状态：OpenFilterPanel

[01:01:35.640] [DBG] [Primary:S1:P7200:T1786553838115] BetterGenshinImpact.GameTask.CharacterDevelopment.CharacterDevelopmentStateMachineTask
状态转换成功：FilterPanel

[01:01:35.904] [DBG] [Primary:S1:P7200:T1786553838115] BetterGenshinImpact.GameTask.CharacterDevelopment.CharacterDevelopmentStateMachineTask
状态机迭代 3，当前状态：FilterPanel

[01:01:36.038] [DBG] [Primary:S1:P7200:T1786553838115] BetterGenshinImpact.GameTask.CharacterDevelopment.CharacterDevelopmentStateMachineTask
状态转换成功：SelectElementFilter

[01:01:36.455] [DBG] [Primary:S1:P7200:T1786553838115] BetterGenshinImpact.GameTask.CharacterDevelopment.CharacterDevelopmentStateMachineTask
状态机迭代 4，当前状态：SelectElementFilter

[01:01:38.252] [DBG] [Primary:S1:P7200:T1786553838115] BetterGenshinImpact.GameTask.CharacterDevelopment.CharacterDevelopmentStateMachineTask
状态转换成功：SelectWeaponFilter

[01:01:38.521] [DBG] [Primary:S1:P7200:T1786553838115] BetterGenshinImpact.GameTask.CharacterDevelopment.CharacterDevelopmentStateMachineTask
状态机迭代 5，当前状态：SelectWeaponFilter

[01:01:39.621] [DBG] [Primary:S1:P7200:T1786553838115] BetterGenshinImpact.GameTask.CharacterDevelopment.CharacterDevelopmentStateMachineTask
状态转换成功：ConfirmFilterPanel

[01:01:39.849] [DBG] [Primary:S1:P7200:T1786553838115] BetterGenshinImpact.GameTask.CharacterDevelopment.CharacterDevelopmentStateMachineTask
状态机迭代 6，当前状态：ConfirmFilterPanel

[01:01:40.572] [DBG] [Primary:S1:P7200:T1786553838115] BetterGenshinImpact.GameTask.CharacterDevelopment.CharacterDevelopmentStateMachineTask
状态转换成功：FindAndClickAvatar

[01:01:40.788] [DBG] [Primary:S1:P7200:T1786553838115] BetterGenshinImpact.GameTask.CharacterDevelopment.CharacterDevelopmentStateMachineTask
状态机迭代 7，当前状态：FindAndClickAvatar

[01:01:40.806] [DBG] [Primary:S1:P7200:T1786553838115] BetterGenshinImpact.GameTask.CharacterDevelopment.CharacterDevelopmentStateMachineTask
角色养成识别：白色底栏连通域 4 个，生成 3 个合法卡片，边界丢弃 0 个（第 1/3 次）

[01:01:40.813] [DBG] [Primary:S1:P7200:T1786553838115] BetterGenshinImpact.GameTask.CharacterDevelopment.CharacterDevelopmentStateMachineTask
角色养成识别：识别头像 "申鹤"，元素="冰"，score=0.978

[01:01:41.288] [DBG] [Primary:S1:P7200:T1786553838115] BetterGenshinImpact.GameTask.CharacterDevelopment.CharacterDevelopmentStateMachineTask
状态转换成功：SelectedCharacter

[01:01:41.598] [DBG] [Primary:S1:P7200:T1786553838115] BetterGenshinImpact.GameTask.CharacterDevelopment.CharacterDevelopmentStateMachineTask
状态机迭代 8，当前状态：SelectedCharacter

[01:01:41.929] [DBG] [Primary:S1:P7200:T1786553838115] BetterGenshinImpact.GameTask.CharacterDevelopment.CharacterDevelopmentStateMachineTask
状态转换成功：SwitchCategory

[01:01:42.145] [DBG] [Primary:S1:P7200:T1786553838115] BetterGenshinImpact.GameTask.CharacterDevelopment.CharacterDevelopmentStateMachineTask
状态机迭代 9，当前状态：SwitchCategory

[01:01:43.160] [DBG] [Primary:S1:P7200:T1786553838115] BetterGenshinImpact.GameTask.CharacterDevelopment.CharacterDevelopmentStateMachineTask
状态转换成功：ReadCategory

[01:01:43.398] [DBG] [Primary:S1:P7200:T1786553838115] BetterGenshinImpact.GameTask.CharacterDevelopment.CharacterDevelopmentStateMachineTask
状态机迭代 10，当前状态：ReadCategory

[01:01:44.207] [DBG] [Primary:S1:P7200:T1786553838115] BetterGenshinImpact.GameTask.CharacterDevelopment.CharacterDevelopmentStateMachineTask
状态转换成功：SwitchCategory

[01:01:44.423] [DBG] [Primary:S1:P7200:T1786553838115] BetterGenshinImpact.GameTask.CharacterDevelopment.CharacterDevelopmentStateMachineTask
状态机迭代 11，当前状态：SwitchCategory

[01:01:44.432] [DBG] [Primary:S1:P7200:T1786553838115] BetterGenshinImpact.GameTask.CharacterDevelopment.CharacterDevelopmentStateMachineTask
状态转换成功：ReturnMainUi

[01:01:44.657] [DBG] [Primary:S1:P7200:T1786553838115] BetterGenshinImpact.GameTask.CharacterDevelopment.CharacterDevelopmentStateMachineTask
状态机迭代 12，当前状态：ReturnMainUi

[01:01:45.808] [DBG] [Primary:S1:P7200:T1786553838115] BetterGenshinImpact.GameTask.CharacterDevelopment.CharacterDevelopmentStateMachineTask
状态转换成功：Completed

[01:01:46.109] [INF] [Primary:S1:P7200:T1786553838115] BetterGenshinImpact.GameTask.CharacterDevelopment.CharacterDevelopmentStateMachineTask
========== 状态机完成，到达目标状态：Completed ==========

[01:01:46.119] [INF] [Primary:S1:P7200:T1786553838115] BetterGenshinImpact.Core.Script.Dependence.Log
[完整覆盖 10/25] “申鹤”读取成功

[01:01:46.120] [INF] [Primary:S1:P7200:T1786553838115] BetterGenshinImpact.Core.Script.Dependence.Log
[识别结果] {"CharacterName":"申鹤","ElementType":"冰","Level":80,"LevelLimit":80,"WeaponName":null,"WeaponLevel":null,"WeaponLevelLimit":null,"AttackLevel":null,"AttackHasBonus":null,"SkillLevel":null,"SkillHasBonus":null,"BurstLevel":null,"BurstHasBonus":null}

[01:01:46.120] [INF] [Primary:S1:P7200:T1786553838115] BetterGenshinImpact.Core.Script.Dependence.Log
[完整覆盖 11/25] 准备读取“香菱”，预期筛选：火元素＋长柄武器

[01:01:47.185] [DBG] [Primary:S1:P7200:T1786553838115] BetterGenshinImpact.Core.Recognition.ONNX.BgiOnnxFactory
[ONNX]创建推理会话，模型: "AvatarGridIcon"

[01:01:47.280] [INF] [Primary:S1:P7200:T1786553838115] BetterGenshinImpact.GameTask.CharacterDevelopment.CharacterDevelopmentStateMachineTask
角色养成识别：准备角色 "香菱"，元素筛选="火"，武器筛选="长柄武器"

[01:01:47.281] [INF] [Primary:S1:P7200:T1786553838115] BetterGenshinImpact.GameTask.CharacterDevelopment.CharacterDevelopmentStateMachineTask
========== 状态机启动，目标状态："Completed" ==========

[01:01:47.333] [DBG] [Primary:S1:P7200:T1786553838115] BetterGenshinImpact.GameTask.CharacterDevelopment.CharacterDevelopmentStateMachineTask
状态机迭代 0，当前状态：MainUi

[01:01:48.232] [DBG] [Primary:S1:P7200:T1786553838115] BetterGenshinImpact.GameTask.CharacterDevelopment.CharacterDevelopmentStateMachineTask
状态转换成功：OpenCharacterList

[01:01:48.462] [DBG] [Primary:S1:P7200:T1786553838115] BetterGenshinImpact.GameTask.CharacterDevelopment.CharacterDevelopmentStateMachineTask
状态机迭代 1，当前状态：OpenCharacterList

[01:01:48.908] [DBG] [Primary:S1:P7200:T1786553838115] BetterGenshinImpact.GameTask.CharacterDevelopment.CharacterDevelopmentStateMachineTask
状态转换成功：OpenFilterPanel

[01:01:49.134] [DBG] [Primary:S1:P7200:T1786553838115] BetterGenshinImpact.GameTask.CharacterDevelopment.CharacterDevelopmentStateMachineTask
状态机迭代 2，当前状态：OpenFilterPanel

[01:01:49.646] [DBG] [Primary:S1:P7200:T1786553838115] BetterGenshinImpact.GameTask.CharacterDevelopment.CharacterDevelopmentStateMachineTask
状态转换成功：FilterPanel

[01:01:49.898] [DBG] [Primary:S1:P7200:T1786553838115] BetterGenshinImpact.GameTask.CharacterDevelopment.CharacterDevelopmentStateMachineTask
状态机迭代 3，当前状态：FilterPanel

[01:01:50.054] [DBG] [Primary:S1:P7200:T1786553838115] BetterGenshinImpact.GameTask.CharacterDevelopment.CharacterDevelopmentStateMachineTask
状态转换成功：SelectElementFilter

[01:01:50.476] [DBG] [Primary:S1:P7200:T1786553838115] BetterGenshinImpact.GameTask.CharacterDevelopment.CharacterDevelopmentStateMachineTask
状态机迭代 4，当前状态：SelectElementFilter

[01:01:52.500] [DBG] [Primary:S1:P7200:T1786553838115] BetterGenshinImpact.GameTask.CharacterDevelopment.CharacterDevelopmentStateMachineTask
状态转换成功：SelectWeaponFilter

[01:01:52.749] [DBG] [Primary:S1:P7200:T1786553838115] BetterGenshinImpact.GameTask.CharacterDevelopment.CharacterDevelopmentStateMachineTask
状态机迭代 5，当前状态：SelectWeaponFilter

[01:01:53.773] [DBG] [Primary:S1:P7200:T1786553838115] BetterGenshinImpact.GameTask.CharacterDevelopment.CharacterDevelopmentStateMachineTask
状态转换成功：ConfirmFilterPanel

[01:01:54.056] [DBG] [Primary:S1:P7200:T1786553838115] BetterGenshinImpact.GameTask.CharacterDevelopment.CharacterDevelopmentStateMachineTask
状态机迭代 6，当前状态：ConfirmFilterPanel

[01:01:54.768] [DBG] [Primary:S1:P7200:T1786553838115] BetterGenshinImpact.GameTask.CharacterDevelopment.CharacterDevelopmentStateMachineTask
状态转换成功：FindAndClickAvatar

[01:01:54.981] [DBG] [Primary:S1:P7200:T1786553838115] BetterGenshinImpact.GameTask.CharacterDevelopment.CharacterDevelopmentStateMachineTask
状态机迭代 7，当前状态：FindAndClickAvatar

[01:01:54.988] [DBG] [Primary:S1:P7200:T1786553838115] BetterGenshinImpact.GameTask.CharacterDevelopment.CharacterDevelopmentStateMachineTask
角色养成识别：白色底栏连通域 6 个，生成 4 个合法卡片，边界丢弃 0 个（第 1/3 次）

[01:01:55.001] [DBG] [Primary:S1:P7200:T1786553838115] BetterGenshinImpact.GameTask.CharacterDevelopment.CharacterDevelopmentStateMachineTask
角色养成识别：识别头像 "胡桃"，元素="火"，score=0.982

[01:01:55.005] [DBG] [Primary:S1:P7200:T1786553838115] BetterGenshinImpact.GameTask.CharacterDevelopment.CharacterDevelopmentStateMachineTask
角色养成识别：识别头像 "香菱"，元素="火"，score=0.979

[01:01:55.489] [DBG] [Primary:S1:P7200:T1786553838115] BetterGenshinImpact.GameTask.CharacterDevelopment.CharacterDevelopmentStateMachineTask
状态转换成功：SelectedCharacter

[01:01:55.711] [DBG] [Primary:S1:P7200:T1786553838115] BetterGenshinImpact.GameTask.CharacterDevelopment.CharacterDevelopmentStateMachineTask
状态机迭代 8，当前状态：SelectedCharacter

[01:01:56.063] [DBG] [Primary:S1:P7200:T1786553838115] BetterGenshinImpact.GameTask.CharacterDevelopment.CharacterDevelopmentStateMachineTask
状态转换成功：SwitchCategory

[01:01:56.294] [DBG] [Primary:S1:P7200:T1786553838115] BetterGenshinImpact.GameTask.CharacterDevelopment.CharacterDevelopmentStateMachineTask
状态机迭代 9，当前状态：SwitchCategory

[01:01:57.396] [DBG] [Primary:S1:P7200:T1786553838115] BetterGenshinImpact.GameTask.CharacterDevelopment.CharacterDevelopmentStateMachineTask
状态转换成功：ReadCategory

[01:01:57.614] [DBG] [Primary:S1:P7200:T1786553838115] BetterGenshinImpact.GameTask.CharacterDevelopment.CharacterDevelopmentStateMachineTask
状态机迭代 10，当前状态：ReadCategory

[01:01:58.361] [DBG] [Primary:S1:P7200:T1786553838115] BetterGenshinImpact.GameTask.CharacterDevelopment.CharacterDevelopmentStateMachineTask
状态转换成功：SwitchCategory

[01:01:58.583] [DBG] [Primary:S1:P7200:T1786553838115] BetterGenshinImpact.GameTask.CharacterDevelopment.CharacterDevelopmentStateMachineTask
状态机迭代 11，当前状态：SwitchCategory

[01:01:58.590] [DBG] [Primary:S1:P7200:T1786553838115] BetterGenshinImpact.GameTask.CharacterDevelopment.CharacterDevelopmentStateMachineTask
状态转换成功：ReturnMainUi

[01:01:58.799] [DBG] [Primary:S1:P7200:T1786553838115] BetterGenshinImpact.GameTask.CharacterDevelopment.CharacterDevelopmentStateMachineTask
状态机迭代 12，当前状态：ReturnMainUi

[01:01:59.931] [DBG] [Primary:S1:P7200:T1786553838115] BetterGenshinImpact.GameTask.CharacterDevelopment.CharacterDevelopmentStateMachineTask
状态转换成功：Completed

[01:02:00.221] [INF] [Primary:S1:P7200:T1786553838115] BetterGenshinImpact.GameTask.CharacterDevelopment.CharacterDevelopmentStateMachineTask
========== 状态机完成，到达目标状态：Completed ==========

[01:02:00.228] [INF] [Primary:S1:P7200:T1786553838115] BetterGenshinImpact.Core.Script.Dependence.Log
[完整覆盖 11/25] “香菱”读取成功

[01:02:00.229] [INF] [Primary:S1:P7200:T1786553838115] BetterGenshinImpact.Core.Script.Dependence.Log
[识别结果] {"CharacterName":"香菱","ElementType":"火","Level":90,"LevelLimit":90,"WeaponName":null,"WeaponLevel":null,"WeaponLevelLimit":null,"AttackLevel":null,"AttackHasBonus":null,"SkillLevel":null,"SkillHasBonus":null,"BurstLevel":null,"BurstHasBonus":null}

[01:02:00.229] [INF] [Primary:S1:P7200:T1786553838115] BetterGenshinImpact.Core.Script.Dependence.Log
[完整覆盖 12/25] 准备读取“伊安珊”，预期筛选：雷元素＋长柄武器

[01:02:01.393] [DBG] [Primary:S1:P7200:T1786553838115] BetterGenshinImpact.Core.Recognition.ONNX.BgiOnnxFactory
[ONNX]创建推理会话，模型: "AvatarGridIcon"

[01:02:01.485] [INF] [Primary:S1:P7200:T1786553838115] BetterGenshinImpact.GameTask.CharacterDevelopment.CharacterDevelopmentStateMachineTask
角色养成识别：准备角色 "伊安珊"，元素筛选="雷"，武器筛选="长柄武器"

[01:02:01.485] [INF] [Primary:S1:P7200:T1786553838115] BetterGenshinImpact.GameTask.CharacterDevelopment.CharacterDevelopmentStateMachineTask
========== 状态机启动，目标状态："Completed" ==========

[01:02:01.545] [DBG] [Primary:S1:P7200:T1786553838115] BetterGenshinImpact.GameTask.CharacterDevelopment.CharacterDevelopmentStateMachineTask
状态机迭代 0，当前状态：MainUi

[01:02:02.479] [DBG] [Primary:S1:P7200:T1786553838115] BetterGenshinImpact.GameTask.CharacterDevelopment.CharacterDevelopmentStateMachineTask
状态转换成功：OpenCharacterList

[01:02:02.700] [DBG] [Primary:S1:P7200:T1786553838115] BetterGenshinImpact.GameTask.CharacterDevelopment.CharacterDevelopmentStateMachineTask
状态机迭代 1，当前状态：OpenCharacterList

[01:02:03.192] [DBG] [Primary:S1:P7200:T1786553838115] BetterGenshinImpact.GameTask.CharacterDevelopment.CharacterDevelopmentStateMachineTask
状态转换成功：OpenFilterPanel

[01:02:03.421] [DBG] [Primary:S1:P7200:T1786553838115] BetterGenshinImpact.GameTask.CharacterDevelopment.CharacterDevelopmentStateMachineTask
状态机迭代 2，当前状态：OpenFilterPanel

[01:02:03.971] [DBG] [Primary:S1:P7200:T1786553838115] BetterGenshinImpact.GameTask.CharacterDevelopment.CharacterDevelopmentStateMachineTask
状态转换成功：FilterPanel

[01:02:04.233] [DBG] [Primary:S1:P7200:T1786553838115] BetterGenshinImpact.GameTask.CharacterDevelopment.CharacterDevelopmentStateMachineTask
状态机迭代 3，当前状态：FilterPanel

[01:02:04.352] [DBG] [Primary:S1:P7200:T1786553838115] BetterGenshinImpact.GameTask.CharacterDevelopment.CharacterDevelopmentStateMachineTask
状态转换成功：SelectElementFilter

[01:02:04.765] [DBG] [Primary:S1:P7200:T1786553838115] BetterGenshinImpact.GameTask.CharacterDevelopment.CharacterDevelopmentStateMachineTask
状态机迭代 4，当前状态：SelectElementFilter

[01:02:06.569] [DBG] [Primary:S1:P7200:T1786553838115] BetterGenshinImpact.GameTask.CharacterDevelopment.CharacterDevelopmentStateMachineTask
状态转换成功：SelectWeaponFilter

[01:02:06.821] [DBG] [Primary:S1:P7200:T1786553838115] BetterGenshinImpact.GameTask.CharacterDevelopment.CharacterDevelopmentStateMachineTask
状态机迭代 5，当前状态：SelectWeaponFilter

[01:02:07.923] [DBG] [Primary:S1:P7200:T1786553838115] BetterGenshinImpact.GameTask.CharacterDevelopment.CharacterDevelopmentStateMachineTask
状态转换成功：ConfirmFilterPanel

[01:02:08.147] [DBG] [Primary:S1:P7200:T1786553838115] BetterGenshinImpact.GameTask.CharacterDevelopment.CharacterDevelopmentStateMachineTask
状态机迭代 6，当前状态：ConfirmFilterPanel

[01:02:08.855] [DBG] [Primary:S1:P7200:T1786553838115] BetterGenshinImpact.GameTask.CharacterDevelopment.CharacterDevelopmentStateMachineTask
状态转换成功：FindAndClickAvatar

[01:02:09.076] [DBG] [Primary:S1:P7200:T1786553838115] BetterGenshinImpact.GameTask.CharacterDevelopment.CharacterDevelopmentStateMachineTask
状态机迭代 7，当前状态：FindAndClickAvatar

[01:02:09.093] [DBG] [Primary:S1:P7200:T1786553838115] BetterGenshinImpact.GameTask.CharacterDevelopment.CharacterDevelopmentStateMachineTask
角色养成识别：白色底栏连通域 10 个，生成 4 个合法卡片，边界丢弃 0 个（第 1/3 次）

[01:02:09.098] [DBG] [Primary:S1:P7200:T1786553838115] BetterGenshinImpact.GameTask.CharacterDevelopment.CharacterDevelopmentStateMachineTask
角色养成识别：识别头像 "诺艾尔"，元素="岩"，score=0.764

[01:02:09.106] [DBG] [Primary:S1:P7200:T1786553838115] BetterGenshinImpact.GameTask.CharacterDevelopment.CharacterDevelopmentStateMachineTask
角色养成识别：识别头像 "伊涅芙"，元素="雷"，score=0.978

[01:02:09.120] [DBG] [Primary:S1:P7200:T1786553838115] BetterGenshinImpact.GameTask.CharacterDevelopment.CharacterDevelopmentStateMachineTask
角色养成识别：识别头像 "雷电将军"，元素="雷"，score=0.978

[01:02:09.126] [DBG] [Primary:S1:P7200:T1786553838115] BetterGenshinImpact.GameTask.CharacterDevelopment.CharacterDevelopmentStateMachineTask
角色养成识别：识别头像 "伊安珊"，元素="雷"，score=0.983

[01:02:09.620] [DBG] [Primary:S1:P7200:T1786553838115] BetterGenshinImpact.GameTask.CharacterDevelopment.CharacterDevelopmentStateMachineTask
状态转换成功：SelectedCharacter

[01:02:09.851] [DBG] [Primary:S1:P7200:T1786553838115] BetterGenshinImpact.GameTask.CharacterDevelopment.CharacterDevelopmentStateMachineTask
状态机迭代 8，当前状态：SelectedCharacter

[01:02:10.191] [DBG] [Primary:S1:P7200:T1786553838115] BetterGenshinImpact.GameTask.CharacterDevelopment.CharacterDevelopmentStateMachineTask
状态转换成功：SwitchCategory

[01:02:10.411] [DBG] [Primary:S1:P7200:T1786553838115] BetterGenshinImpact.GameTask.CharacterDevelopment.CharacterDevelopmentStateMachineTask
状态机迭代 9，当前状态：SwitchCategory

[01:02:11.544] [DBG] [Primary:S1:P7200:T1786553838115] BetterGenshinImpact.GameTask.CharacterDevelopment.CharacterDevelopmentStateMachineTask
状态转换成功：ReadCategory

[01:02:11.761] [DBG] [Primary:S1:P7200:T1786553838115] BetterGenshinImpact.GameTask.CharacterDevelopment.CharacterDevelopmentStateMachineTask
状态机迭代 10，当前状态：ReadCategory

[01:02:12.555] [DBG] [Primary:S1:P7200:T1786553838115] BetterGenshinImpact.GameTask.CharacterDevelopment.CharacterDevelopmentStateMachineTask
状态转换成功：SwitchCategory

[01:02:12.779] [DBG] [Primary:S1:P7200:T1786553838115] BetterGenshinImpact.GameTask.CharacterDevelopment.CharacterDevelopmentStateMachineTask
状态机迭代 11，当前状态：SwitchCategory

[01:02:12.799] [DBG] [Primary:S1:P7200:T1786553838115] BetterGenshinImpact.GameTask.CharacterDevelopment.CharacterDevelopmentStateMachineTask
状态转换成功：ReturnMainUi

[01:02:13.026] [DBG] [Primary:S1:P7200:T1786553838115] BetterGenshinImpact.GameTask.CharacterDevelopment.CharacterDevelopmentStateMachineTask
状态机迭代 12，当前状态：ReturnMainUi

[01:02:14.157] [DBG] [Primary:S1:P7200:T1786553838115] BetterGenshinImpact.GameTask.CharacterDevelopment.CharacterDevelopmentStateMachineTask
状态转换成功：Completed

[01:02:14.449] [INF] [Primary:S1:P7200:T1786553838115] BetterGenshinImpact.GameTask.CharacterDevelopment.CharacterDevelopmentStateMachineTask
========== 状态机完成，到达目标状态：Completed ==========

[01:02:14.457] [INF] [Primary:S1:P7200:T1786553838115] BetterGenshinImpact.Core.Script.Dependence.Log
[完整覆盖 12/25] “伊安珊”读取成功

[01:02:14.458] [INF] [Primary:S1:P7200:T1786553838115] BetterGenshinImpact.Core.Script.Dependence.Log
[识别结果] {"CharacterName":"伊安珊","ElementType":"雷","Level":80,"LevelLimit":80,"WeaponName":null,"WeaponLevel":null,"WeaponLevelLimit":null,"AttackLevel":null,"AttackHasBonus":null,"SkillLevel":null,"SkillHasBonus":null,"BurstLevel":null,"BurstHasBonus":null}

[01:02:14.459] [INF] [Primary:S1:P7200:T1786553838115] BetterGenshinImpact.Core.Script.Dependence.Log
[完整覆盖 13/25] 准备读取“坎蒂丝”，预期筛选：水元素＋长柄武器

[01:02:15.515] [DBG] [Primary:S1:P7200:T1786553838115] BetterGenshinImpact.Core.Recognition.ONNX.BgiOnnxFactory
[ONNX]创建推理会话，模型: "AvatarGridIcon"

[01:02:15.614] [INF] [Primary:S1:P7200:T1786553838115] BetterGenshinImpact.GameTask.CharacterDevelopment.CharacterDevelopmentStateMachineTask
角色养成识别：准备角色 "坎蒂丝"，元素筛选="水"，武器筛选="长柄武器"

[01:02:15.614] [INF] [Primary:S1:P7200:T1786553838115] BetterGenshinImpact.GameTask.CharacterDevelopment.CharacterDevelopmentStateMachineTask
========== 状态机启动，目标状态："Completed" ==========

[01:02:15.663] [DBG] [Primary:S1:P7200:T1786553838115] BetterGenshinImpact.GameTask.CharacterDevelopment.CharacterDevelopmentStateMachineTask
状态机迭代 0，当前状态：MainUi

[01:02:16.584] [DBG] [Primary:S1:P7200:T1786553838115] BetterGenshinImpact.GameTask.CharacterDevelopment.CharacterDevelopmentStateMachineTask
状态转换成功：OpenCharacterList

[01:02:16.804] [DBG] [Primary:S1:P7200:T1786553838115] BetterGenshinImpact.GameTask.CharacterDevelopment.CharacterDevelopmentStateMachineTask
状态机迭代 1，当前状态：OpenCharacterList

[01:02:17.271] [DBG] [Primary:S1:P7200:T1786553838115] BetterGenshinImpact.GameTask.CharacterDevelopment.CharacterDevelopmentStateMachineTask
状态转换成功：OpenFilterPanel

[01:02:17.499] [DBG] [Primary:S1:P7200:T1786553838115] BetterGenshinImpact.GameTask.CharacterDevelopment.CharacterDevelopmentStateMachineTask
状态机迭代 2，当前状态：OpenFilterPanel

[01:02:17.986] [DBG] [Primary:S1:P7200:T1786553838115] BetterGenshinImpact.GameTask.CharacterDevelopment.CharacterDevelopmentStateMachineTask
状态转换成功：FilterPanel

[01:02:18.251] [DBG] [Primary:S1:P7200:T1786553838115] BetterGenshinImpact.GameTask.CharacterDevelopment.CharacterDevelopmentStateMachineTask
状态机迭代 3，当前状态：FilterPanel

[01:02:18.413] [DBG] [Primary:S1:P7200:T1786553838115] BetterGenshinImpact.GameTask.CharacterDevelopment.CharacterDevelopmentStateMachineTask
状态转换成功：SelectElementFilter

[01:02:18.858] [DBG] [Primary:S1:P7200:T1786553838115] BetterGenshinImpact.GameTask.CharacterDevelopment.CharacterDevelopmentStateMachineTask
状态机迭代 4，当前状态：SelectElementFilter

[01:02:20.727] [DBG] [Primary:S1:P7200:T1786553838115] BetterGenshinImpact.GameTask.CharacterDevelopment.CharacterDevelopmentStateMachineTask
状态转换成功：SelectWeaponFilter

[01:02:20.977] [DBG] [Primary:S1:P7200:T1786553838115] BetterGenshinImpact.GameTask.CharacterDevelopment.CharacterDevelopmentStateMachineTask
状态机迭代 5，当前状态：SelectWeaponFilter

[01:02:22.152] [DBG] [Primary:S1:P7200:T1786553838115] BetterGenshinImpact.GameTask.CharacterDevelopment.CharacterDevelopmentStateMachineTask
状态转换成功：ConfirmFilterPanel

[01:02:22.376] [DBG] [Primary:S1:P7200:T1786553838115] BetterGenshinImpact.GameTask.CharacterDevelopment.CharacterDevelopmentStateMachineTask
状态机迭代 6，当前状态：ConfirmFilterPanel

[01:02:23.095] [DBG] [Primary:S1:P7200:T1786553838115] BetterGenshinImpact.GameTask.CharacterDevelopment.CharacterDevelopmentStateMachineTask
状态转换成功：FindAndClickAvatar

[01:02:23.312] [DBG] [Primary:S1:P7200:T1786553838115] BetterGenshinImpact.GameTask.CharacterDevelopment.CharacterDevelopmentStateMachineTask
状态机迭代 7，当前状态：FindAndClickAvatar

[01:02:23.332] [DBG] [Primary:S1:P7200:T1786553838115] BetterGenshinImpact.GameTask.CharacterDevelopment.CharacterDevelopmentStateMachineTask
角色养成识别：白色底栏连通域 2 个，生成 1 个合法卡片，边界丢弃 0 个（第 1/3 次）

[01:02:23.336] [DBG] [Primary:S1:P7200:T1786553838115] BetterGenshinImpact.GameTask.CharacterDevelopment.CharacterDevelopmentStateMachineTask
角色养成识别：识别头像 "坎蒂丝"，元素="水"，score=0.983

[01:02:23.879] [DBG] [Primary:S1:P7200:T1786553838115] BetterGenshinImpact.GameTask.CharacterDevelopment.CharacterDevelopmentStateMachineTask
状态转换成功：SelectedCharacter

[01:02:24.089] [DBG] [Primary:S1:P7200:T1786553838115] BetterGenshinImpact.GameTask.CharacterDevelopment.CharacterDevelopmentStateMachineTask
状态机迭代 8，当前状态：SelectedCharacter

[01:02:24.428] [DBG] [Primary:S1:P7200:T1786553838115] BetterGenshinImpact.GameTask.CharacterDevelopment.CharacterDevelopmentStateMachineTask
状态转换成功：SwitchCategory

[01:02:24.653] [DBG] [Primary:S1:P7200:T1786553838115] BetterGenshinImpact.GameTask.CharacterDevelopment.CharacterDevelopmentStateMachineTask
状态机迭代 9，当前状态：SwitchCategory

[01:02:25.656] [DBG] [Primary:S1:P7200:T1786553838115] BetterGenshinImpact.GameTask.CharacterDevelopment.CharacterDevelopmentStateMachineTask
状态转换成功：ReadCategory

[01:02:25.886] [DBG] [Primary:S1:P7200:T1786553838115] BetterGenshinImpact.GameTask.CharacterDevelopment.CharacterDevelopmentStateMachineTask
状态机迭代 10，当前状态：ReadCategory

[01:02:26.610] [DBG] [Primary:S1:P7200:T1786553838115] BetterGenshinImpact.GameTask.CharacterDevelopment.CharacterDevelopmentStateMachineTask
状态转换成功：SwitchCategory

[01:02:26.826] [DBG] [Primary:S1:P7200:T1786553838115] BetterGenshinImpact.GameTask.CharacterDevelopment.CharacterDevelopmentStateMachineTask
状态机迭代 11，当前状态：SwitchCategory

[01:02:26.849] [DBG] [Primary:S1:P7200:T1786553838115] BetterGenshinImpact.GameTask.CharacterDevelopment.CharacterDevelopmentStateMachineTask
状态转换成功：ReturnMainUi

[01:02:27.059] [DBG] [Primary:S1:P7200:T1786553838115] BetterGenshinImpact.GameTask.CharacterDevelopment.CharacterDevelopmentStateMachineTask
状态机迭代 12，当前状态：ReturnMainUi

[01:02:28.198] [DBG] [Primary:S1:P7200:T1786553838115] BetterGenshinImpact.GameTask.CharacterDevelopment.CharacterDevelopmentStateMachineTask
状态转换成功：Completed

[01:02:28.514] [INF] [Primary:S1:P7200:T1786553838115] BetterGenshinImpact.GameTask.CharacterDevelopment.CharacterDevelopmentStateMachineTask
========== 状态机完成，到达目标状态：Completed ==========

[01:02:28.522] [INF] [Primary:S1:P7200:T1786553838115] BetterGenshinImpact.Core.Script.Dependence.Log
[完整覆盖 13/25] “坎蒂丝”读取成功

[01:02:28.523] [INF] [Primary:S1:P7200:T1786553838115] BetterGenshinImpact.Core.Script.Dependence.Log
[识别结果] {"CharacterName":"坎蒂丝","ElementType":"水","Level":80,"LevelLimit":80,"WeaponName":null,"WeaponLevel":null,"WeaponLevelLimit":null,"AttackLevel":null,"AttackHasBonus":null,"SkillLevel":null,"SkillHasBonus":null,"BurstLevel":null,"BurstHasBonus":null}

[01:02:28.524] [INF] [Primary:S1:P7200:T1786553838115] BetterGenshinImpact.Core.Script.Dependence.Log
[完整覆盖 14/25] 准备读取“莫娜”，预期筛选：水元素＋法器

[01:02:29.581] [DBG] [Primary:S1:P7200:T1786553838115] BetterGenshinImpact.Core.Recognition.ONNX.BgiOnnxFactory
[ONNX]创建推理会话，模型: "AvatarGridIcon"

[01:02:29.742] [INF] [Primary:S1:P7200:T1786553838115] BetterGenshinImpact.GameTask.CharacterDevelopment.CharacterDevelopmentStateMachineTask
角色养成识别：准备角色 "莫娜"，元素筛选="水"，武器筛选="法器"

[01:02:29.743] [INF] [Primary:S1:P7200:T1786553838115] BetterGenshinImpact.GameTask.CharacterDevelopment.CharacterDevelopmentStateMachineTask
========== 状态机启动，目标状态："Completed" ==========

[01:02:29.794] [DBG] [Primary:S1:P7200:T1786553838115] BetterGenshinImpact.GameTask.CharacterDevelopment.CharacterDevelopmentStateMachineTask
状态机迭代 0，当前状态：MainUi

[01:02:30.697] [DBG] [Primary:S1:P7200:T1786553838115] BetterGenshinImpact.GameTask.CharacterDevelopment.CharacterDevelopmentStateMachineTask
状态转换成功：OpenCharacterList

[01:02:30.909] [DBG] [Primary:S1:P7200:T1786553838115] BetterGenshinImpact.GameTask.CharacterDevelopment.CharacterDevelopmentStateMachineTask
状态机迭代 1，当前状态：OpenCharacterList

[01:02:31.379] [DBG] [Primary:S1:P7200:T1786553838115] BetterGenshinImpact.GameTask.CharacterDevelopment.CharacterDevelopmentStateMachineTask
状态转换成功：OpenFilterPanel

[01:02:31.592] [DBG] [Primary:S1:P7200:T1786553838115] BetterGenshinImpact.GameTask.CharacterDevelopment.CharacterDevelopmentStateMachineTask
状态机迭代 2，当前状态：OpenFilterPanel

[01:02:32.151] [DBG] [Primary:S1:P7200:T1786553838115] BetterGenshinImpact.GameTask.CharacterDevelopment.CharacterDevelopmentStateMachineTask
状态转换成功：FilterPanel

[01:02:32.410] [DBG] [Primary:S1:P7200:T1786553838115] BetterGenshinImpact.GameTask.CharacterDevelopment.CharacterDevelopmentStateMachineTask
状态机迭代 3，当前状态：FilterPanel

[01:02:32.551] [DBG] [Primary:S1:P7200:T1786553838115] BetterGenshinImpact.GameTask.CharacterDevelopment.CharacterDevelopmentStateMachineTask
状态转换成功：SelectElementFilter

[01:02:32.951] [DBG] [Primary:S1:P7200:T1786553838115] BetterGenshinImpact.GameTask.CharacterDevelopment.CharacterDevelopmentStateMachineTask
状态机迭代 4，当前状态：SelectElementFilter

[01:02:34.852] [DBG] [Primary:S1:P7200:T1786553838115] BetterGenshinImpact.GameTask.CharacterDevelopment.CharacterDevelopmentStateMachineTask
状态转换成功：SelectWeaponFilter

[01:02:35.105] [DBG] [Primary:S1:P7200:T1786553838115] BetterGenshinImpact.GameTask.CharacterDevelopment.CharacterDevelopmentStateMachineTask
状态机迭代 5，当前状态：SelectWeaponFilter

[01:02:36.194] [DBG] [Primary:S1:P7200:T1786553838115] BetterGenshinImpact.GameTask.CharacterDevelopment.CharacterDevelopmentStateMachineTask
状态转换成功：ConfirmFilterPanel

[01:02:36.420] [DBG] [Primary:S1:P7200:T1786553838115] BetterGenshinImpact.GameTask.CharacterDevelopment.CharacterDevelopmentStateMachineTask
状态机迭代 6，当前状态：ConfirmFilterPanel

[01:02:37.131] [DBG] [Primary:S1:P7200:T1786553838115] BetterGenshinImpact.GameTask.CharacterDevelopment.CharacterDevelopmentStateMachineTask
状态转换成功：FindAndClickAvatar

[01:02:37.356] [DBG] [Primary:S1:P7200:T1786553838115] BetterGenshinImpact.GameTask.CharacterDevelopment.CharacterDevelopmentStateMachineTask
状态机迭代 7，当前状态：FindAndClickAvatar

[01:02:37.365] [DBG] [Primary:S1:P7200:T1786553838115] BetterGenshinImpact.GameTask.CharacterDevelopment.CharacterDevelopmentStateMachineTask
角色养成识别：白色底栏连通域 10 个，生成 5 个合法卡片，边界丢弃 0 个（第 1/3 次）

[01:02:37.373] [DBG] [Primary:S1:P7200:T1786553838115] BetterGenshinImpact.GameTask.CharacterDevelopment.CharacterDevelopmentStateMachineTask
角色养成识别：识别头像 "哥伦比娅"，元素="水"，score=0.975

[01:02:37.379] [DBG] [Primary:S1:P7200:T1786553838115] BetterGenshinImpact.GameTask.CharacterDevelopment.CharacterDevelopmentStateMachineTask
角色养成识别：识别头像 "玛拉妮"，元素="水"，score=0.978

[01:02:37.393] [DBG] [Primary:S1:P7200:T1786553838115] BetterGenshinImpact.GameTask.CharacterDevelopment.CharacterDevelopmentStateMachineTask
角色养成识别：识别头像 "珊瑚宫心海"，元素="水"，score=0.978

[01:02:37.398] [DBG] [Primary:S1:P7200:T1786553838115] BetterGenshinImpact.GameTask.CharacterDevelopment.CharacterDevelopmentStateMachineTask
角色养成识别：识别头像 "莫娜"，元素="水"，score=0.983

[01:02:37.872] [DBG] [Primary:S1:P7200:T1786553838115] BetterGenshinImpact.GameTask.CharacterDevelopment.CharacterDevelopmentStateMachineTask
状态转换成功：SelectedCharacter

[01:02:38.088] [DBG] [Primary:S1:P7200:T1786553838115] BetterGenshinImpact.GameTask.CharacterDevelopment.CharacterDevelopmentStateMachineTask
状态机迭代 8，当前状态：SelectedCharacter

[01:02:38.432] [DBG] [Primary:S1:P7200:T1786553838115] BetterGenshinImpact.GameTask.CharacterDevelopment.CharacterDevelopmentStateMachineTask
状态转换成功：SwitchCategory

[01:02:38.646] [DBG] [Primary:S1:P7200:T1786553838115] BetterGenshinImpact.GameTask.CharacterDevelopment.CharacterDevelopmentStateMachineTask
状态机迭代 9，当前状态：SwitchCategory

[01:02:39.642] [DBG] [Primary:S1:P7200:T1786553838115] BetterGenshinImpact.GameTask.CharacterDevelopment.CharacterDevelopmentStateMachineTask
状态转换成功：ReadCategory

[01:02:39.869] [DBG] [Primary:S1:P7200:T1786553838115] BetterGenshinImpact.GameTask.CharacterDevelopment.CharacterDevelopmentStateMachineTask
状态机迭代 10，当前状态：ReadCategory

[01:02:41.157] [DBG] [Primary:S1:P7200:T1786553838115] BetterGenshinImpact.GameTask.CharacterDevelopment.CharacterDevelopmentStateMachineTask
角色养成识别："角色等级" OCR 第 5/10 次解析失败，结果="等级80180"

[01:02:42.078] [DBG] [Primary:S1:P7200:T1786553838115] BetterGenshinImpact.GameTask.CharacterDevelopment.CharacterDevelopmentStateMachineTask
状态转换成功：SwitchCategory

[01:02:42.301] [DBG] [Primary:S1:P7200:T1786553838115] BetterGenshinImpact.GameTask.CharacterDevelopment.CharacterDevelopmentStateMachineTask
状态机迭代 11，当前状态：SwitchCategory

[01:02:42.319] [DBG] [Primary:S1:P7200:T1786553838115] BetterGenshinImpact.GameTask.CharacterDevelopment.CharacterDevelopmentStateMachineTask
状态转换成功：ReturnMainUi

[01:02:42.535] [DBG] [Primary:S1:P7200:T1786553838115] BetterGenshinImpact.GameTask.CharacterDevelopment.CharacterDevelopmentStateMachineTask
状态机迭代 12，当前状态：ReturnMainUi

[01:02:43.634] [DBG] [Primary:S1:P7200:T1786553838115] BetterGenshinImpact.GameTask.CharacterDevelopment.CharacterDevelopmentStateMachineTask
状态转换成功：Completed

[01:02:43.927] [INF] [Primary:S1:P7200:T1786553838115] BetterGenshinImpact.GameTask.CharacterDevelopment.CharacterDevelopmentStateMachineTask
========== 状态机完成，到达目标状态：Completed ==========

[01:02:43.935] [INF] [Primary:S1:P7200:T1786553838115] BetterGenshinImpact.Core.Script.Dependence.Log
[完整覆盖 14/25] “莫娜”读取成功

[01:02:43.936] [INF] [Primary:S1:P7200:T1786553838115] BetterGenshinImpact.Core.Script.Dependence.Log
[识别结果] {"CharacterName":"莫娜","ElementType":"水","Level":80,"LevelLimit":80,"WeaponName":null,"WeaponLevel":null,"WeaponLevelLimit":null,"AttackLevel":null,"AttackHasBonus":null,"SkillLevel":null,"SkillHasBonus":null,"BurstLevel":null,"BurstHasBonus":null}

[01:02:43.936] [INF] [Primary:S1:P7200:T1786553838115] BetterGenshinImpact.Core.Script.Dependence.Log
[完整覆盖 15/25] 准备读取“珊瑚宫心海”，预期筛选：水元素＋法器

[01:02:45.000] [DBG] [Primary:S1:P7200:T1786553838115] BetterGenshinImpact.Core.Recognition.ONNX.BgiOnnxFactory
[ONNX]创建推理会话，模型: "AvatarGridIcon"

[01:02:45.100] [INF] [Primary:S1:P7200:T1786553838115] BetterGenshinImpact.GameTask.CharacterDevelopment.CharacterDevelopmentStateMachineTask
角色养成识别：准备角色 "珊瑚宫心海"，元素筛选="水"，武器筛选="法器"

[01:02:45.100] [INF] [Primary:S1:P7200:T1786553838115] BetterGenshinImpact.GameTask.CharacterDevelopment.CharacterDevelopmentStateMachineTask
========== 状态机启动，目标状态："Completed" ==========

[01:02:45.158] [DBG] [Primary:S1:P7200:T1786553838115] BetterGenshinImpact.GameTask.CharacterDevelopment.CharacterDevelopmentStateMachineTask
状态机迭代 0，当前状态：MainUi

[01:02:46.104] [DBG] [Primary:S1:P7200:T1786553838115] BetterGenshinImpact.GameTask.CharacterDevelopment.CharacterDevelopmentStateMachineTask
状态转换成功：OpenCharacterList

[01:02:46.348] [DBG] [Primary:S1:P7200:T1786553838115] BetterGenshinImpact.GameTask.CharacterDevelopment.CharacterDevelopmentStateMachineTask
状态机迭代 1，当前状态：OpenCharacterList

[01:02:46.813] [DBG] [Primary:S1:P7200:T1786553838115] BetterGenshinImpact.GameTask.CharacterDevelopment.CharacterDevelopmentStateMachineTask
状态转换成功：OpenFilterPanel

[01:02:47.035] [DBG] [Primary:S1:P7200:T1786553838115] BetterGenshinImpact.GameTask.CharacterDevelopment.CharacterDevelopmentStateMachineTask
状态机迭代 2，当前状态：OpenFilterPanel

[01:02:47.202] [DBG] [Primary:S1:P7200:T1786553838115] BetterGenshinImpact.GameTask.CharacterDevelopment.CharacterDevelopmentStateMachineTask
状态转换成功：FilterPanel

[01:02:47.447] [DBG] [Primary:S1:P7200:T1786553838115] BetterGenshinImpact.GameTask.CharacterDevelopment.CharacterDevelopmentStateMachineTask
状态机迭代 3，当前状态：FilterPanel

[01:02:47.601] [DBG] [Primary:S1:P7200:T1786553838115] BetterGenshinImpact.GameTask.CharacterDevelopment.CharacterDevelopmentStateMachineTask
状态转换成功：SelectElementFilter

[01:02:48.048] [DBG] [Primary:S1:P7200:T1786553838115] BetterGenshinImpact.GameTask.CharacterDevelopment.CharacterDevelopmentStateMachineTask
状态机迭代 4，当前状态：SelectElementFilter

[01:02:49.840] [DBG] [Primary:S1:P7200:T1786553838115] BetterGenshinImpact.GameTask.CharacterDevelopment.CharacterDevelopmentStateMachineTask
状态转换成功：SelectWeaponFilter

[01:02:50.086] [DBG] [Primary:S1:P7200:T1786553838115] BetterGenshinImpact.GameTask.CharacterDevelopment.CharacterDevelopmentStateMachineTask
状态机迭代 5，当前状态：SelectWeaponFilter

[01:02:51.152] [DBG] [Primary:S1:P7200:T1786553838115] BetterGenshinImpact.GameTask.CharacterDevelopment.CharacterDevelopmentStateMachineTask
状态转换成功：ConfirmFilterPanel

[01:02:51.379] [DBG] [Primary:S1:P7200:T1786553838115] BetterGenshinImpact.GameTask.CharacterDevelopment.CharacterDevelopmentStateMachineTask
状态机迭代 6，当前状态：ConfirmFilterPanel

[01:02:52.144] [DBG] [Primary:S1:P7200:T1786553838115] BetterGenshinImpact.GameTask.CharacterDevelopment.CharacterDevelopmentStateMachineTask
状态转换成功：FindAndClickAvatar

[01:02:52.361] [DBG] [Primary:S1:P7200:T1786553838115] BetterGenshinImpact.GameTask.CharacterDevelopment.CharacterDevelopmentStateMachineTask
状态机迭代 7，当前状态：FindAndClickAvatar

[01:02:52.384] [DBG] [Primary:S1:P7200:T1786553838115] BetterGenshinImpact.GameTask.CharacterDevelopment.CharacterDevelopmentStateMachineTask
角色养成识别：白色底栏连通域 10 个，生成 5 个合法卡片，边界丢弃 0 个（第 1/3 次）

[01:02:52.391] [DBG] [Primary:S1:P7200:T1786553838115] BetterGenshinImpact.GameTask.CharacterDevelopment.CharacterDevelopmentStateMachineTask
角色养成识别：识别头像 "哥伦比娅"，元素="水"，score=0.975

[01:02:52.405] [DBG] [Primary:S1:P7200:T1786553838115] BetterGenshinImpact.GameTask.CharacterDevelopment.CharacterDevelopmentStateMachineTask
角色养成识别：识别头像 "玛拉妮"，元素="水"，score=0.977

[01:02:52.410] [DBG] [Primary:S1:P7200:T1786553838115] BetterGenshinImpact.GameTask.CharacterDevelopment.CharacterDevelopmentStateMachineTask
角色养成识别：识别头像 "珊瑚宫心海"，元素="水"，score=0.978

[01:02:52.952] [DBG] [Primary:S1:P7200:T1786553838115] BetterGenshinImpact.GameTask.CharacterDevelopment.CharacterDevelopmentStateMachineTask
状态转换成功：SelectedCharacter

[01:02:53.176] [DBG] [Primary:S1:P7200:T1786553838115] BetterGenshinImpact.GameTask.CharacterDevelopment.CharacterDevelopmentStateMachineTask
状态机迭代 8，当前状态：SelectedCharacter

[01:02:53.526] [DBG] [Primary:S1:P7200:T1786553838115] BetterGenshinImpact.GameTask.CharacterDevelopment.CharacterDevelopmentStateMachineTask
状态转换成功：SwitchCategory

[01:02:53.754] [DBG] [Primary:S1:P7200:T1786553838115] BetterGenshinImpact.GameTask.CharacterDevelopment.CharacterDevelopmentStateMachineTask
状态机迭代 9，当前状态：SwitchCategory

[01:02:54.789] [DBG] [Primary:S1:P7200:T1786553838115] BetterGenshinImpact.GameTask.CharacterDevelopment.CharacterDevelopmentStateMachineTask
状态转换成功：ReadCategory

[01:02:55.011] [DBG] [Primary:S1:P7200:T1786553838115] BetterGenshinImpact.GameTask.CharacterDevelopment.CharacterDevelopmentStateMachineTask
状态机迭代 10，当前状态：ReadCategory

[01:02:55.664] [DBG] [Primary:S1:P7200:T1786553838115] BetterGenshinImpact.GameTask.CharacterDevelopment.CharacterDevelopmentStateMachineTask
状态转换成功：SwitchCategory

[01:02:55.887] [DBG] [Primary:S1:P7200:T1786553838115] BetterGenshinImpact.GameTask.CharacterDevelopment.CharacterDevelopmentStateMachineTask
状态机迭代 11，当前状态：SwitchCategory

[01:02:55.910] [DBG] [Primary:S1:P7200:T1786553838115] BetterGenshinImpact.GameTask.CharacterDevelopment.CharacterDevelopmentStateMachineTask
状态转换成功：ReturnMainUi

[01:02:56.138] [DBG] [Primary:S1:P7200:T1786553838115] BetterGenshinImpact.GameTask.CharacterDevelopment.CharacterDevelopmentStateMachineTask
状态机迭代 12，当前状态：ReturnMainUi

[01:02:57.253] [DBG] [Primary:S1:P7200:T1786553838115] BetterGenshinImpact.GameTask.CharacterDevelopment.CharacterDevelopmentStateMachineTask
状态转换成功：Completed

[01:02:57.551] [INF] [Primary:S1:P7200:T1786553838115] BetterGenshinImpact.GameTask.CharacterDevelopment.CharacterDevelopmentStateMachineTask
========== 状态机完成，到达目标状态：Completed ==========

[01:02:57.561] [INF] [Primary:S1:P7200:T1786553838115] BetterGenshinImpact.Core.Script.Dependence.Log
[完整覆盖 15/25] “珊瑚宫心海”读取成功

[01:02:57.562] [INF] [Primary:S1:P7200:T1786553838115] BetterGenshinImpact.Core.Script.Dependence.Log
[识别结果] {"CharacterName":"珊瑚宫心海","ElementType":"水","Level":80,"LevelLimit":80,"WeaponName":null,"WeaponLevel":null,"WeaponLevelLimit":null,"AttackLevel":null,"AttackHasBonus":null,"SkillLevel":null,"SkillHasBonus":null,"BurstLevel":null,"BurstHasBonus":null}

[01:02:57.562] [INF] [Primary:S1:P7200:T1786553838115] BetterGenshinImpact.Core.Script.Dependence.Log
[完整覆盖 16/25] 准备读取“丽莎”，预期筛选：雷元素＋法器

[01:02:58.640] [DBG] [Primary:S1:P7200:T1786553838115] BetterGenshinImpact.Core.Recognition.ONNX.BgiOnnxFactory
[ONNX]创建推理会话，模型: "AvatarGridIcon"

[01:02:58.723] [INF] [Primary:S1:P7200:T1786553838115] BetterGenshinImpact.GameTask.CharacterDevelopment.CharacterDevelopmentStateMachineTask
角色养成识别：准备角色 "丽莎"，元素筛选="雷"，武器筛选="法器"

[01:02:58.724] [INF] [Primary:S1:P7200:T1786553838115] BetterGenshinImpact.GameTask.CharacterDevelopment.CharacterDevelopmentStateMachineTask
========== 状态机启动，目标状态："Completed" ==========

[01:02:58.767] [DBG] [Primary:S1:P7200:T1786553838115] BetterGenshinImpact.GameTask.CharacterDevelopment.CharacterDevelopmentStateMachineTask
状态机迭代 0，当前状态：MainUi

[01:02:59.707] [DBG] [Primary:S1:P7200:T1786553838115] BetterGenshinImpact.GameTask.CharacterDevelopment.CharacterDevelopmentStateMachineTask
状态转换成功：OpenCharacterList

[01:02:59.918] [DBG] [Primary:S1:P7200:T1786553838115] BetterGenshinImpact.GameTask.CharacterDevelopment.CharacterDevelopmentStateMachineTask
状态机迭代 1，当前状态：OpenCharacterList

[01:03:00.407] [DBG] [Primary:S1:P7200:T1786553838115] BetterGenshinImpact.GameTask.CharacterDevelopment.CharacterDevelopmentStateMachineTask
状态转换成功：OpenFilterPanel

[01:03:00.621] [DBG] [Primary:S1:P7200:T1786553838115] BetterGenshinImpact.GameTask.CharacterDevelopment.CharacterDevelopmentStateMachineTask
状态机迭代 2，当前状态：OpenFilterPanel

[01:03:01.128] [DBG] [Primary:S1:P7200:T1786553838115] BetterGenshinImpact.GameTask.CharacterDevelopment.CharacterDevelopmentStateMachineTask
状态转换成功：FilterPanel

[01:03:01.411] [DBG] [Primary:S1:P7200:T1786553838115] BetterGenshinImpact.GameTask.CharacterDevelopment.CharacterDevelopmentStateMachineTask
状态机迭代 3，当前状态：FilterPanel

[01:03:01.596] [DBG] [Primary:S1:P7200:T1786553838115] BetterGenshinImpact.GameTask.CharacterDevelopment.CharacterDevelopmentStateMachineTask
状态转换成功：SelectElementFilter

[01:03:02.084] [DBG] [Primary:S1:P7200:T1786553838115] BetterGenshinImpact.GameTask.CharacterDevelopment.CharacterDevelopmentStateMachineTask
状态机迭代 4，当前状态：SelectElementFilter

[01:03:04.147] [DBG] [Primary:S1:P7200:T1786553838115] BetterGenshinImpact.GameTask.CharacterDevelopment.CharacterDevelopmentStateMachineTask
状态转换成功：SelectWeaponFilter

[01:03:04.422] [DBG] [Primary:S1:P7200:T1786553838115] BetterGenshinImpact.GameTask.CharacterDevelopment.CharacterDevelopmentStateMachineTask
状态机迭代 5，当前状态：SelectWeaponFilter

[01:03:05.630] [DBG] [Primary:S1:P7200:T1786553838115] BetterGenshinImpact.GameTask.CharacterDevelopment.CharacterDevelopmentStateMachineTask
状态转换成功：ConfirmFilterPanel

[01:03:05.852] [DBG] [Primary:S1:P7200:T1786553838115] BetterGenshinImpact.GameTask.CharacterDevelopment.CharacterDevelopmentStateMachineTask
状态机迭代 6，当前状态：ConfirmFilterPanel

[01:03:06.578] [DBG] [Primary:S1:P7200:T1786553838115] BetterGenshinImpact.GameTask.CharacterDevelopment.CharacterDevelopmentStateMachineTask
状态转换成功：FindAndClickAvatar

[01:03:06.793] [DBG] [Primary:S1:P7200:T1786553838115] BetterGenshinImpact.GameTask.CharacterDevelopment.CharacterDevelopmentStateMachineTask
状态机迭代 7，当前状态：FindAndClickAvatar

[01:03:06.812] [DBG] [Primary:S1:P7200:T1786553838115] BetterGenshinImpact.GameTask.CharacterDevelopment.CharacterDevelopmentStateMachineTask
角色养成识别：白色底栏连通域 6 个，生成 2 个合法卡片，边界丢弃 0 个（第 1/3 次）

[01:03:06.817] [DBG] [Primary:S1:P7200:T1786553838115] BetterGenshinImpact.GameTask.CharacterDevelopment.CharacterDevelopmentStateMachineTask
角色养成识别：识别头像 "瓦雷莎"，元素="雷"，score=0.989

[01:03:06.825] [DBG] [Primary:S1:P7200:T1786553838115] BetterGenshinImpact.GameTask.CharacterDevelopment.CharacterDevelopmentStateMachineTask
角色养成识别：识别头像 "丽莎"，元素="雷"，score=0.979

[01:03:07.342] [DBG] [Primary:S1:P7200:T1786553838115] BetterGenshinImpact.GameTask.CharacterDevelopment.CharacterDevelopmentStateMachineTask
状态转换成功：SelectedCharacter

[01:03:07.568] [DBG] [Primary:S1:P7200:T1786553838115] BetterGenshinImpact.GameTask.CharacterDevelopment.CharacterDevelopmentStateMachineTask
状态机迭代 8，当前状态：SelectedCharacter

[01:03:07.907] [DBG] [Primary:S1:P7200:T1786553838115] BetterGenshinImpact.GameTask.CharacterDevelopment.CharacterDevelopmentStateMachineTask
状态转换成功：SwitchCategory

[01:03:08.117] [DBG] [Primary:S1:P7200:T1786553838115] BetterGenshinImpact.GameTask.CharacterDevelopment.CharacterDevelopmentStateMachineTask
状态机迭代 9，当前状态：SwitchCategory

[01:03:09.111] [DBG] [Primary:S1:P7200:T1786553838115] BetterGenshinImpact.GameTask.CharacterDevelopment.CharacterDevelopmentStateMachineTask
状态转换成功：ReadCategory

[01:03:09.392] [DBG] [Primary:S1:P7200:T1786553838115] BetterGenshinImpact.GameTask.CharacterDevelopment.CharacterDevelopmentStateMachineTask
状态机迭代 10，当前状态：ReadCategory

[01:03:10.034] [DBG] [Primary:S1:P7200:T1786553838115] BetterGenshinImpact.GameTask.CharacterDevelopment.CharacterDevelopmentStateMachineTask
状态转换成功：SwitchCategory

[01:03:10.267] [DBG] [Primary:S1:P7200:T1786553838115] BetterGenshinImpact.GameTask.CharacterDevelopment.CharacterDevelopmentStateMachineTask
状态机迭代 11，当前状态：SwitchCategory

[01:03:10.281] [DBG] [Primary:S1:P7200:T1786553838115] BetterGenshinImpact.GameTask.CharacterDevelopment.CharacterDevelopmentStateMachineTask
状态转换成功：ReturnMainUi

[01:03:10.500] [DBG] [Primary:S1:P7200:T1786553838115] BetterGenshinImpact.GameTask.CharacterDevelopment.CharacterDevelopmentStateMachineTask
状态机迭代 12，当前状态：ReturnMainUi

[01:03:11.640] [DBG] [Primary:S1:P7200:T1786553838115] BetterGenshinImpact.GameTask.CharacterDevelopment.CharacterDevelopmentStateMachineTask
状态转换成功：Completed

[01:03:11.958] [INF] [Primary:S1:P7200:T1786553838115] BetterGenshinImpact.GameTask.CharacterDevelopment.CharacterDevelopmentStateMachineTask
========== 状态机完成，到达目标状态：Completed ==========

[01:03:11.965] [INF] [Primary:S1:P7200:T1786553838115] BetterGenshinImpact.Core.Script.Dependence.Log
[完整覆盖 16/25] “丽莎”读取成功

[01:03:11.966] [INF] [Primary:S1:P7200:T1786553838115] BetterGenshinImpact.Core.Script.Dependence.Log
[识别结果] {"CharacterName":"丽莎","ElementType":"雷","Level":80,"LevelLimit":80,"WeaponName":null,"WeaponLevel":null,"WeaponLevelLimit":null,"AttackLevel":null,"AttackHasBonus":null,"SkillLevel":null,"SkillHasBonus":null,"BurstLevel":null,"BurstHasBonus":null}

[01:03:11.966] [INF] [Primary:S1:P7200:T1786553838115] BetterGenshinImpact.Core.Script.Dependence.Log
[完整覆盖 17/25] 准备读取“芭芭拉”，预期筛选：水元素＋法器

[01:03:13.038] [DBG] [Primary:S1:P7200:T1786553838115] BetterGenshinImpact.Core.Recognition.ONNX.BgiOnnxFactory
[ONNX]创建推理会话，模型: "AvatarGridIcon"

[01:03:13.156] [INF] [Primary:S1:P7200:T1786553838115] BetterGenshinImpact.GameTask.CharacterDevelopment.CharacterDevelopmentStateMachineTask
角色养成识别：准备角色 "芭芭拉"，元素筛选="水"，武器筛选="法器"

[01:03:13.156] [INF] [Primary:S1:P7200:T1786553838115] BetterGenshinImpact.GameTask.CharacterDevelopment.CharacterDevelopmentStateMachineTask
========== 状态机启动，目标状态："Completed" ==========

[01:03:13.211] [DBG] [Primary:S1:P7200:T1786553838115] BetterGenshinImpact.GameTask.CharacterDevelopment.CharacterDevelopmentStateMachineTask
状态机迭代 0，当前状态：MainUi

[01:03:14.102] [DBG] [Primary:S1:P7200:T1786553838115] BetterGenshinImpact.GameTask.CharacterDevelopment.CharacterDevelopmentStateMachineTask
状态转换成功：OpenCharacterList

[01:03:14.311] [DBG] [Primary:S1:P7200:T1786553838115] BetterGenshinImpact.GameTask.CharacterDevelopment.CharacterDevelopmentStateMachineTask
状态机迭代 1，当前状态：OpenCharacterList

[01:03:14.787] [DBG] [Primary:S1:P7200:T1786553838115] BetterGenshinImpact.GameTask.CharacterDevelopment.CharacterDevelopmentStateMachineTask
状态转换成功：OpenFilterPanel

[01:03:15.000] [DBG] [Primary:S1:P7200:T1786553838115] BetterGenshinImpact.GameTask.CharacterDevelopment.CharacterDevelopmentStateMachineTask
状态机迭代 2，当前状态：OpenFilterPanel

[01:03:15.175] [DBG] [Primary:S1:P7200:T1786553838115] BetterGenshinImpact.GameTask.CharacterDevelopment.CharacterDevelopmentStateMachineTask
状态转换成功：FilterPanel

[01:03:15.419] [DBG] [Primary:S1:P7200:T1786553838115] BetterGenshinImpact.GameTask.CharacterDevelopment.CharacterDevelopmentStateMachineTask
状态机迭代 3，当前状态：FilterPanel

[01:03:15.659] [DBG] [Primary:S1:P7200:T1786553838115] BetterGenshinImpact.GameTask.CharacterDevelopment.CharacterDevelopmentStateMachineTask
状态转换成功：SelectElementFilter

[01:03:16.040] [DBG] [Primary:S1:P7200:T1786553838115] BetterGenshinImpact.GameTask.CharacterDevelopment.CharacterDevelopmentStateMachineTask
状态机迭代 4，当前状态：SelectElementFilter

[01:03:18.019] [DBG] [Primary:S1:P7200:T1786553838115] BetterGenshinImpact.GameTask.CharacterDevelopment.CharacterDevelopmentStateMachineTask
状态转换成功：SelectWeaponFilter

[01:03:18.275] [DBG] [Primary:S1:P7200:T1786553838115] BetterGenshinImpact.GameTask.CharacterDevelopment.CharacterDevelopmentStateMachineTask
状态机迭代 5，当前状态：SelectWeaponFilter

[01:03:19.465] [DBG] [Primary:S1:P7200:T1786553838115] BetterGenshinImpact.GameTask.CharacterDevelopment.CharacterDevelopmentStateMachineTask
状态转换成功：ConfirmFilterPanel

[01:03:19.687] [DBG] [Primary:S1:P7200:T1786553838115] BetterGenshinImpact.GameTask.CharacterDevelopment.CharacterDevelopmentStateMachineTask
状态机迭代 6，当前状态：ConfirmFilterPanel

[01:03:20.439] [DBG] [Primary:S1:P7200:T1786553838115] BetterGenshinImpact.GameTask.CharacterDevelopment.CharacterDevelopmentStateMachineTask
状态转换成功：FindAndClickAvatar

[01:03:20.665] [DBG] [Primary:S1:P7200:T1786553838115] BetterGenshinImpact.GameTask.CharacterDevelopment.CharacterDevelopmentStateMachineTask
状态机迭代 7，当前状态：FindAndClickAvatar

[01:03:20.691] [DBG] [Primary:S1:P7200:T1786553838115] BetterGenshinImpact.GameTask.CharacterDevelopment.CharacterDevelopmentStateMachineTask
角色养成识别：白色底栏连通域 10 个，生成 5 个合法卡片，边界丢弃 0 个（第 1/3 次）

[01:03:20.696] [DBG] [Primary:S1:P7200:T1786553838115] BetterGenshinImpact.GameTask.CharacterDevelopment.CharacterDevelopmentStateMachineTask
角色养成识别：识别头像 "哥伦比娅"，元素="水"，score=0.974

[01:03:20.701] [DBG] [Primary:S1:P7200:T1786553838115] BetterGenshinImpact.GameTask.CharacterDevelopment.CharacterDevelopmentStateMachineTask
角色养成识别：识别头像 "玛拉妮"，元素="水"，score=0.976

[01:03:20.716] [DBG] [Primary:S1:P7200:T1786553838115] BetterGenshinImpact.GameTask.CharacterDevelopment.CharacterDevelopmentStateMachineTask
角色养成识别：识别头像 "珊瑚宫心海"，元素="水"，score=0.977

[01:03:20.720] [DBG] [Primary:S1:P7200:T1786553838115] BetterGenshinImpact.GameTask.CharacterDevelopment.CharacterDevelopmentStateMachineTask
角色养成识别：识别头像 "莫娜"，元素="水"，score=0.981

[01:03:20.725] [DBG] [Primary:S1:P7200:T1786553838115] BetterGenshinImpact.GameTask.CharacterDevelopment.CharacterDevelopmentStateMachineTask
角色养成识别：识别头像 "芭芭拉"，元素="水"，score=0.984

[01:03:21.230] [DBG] [Primary:S1:P7200:T1786553838115] BetterGenshinImpact.GameTask.CharacterDevelopment.CharacterDevelopmentStateMachineTask
状态转换成功：SelectedCharacter

[01:03:21.457] [DBG] [Primary:S1:P7200:T1786553838115] BetterGenshinImpact.GameTask.CharacterDevelopment.CharacterDevelopmentStateMachineTask
状态机迭代 8，当前状态：SelectedCharacter

[01:03:21.795] [DBG] [Primary:S1:P7200:T1786553838115] BetterGenshinImpact.GameTask.CharacterDevelopment.CharacterDevelopmentStateMachineTask
状态转换成功：SwitchCategory

[01:03:22.010] [DBG] [Primary:S1:P7200:T1786553838115] BetterGenshinImpact.GameTask.CharacterDevelopment.CharacterDevelopmentStateMachineTask
状态机迭代 9，当前状态：SwitchCategory

[01:03:23.028] [DBG] [Primary:S1:P7200:T1786553838115] BetterGenshinImpact.GameTask.CharacterDevelopment.CharacterDevelopmentStateMachineTask
状态转换成功：ReadCategory

[01:03:23.267] [DBG] [Primary:S1:P7200:T1786553838115] BetterGenshinImpact.GameTask.CharacterDevelopment.CharacterDevelopmentStateMachineTask
状态机迭代 10，当前状态：ReadCategory

[01:03:24.092] [DBG] [Primary:S1:P7200:T1786553838115] BetterGenshinImpact.GameTask.CharacterDevelopment.CharacterDevelopmentStateMachineTask
状态转换成功：SwitchCategory

[01:03:24.316] [DBG] [Primary:S1:P7200:T1786553838115] BetterGenshinImpact.GameTask.CharacterDevelopment.CharacterDevelopmentStateMachineTask
状态机迭代 11，当前状态：SwitchCategory

[01:03:24.343] [DBG] [Primary:S1:P7200:T1786553838115] BetterGenshinImpact.GameTask.CharacterDevelopment.CharacterDevelopmentStateMachineTask
状态转换成功：ReturnMainUi

[01:03:24.564] [DBG] [Primary:S1:P7200:T1786553838115] BetterGenshinImpact.GameTask.CharacterDevelopment.CharacterDevelopmentStateMachineTask
状态机迭代 12，当前状态：ReturnMainUi

[01:03:25.687] [DBG] [Primary:S1:P7200:T1786553838115] BetterGenshinImpact.GameTask.CharacterDevelopment.CharacterDevelopmentStateMachineTask
状态转换成功：Completed

[01:03:25.973] [INF] [Primary:S1:P7200:T1786553838115] BetterGenshinImpact.GameTask.CharacterDevelopment.CharacterDevelopmentStateMachineTask
========== 状态机完成，到达目标状态：Completed ==========

[01:03:25.979] [INF] [Primary:S1:P7200:T1786553838115] BetterGenshinImpact.Core.Script.Dependence.Log
[完整覆盖 17/25] “芭芭拉”读取成功

[01:03:25.980] [INF] [Primary:S1:P7200:T1786553838115] BetterGenshinImpact.Core.Script.Dependence.Log
[识别结果] {"CharacterName":"芭芭拉","ElementType":"水","Level":80,"LevelLimit":80,"WeaponName":null,"WeaponLevel":null,"WeaponLevelLimit":null,"AttackLevel":null,"AttackHasBonus":null,"SkillLevel":null,"SkillHasBonus":null,"BurstLevel":null,"BurstHasBonus":null}

[01:03:25.980] [INF] [Primary:S1:P7200:T1786553838115] BetterGenshinImpact.Core.Script.Dependence.Log
[完整覆盖 18/25] 准备读取“布伦妮”，预期筛选：风元素＋法器

[01:03:27.054] [DBG] [Primary:S1:P7200:T1786553838115] BetterGenshinImpact.Core.Recognition.ONNX.BgiOnnxFactory
[ONNX]创建推理会话，模型: "AvatarGridIcon"

[01:03:27.151] [INF] [Primary:S1:P7200:T1786553838115] BetterGenshinImpact.GameTask.CharacterDevelopment.CharacterDevelopmentStateMachineTask
角色养成识别：准备角色 "布伦妮"，元素筛选="风"，武器筛选="法器"

[01:03:27.151] [INF] [Primary:S1:P7200:T1786553838115] BetterGenshinImpact.GameTask.CharacterDevelopment.CharacterDevelopmentStateMachineTask
========== 状态机启动，目标状态："Completed" ==========

[01:03:27.200] [DBG] [Primary:S1:P7200:T1786553838115] BetterGenshinImpact.GameTask.CharacterDevelopment.CharacterDevelopmentStateMachineTask
状态机迭代 0，当前状态：MainUi

[01:03:28.111] [DBG] [Primary:S1:P7200:T1786553838115] BetterGenshinImpact.GameTask.CharacterDevelopment.CharacterDevelopmentStateMachineTask
状态转换成功：OpenCharacterList

[01:03:28.328] [DBG] [Primary:S1:P7200:T1786553838115] BetterGenshinImpact.GameTask.CharacterDevelopment.CharacterDevelopmentStateMachineTask
状态机迭代 1，当前状态：OpenCharacterList

[01:03:28.825] [DBG] [Primary:S1:P7200:T1786553838115] BetterGenshinImpact.GameTask.CharacterDevelopment.CharacterDevelopmentStateMachineTask
状态转换成功：OpenFilterPanel

[01:03:29.039] [DBG] [Primary:S1:P7200:T1786553838115] BetterGenshinImpact.GameTask.CharacterDevelopment.CharacterDevelopmentStateMachineTask
状态机迭代 2，当前状态：OpenFilterPanel

[01:03:29.617] [DBG] [Primary:S1:P7200:T1786553838115] BetterGenshinImpact.GameTask.CharacterDevelopment.CharacterDevelopmentStateMachineTask
状态转换成功：FilterPanel

[01:03:29.864] [DBG] [Primary:S1:P7200:T1786553838115] BetterGenshinImpact.GameTask.CharacterDevelopment.CharacterDevelopmentStateMachineTask
状态机迭代 3，当前状态：FilterPanel

[01:03:30.005] [DBG] [Primary:S1:P7200:T1786553838115] BetterGenshinImpact.GameTask.CharacterDevelopment.CharacterDevelopmentStateMachineTask
状态转换成功：SelectElementFilter

[01:03:30.453] [DBG] [Primary:S1:P7200:T1786553838115] BetterGenshinImpact.GameTask.CharacterDevelopment.CharacterDevelopmentStateMachineTask
状态机迭代 4，当前状态：SelectElementFilter

[01:03:32.544] [DBG] [Primary:S1:P7200:T1786553838115] BetterGenshinImpact.GameTask.CharacterDevelopment.CharacterDevelopmentStateMachineTask
状态转换成功：SelectWeaponFilter

[01:03:32.815] [DBG] [Primary:S1:P7200:T1786553838115] BetterGenshinImpact.GameTask.CharacterDevelopment.CharacterDevelopmentStateMachineTask
状态机迭代 5，当前状态：SelectWeaponFilter

[01:03:34.075] [DBG] [Primary:S1:P7200:T1786553838115] BetterGenshinImpact.GameTask.CharacterDevelopment.CharacterDevelopmentStateMachineTask
状态转换成功：ConfirmFilterPanel

[01:03:34.310] [DBG] [Primary:S1:P7200:T1786553838115] BetterGenshinImpact.GameTask.CharacterDevelopment.CharacterDevelopmentStateMachineTask
状态机迭代 6，当前状态：ConfirmFilterPanel

[01:03:35.031] [DBG] [Primary:S1:P7200:T1786553838115] BetterGenshinImpact.GameTask.CharacterDevelopment.CharacterDevelopmentStateMachineTask
状态转换成功：FindAndClickAvatar

[01:03:35.257] [DBG] [Primary:S1:P7200:T1786553838115] BetterGenshinImpact.GameTask.CharacterDevelopment.CharacterDevelopmentStateMachineTask
状态机迭代 7，当前状态：FindAndClickAvatar

[01:03:35.280] [DBG] [Primary:S1:P7200:T1786553838115] BetterGenshinImpact.GameTask.CharacterDevelopment.CharacterDevelopmentStateMachineTask
角色养成识别：白色底栏连通域 16 个，生成 7 个合法卡片，边界丢弃 0 个（第 1/3 次）

[01:03:35.286] [DBG] [Primary:S1:P7200:T1786553838115] BetterGenshinImpact.GameTask.CharacterDevelopment.CharacterDevelopmentStateMachineTask
角色养成识别：识别头像 "梦见月瑞希"，元素="风"，score=0.987

[01:03:35.291] [DBG] [Primary:S1:P7200:T1786553838115] BetterGenshinImpact.GameTask.CharacterDevelopment.CharacterDevelopmentStateMachineTask
角色养成识别：识别头像 "闲云"，元素="风"，score=0.980

[01:03:35.305] [DBG] [Primary:S1:P7200:T1786553838115] BetterGenshinImpact.GameTask.CharacterDevelopment.CharacterDevelopmentStateMachineTask
角色养成识别：识别头像 "布伦妮"，元素="风"，score=0.981

[01:03:35.803] [DBG] [Primary:S1:P7200:T1786553838115] BetterGenshinImpact.GameTask.CharacterDevelopment.CharacterDevelopmentStateMachineTask
状态转换成功：SelectedCharacter

[01:03:36.047] [DBG] [Primary:S1:P7200:T1786553838115] BetterGenshinImpact.GameTask.CharacterDevelopment.CharacterDevelopmentStateMachineTask
状态机迭代 8，当前状态：SelectedCharacter

[01:03:36.410] [DBG] [Primary:S1:P7200:T1786553838115] BetterGenshinImpact.GameTask.CharacterDevelopment.CharacterDevelopmentStateMachineTask
状态转换成功：SwitchCategory

[01:03:36.637] [DBG] [Primary:S1:P7200:T1786553838115] BetterGenshinImpact.GameTask.CharacterDevelopment.CharacterDevelopmentStateMachineTask
状态机迭代 9，当前状态：SwitchCategory

[01:03:37.741] [DBG] [Primary:S1:P7200:T1786553838115] BetterGenshinImpact.GameTask.CharacterDevelopment.CharacterDevelopmentStateMachineTask
状态转换成功：ReadCategory

[01:03:37.963] [DBG] [Primary:S1:P7200:T1786553838115] BetterGenshinImpact.GameTask.CharacterDevelopment.CharacterDevelopmentStateMachineTask
状态机迭代 10，当前状态：ReadCategory

[01:03:38.800] [DBG] [Primary:S1:P7200:T1786553838115] BetterGenshinImpact.GameTask.CharacterDevelopment.CharacterDevelopmentStateMachineTask
状态转换成功：SwitchCategory

[01:03:39.019] [DBG] [Primary:S1:P7200:T1786553838115] BetterGenshinImpact.GameTask.CharacterDevelopment.CharacterDevelopmentStateMachineTask
状态机迭代 11，当前状态：SwitchCategory

[01:03:39.042] [DBG] [Primary:S1:P7200:T1786553838115] BetterGenshinImpact.GameTask.CharacterDevelopment.CharacterDevelopmentStateMachineTask
状态转换成功：ReturnMainUi

[01:03:39.269] [DBG] [Primary:S1:P7200:T1786553838115] BetterGenshinImpact.GameTask.CharacterDevelopment.CharacterDevelopmentStateMachineTask
状态机迭代 12，当前状态：ReturnMainUi

[01:03:40.411] [DBG] [Primary:S1:P7200:T1786553838115] BetterGenshinImpact.GameTask.CharacterDevelopment.CharacterDevelopmentStateMachineTask
状态转换成功：Completed

[01:03:40.694] [INF] [Primary:S1:P7200:T1786553838115] BetterGenshinImpact.GameTask.CharacterDevelopment.CharacterDevelopmentStateMachineTask
========== 状态机完成，到达目标状态：Completed ==========

[01:03:40.701] [INF] [Primary:S1:P7200:T1786553838115] BetterGenshinImpact.Core.Script.Dependence.Log
[完整覆盖 18/25] “布伦妮”读取成功

[01:03:40.702] [INF] [Primary:S1:P7200:T1786553838115] BetterGenshinImpact.Core.Script.Dependence.Log
[识别结果] {"CharacterName":"布伦妮","ElementType":"风","Level":80,"LevelLimit":80,"WeaponName":null,"WeaponLevel":null,"WeaponLevelLimit":null,"AttackLevel":null,"AttackHasBonus":null,"SkillLevel":null,"SkillHasBonus":null,"BurstLevel":null,"BurstHasBonus":null}

[01:03:40.702] [INF] [Primary:S1:P7200:T1786553838115] BetterGenshinImpact.Core.Script.Dependence.Log
[完整覆盖 19/25] 准备读取“尼可”，预期筛选：火元素＋法器

[01:03:41.762] [DBG] [Primary:S1:P7200:T1786553838115] BetterGenshinImpact.Core.Recognition.ONNX.BgiOnnxFactory
[ONNX]创建推理会话，模型: "AvatarGridIcon"

[01:03:41.870] [INF] [Primary:S1:P7200:T1786553838115] BetterGenshinImpact.GameTask.CharacterDevelopment.CharacterDevelopmentStateMachineTask
角色养成识别：准备角色 "尼可"，元素筛选="火"，武器筛选="法器"

[01:03:41.870] [INF] [Primary:S1:P7200:T1786553838115] BetterGenshinImpact.GameTask.CharacterDevelopment.CharacterDevelopmentStateMachineTask
========== 状态机启动，目标状态："Completed" ==========

[01:03:41.931] [DBG] [Primary:S1:P7200:T1786553838115] BetterGenshinImpact.GameTask.CharacterDevelopment.CharacterDevelopmentStateMachineTask
状态机迭代 0，当前状态：MainUi

[01:03:42.812] [DBG] [Primary:S1:P7200:T1786553838115] BetterGenshinImpact.GameTask.CharacterDevelopment.CharacterDevelopmentStateMachineTask
状态转换成功：OpenCharacterList

[01:03:43.030] [DBG] [Primary:S1:P7200:T1786553838115] BetterGenshinImpact.GameTask.CharacterDevelopment.CharacterDevelopmentStateMachineTask
状态机迭代 1，当前状态：OpenCharacterList

[01:03:43.537] [DBG] [Primary:S1:P7200:T1786553838115] BetterGenshinImpact.GameTask.CharacterDevelopment.CharacterDevelopmentStateMachineTask
状态转换成功：OpenFilterPanel

[01:03:43.752] [DBG] [Primary:S1:P7200:T1786553838115] BetterGenshinImpact.GameTask.CharacterDevelopment.CharacterDevelopmentStateMachineTask
状态机迭代 2，当前状态：OpenFilterPanel

[01:03:44.251] [DBG] [Primary:S1:P7200:T1786553838115] BetterGenshinImpact.GameTask.CharacterDevelopment.CharacterDevelopmentStateMachineTask
状态转换成功：FilterPanel

[01:03:44.607] [DBG] [Primary:S1:P7200:T1786553838115] BetterGenshinImpact.GameTask.CharacterDevelopment.CharacterDevelopmentStateMachineTask
状态机迭代 3，当前状态：FilterPanel

[01:03:44.733] [DBG] [Primary:S1:P7200:T1786553838115] BetterGenshinImpact.GameTask.CharacterDevelopment.CharacterDevelopmentStateMachineTask
状态转换成功：SelectElementFilter

[01:03:45.228] [DBG] [Primary:S1:P7200:T1786553838115] BetterGenshinImpact.GameTask.CharacterDevelopment.CharacterDevelopmentStateMachineTask
状态机迭代 4，当前状态：SelectElementFilter

[01:03:47.152] [DBG] [Primary:S1:P7200:T1786553838115] BetterGenshinImpact.GameTask.CharacterDevelopment.CharacterDevelopmentStateMachineTask
状态转换成功：SelectWeaponFilter

[01:03:47.455] [DBG] [Primary:S1:P7200:T1786553838115] BetterGenshinImpact.GameTask.CharacterDevelopment.CharacterDevelopmentStateMachineTask
状态机迭代 5，当前状态：SelectWeaponFilter

[01:03:48.646] [DBG] [Primary:S1:P7200:T1786553838115] BetterGenshinImpact.GameTask.CharacterDevelopment.CharacterDevelopmentStateMachineTask
状态转换成功：ConfirmFilterPanel

[01:03:48.874] [DBG] [Primary:S1:P7200:T1786553838115] BetterGenshinImpact.GameTask.CharacterDevelopment.CharacterDevelopmentStateMachineTask
状态机迭代 6，当前状态：ConfirmFilterPanel

[01:03:49.610] [DBG] [Primary:S1:P7200:T1786553838115] BetterGenshinImpact.GameTask.CharacterDevelopment.CharacterDevelopmentStateMachineTask
状态转换成功：FindAndClickAvatar

[01:03:49.825] [DBG] [Primary:S1:P7200:T1786553838115] BetterGenshinImpact.GameTask.CharacterDevelopment.CharacterDevelopmentStateMachineTask
状态机迭代 7，当前状态：FindAndClickAvatar

[01:03:49.834] [DBG] [Primary:S1:P7200:T1786553838115] BetterGenshinImpact.GameTask.CharacterDevelopment.CharacterDevelopmentStateMachineTask
角色养成识别：白色底栏连通域 6 个，生成 3 个合法卡片，边界丢弃 0 个（第 1/3 次）

[01:03:49.841] [DBG] [Primary:S1:P7200:T1786553838115] BetterGenshinImpact.GameTask.CharacterDevelopment.CharacterDevelopmentStateMachineTask
角色养成识别：识别头像 "尼可"，元素="火"，score=0.989

[01:03:50.411] [DBG] [Primary:S1:P7200:T1786553838115] BetterGenshinImpact.GameTask.CharacterDevelopment.CharacterDevelopmentStateMachineTask
状态转换成功：SelectedCharacter

[01:03:50.627] [DBG] [Primary:S1:P7200:T1786553838115] BetterGenshinImpact.GameTask.CharacterDevelopment.CharacterDevelopmentStateMachineTask
状态机迭代 8，当前状态：SelectedCharacter

[01:03:50.971] [DBG] [Primary:S1:P7200:T1786553838115] BetterGenshinImpact.GameTask.CharacterDevelopment.CharacterDevelopmentStateMachineTask
状态转换成功：SwitchCategory

[01:03:51.198] [DBG] [Primary:S1:P7200:T1786553838115] BetterGenshinImpact.GameTask.CharacterDevelopment.CharacterDevelopmentStateMachineTask
状态机迭代 9，当前状态：SwitchCategory

[01:03:52.295] [DBG] [Primary:S1:P7200:T1786553838115] BetterGenshinImpact.GameTask.CharacterDevelopment.CharacterDevelopmentStateMachineTask
状态转换成功：ReadCategory

[01:03:52.521] [DBG] [Primary:S1:P7200:T1786553838115] BetterGenshinImpact.GameTask.CharacterDevelopment.CharacterDevelopmentStateMachineTask
状态机迭代 10，当前状态：ReadCategory

[01:03:53.211] [DBG] [Primary:S1:P7200:T1786553838115] BetterGenshinImpact.GameTask.CharacterDevelopment.CharacterDevelopmentStateMachineTask
状态转换成功：SwitchCategory

[01:03:53.434] [DBG] [Primary:S1:P7200:T1786553838115] BetterGenshinImpact.GameTask.CharacterDevelopment.CharacterDevelopmentStateMachineTask
状态机迭代 11，当前状态：SwitchCategory

[01:03:53.444] [DBG] [Primary:S1:P7200:T1786553838115] BetterGenshinImpact.GameTask.CharacterDevelopment.CharacterDevelopmentStateMachineTask
状态转换成功：ReturnMainUi

[01:03:53.667] [DBG] [Primary:S1:P7200:T1786553838115] BetterGenshinImpact.GameTask.CharacterDevelopment.CharacterDevelopmentStateMachineTask
状态机迭代 12，当前状态：ReturnMainUi

[01:03:54.791] [DBG] [Primary:S1:P7200:T1786553838115] BetterGenshinImpact.GameTask.CharacterDevelopment.CharacterDevelopmentStateMachineTask
状态转换成功：Completed

[01:03:55.090] [INF] [Primary:S1:P7200:T1786553838115] BetterGenshinImpact.GameTask.CharacterDevelopment.CharacterDevelopmentStateMachineTask
========== 状态机完成，到达目标状态：Completed ==========

[01:03:55.097] [INF] [Primary:S1:P7200:T1786553838115] BetterGenshinImpact.Core.Script.Dependence.Log
[完整覆盖 19/25] “尼可”读取成功

[01:03:55.098] [INF] [Primary:S1:P7200:T1786553838115] BetterGenshinImpact.Core.Script.Dependence.Log
[识别结果] {"CharacterName":"尼可","ElementType":"火","Level":90,"LevelLimit":90,"WeaponName":null,"WeaponLevel":null,"WeaponLevelLimit":null,"AttackLevel":null,"AttackHasBonus":null,"SkillLevel":null,"SkillHasBonus":null,"BurstLevel":null,"BurstHasBonus":null}

[01:03:55.098] [INF] [Primary:S1:P7200:T1786553838115] BetterGenshinImpact.Core.Script.Dependence.Log
[完整覆盖 20/25] 准备读取“瓦雷莎”，预期筛选：雷元素＋法器

[01:03:56.158] [DBG] [Primary:S1:P7200:T1786553838115] BetterGenshinImpact.Core.Recognition.ONNX.BgiOnnxFactory
[ONNX]创建推理会话，模型: "AvatarGridIcon"

[01:03:56.258] [INF] [Primary:S1:P7200:T1786553838115] BetterGenshinImpact.GameTask.CharacterDevelopment.CharacterDevelopmentStateMachineTask
角色养成识别：准备角色 "瓦雷莎"，元素筛选="雷"，武器筛选="法器"

[01:03:56.258] [INF] [Primary:S1:P7200:T1786553838115] BetterGenshinImpact.GameTask.CharacterDevelopment.CharacterDevelopmentStateMachineTask
========== 状态机启动，目标状态："Completed" ==========

[01:03:56.315] [DBG] [Primary:S1:P7200:T1786553838115] BetterGenshinImpact.GameTask.CharacterDevelopment.CharacterDevelopmentStateMachineTask
状态机迭代 0，当前状态：MainUi

[01:03:57.198] [DBG] [Primary:S1:P7200:T1786553838115] BetterGenshinImpact.GameTask.CharacterDevelopment.CharacterDevelopmentStateMachineTask
状态转换成功：OpenCharacterList

[01:03:57.408] [DBG] [Primary:S1:P7200:T1786553838115] BetterGenshinImpact.GameTask.CharacterDevelopment.CharacterDevelopmentStateMachineTask
状态机迭代 1，当前状态：OpenCharacterList

[01:03:57.880] [DBG] [Primary:S1:P7200:T1786553838115] BetterGenshinImpact.GameTask.CharacterDevelopment.CharacterDevelopmentStateMachineTask
状态转换成功：OpenFilterPanel

[01:03:58.095] [DBG] [Primary:S1:P7200:T1786553838115] BetterGenshinImpact.GameTask.CharacterDevelopment.CharacterDevelopmentStateMachineTask
状态机迭代 2，当前状态：OpenFilterPanel

[01:03:58.288] [DBG] [Primary:S1:P7200:T1786553838115] BetterGenshinImpact.GameTask.CharacterDevelopment.CharacterDevelopmentStateMachineTask
状态转换成功：FilterPanel

[01:03:58.538] [DBG] [Primary:S1:P7200:T1786553838115] BetterGenshinImpact.GameTask.CharacterDevelopment.CharacterDevelopmentStateMachineTask
状态机迭代 3，当前状态：FilterPanel

[01:03:58.645] [DBG] [Primary:S1:P7200:T1786553838115] BetterGenshinImpact.GameTask.CharacterDevelopment.CharacterDevelopmentStateMachineTask
状态转换成功：SelectElementFilter

[01:03:59.170] [DBG] [Primary:S1:P7200:T1786553838115] BetterGenshinImpact.GameTask.CharacterDevelopment.CharacterDevelopmentStateMachineTask
状态机迭代 4，当前状态：SelectElementFilter

[01:04:00.946] [DBG] [Primary:S1:P7200:T1786553838115] BetterGenshinImpact.GameTask.CharacterDevelopment.CharacterDevelopmentStateMachineTask
状态转换成功：SelectWeaponFilter

[01:04:01.202] [DBG] [Primary:S1:P7200:T1786553838115] BetterGenshinImpact.GameTask.CharacterDevelopment.CharacterDevelopmentStateMachineTask
状态机迭代 5，当前状态：SelectWeaponFilter

[01:04:02.368] [DBG] [Primary:S1:P7200:T1786553838115] BetterGenshinImpact.GameTask.CharacterDevelopment.CharacterDevelopmentStateMachineTask
状态转换成功：ConfirmFilterPanel

[01:04:02.596] [DBG] [Primary:S1:P7200:T1786553838115] BetterGenshinImpact.GameTask.CharacterDevelopment.CharacterDevelopmentStateMachineTask
状态机迭代 6，当前状态：ConfirmFilterPanel

[01:04:03.299] [DBG] [Primary:S1:P7200:T1786553838115] BetterGenshinImpact.GameTask.CharacterDevelopment.CharacterDevelopmentStateMachineTask
状态转换成功：FindAndClickAvatar

[01:04:03.514] [DBG] [Primary:S1:P7200:T1786553838115] BetterGenshinImpact.GameTask.CharacterDevelopment.CharacterDevelopmentStateMachineTask
状态机迭代 7，当前状态：FindAndClickAvatar

[01:04:03.522] [DBG] [Primary:S1:P7200:T1786553838115] BetterGenshinImpact.GameTask.CharacterDevelopment.CharacterDevelopmentStateMachineTask
角色养成识别：白色底栏连通域 6 个，生成 2 个合法卡片，边界丢弃 0 个（第 1/3 次）

[01:04:03.528] [DBG] [Primary:S1:P7200:T1786553838115] BetterGenshinImpact.GameTask.CharacterDevelopment.CharacterDevelopmentStateMachineTask
角色养成识别：识别头像 "瓦雷莎"，元素="雷"，score=0.989

[01:04:04.029] [DBG] [Primary:S1:P7200:T1786553838115] BetterGenshinImpact.GameTask.CharacterDevelopment.CharacterDevelopmentStateMachineTask
状态转换成功：SelectedCharacter

[01:04:04.255] [DBG] [Primary:S1:P7200:T1786553838115] BetterGenshinImpact.GameTask.CharacterDevelopment.CharacterDevelopmentStateMachineTask
状态机迭代 8，当前状态：SelectedCharacter

[01:04:04.583] [DBG] [Primary:S1:P7200:T1786553838115] BetterGenshinImpact.GameTask.CharacterDevelopment.CharacterDevelopmentStateMachineTask
状态转换成功：SwitchCategory

[01:04:04.804] [DBG] [Primary:S1:P7200:T1786553838115] BetterGenshinImpact.GameTask.CharacterDevelopment.CharacterDevelopmentStateMachineTask
状态机迭代 9，当前状态：SwitchCategory

[01:04:05.811] [DBG] [Primary:S1:P7200:T1786553838115] BetterGenshinImpact.GameTask.CharacterDevelopment.CharacterDevelopmentStateMachineTask
状态转换成功：ReadCategory

[01:04:06.033] [DBG] [Primary:S1:P7200:T1786553838115] BetterGenshinImpact.GameTask.CharacterDevelopment.CharacterDevelopmentStateMachineTask
状态机迭代 10，当前状态：ReadCategory

[01:04:06.845] [DBG] [Primary:S1:P7200:T1786553838115] BetterGenshinImpact.GameTask.CharacterDevelopment.CharacterDevelopmentStateMachineTask
状态转换成功：SwitchCategory

[01:04:07.068] [DBG] [Primary:S1:P7200:T1786553838115] BetterGenshinImpact.GameTask.CharacterDevelopment.CharacterDevelopmentStateMachineTask
状态机迭代 11，当前状态：SwitchCategory

[01:04:07.088] [DBG] [Primary:S1:P7200:T1786553838115] BetterGenshinImpact.GameTask.CharacterDevelopment.CharacterDevelopmentStateMachineTask
状态转换成功：ReturnMainUi

[01:04:07.303] [DBG] [Primary:S1:P7200:T1786553838115] BetterGenshinImpact.GameTask.CharacterDevelopment.CharacterDevelopmentStateMachineTask
状态机迭代 12，当前状态：ReturnMainUi

[01:04:08.429] [DBG] [Primary:S1:P7200:T1786553838115] BetterGenshinImpact.GameTask.CharacterDevelopment.CharacterDevelopmentStateMachineTask
状态转换成功：Completed

[01:04:08.718] [INF] [Primary:S1:P7200:T1786553838115] BetterGenshinImpact.GameTask.CharacterDevelopment.CharacterDevelopmentStateMachineTask
========== 状态机完成，到达目标状态：Completed ==========

[01:04:08.726] [INF] [Primary:S1:P7200:T1786553838115] BetterGenshinImpact.Core.Script.Dependence.Log
[完整覆盖 20/25] “瓦雷莎”读取成功

[01:04:08.728] [INF] [Primary:S1:P7200:T1786553838115] BetterGenshinImpact.Core.Script.Dependence.Log
[识别结果] {"CharacterName":"瓦雷莎","ElementType":"雷","Level":90,"LevelLimit":90,"WeaponName":null,"WeaponLevel":null,"WeaponLevelLimit":null,"AttackLevel":null,"AttackHasBonus":null,"SkillLevel":null,"SkillHasBonus":null,"BurstLevel":null,"BurstHasBonus":null}

[01:04:08.728] [INF] [Primary:S1:P7200:T1786553838115] BetterGenshinImpact.Core.Script.Dependence.Log
[完整覆盖 21/25] 准备读取“玛拉妮”，预期筛选：水元素＋法器

[01:04:09.795] [DBG] [Primary:S1:P7200:T1786553838115] BetterGenshinImpact.Core.Recognition.ONNX.BgiOnnxFactory
[ONNX]创建推理会话，模型: "AvatarGridIcon"

[01:04:09.899] [INF] [Primary:S1:P7200:T1786553838115] BetterGenshinImpact.GameTask.CharacterDevelopment.CharacterDevelopmentStateMachineTask
角色养成识别：准备角色 "玛拉妮"，元素筛选="水"，武器筛选="法器"

[01:04:09.899] [INF] [Primary:S1:P7200:T1786553838115] BetterGenshinImpact.GameTask.CharacterDevelopment.CharacterDevelopmentStateMachineTask
========== 状态机启动，目标状态："Completed" ==========

[01:04:09.966] [DBG] [Primary:S1:P7200:T1786553838115] BetterGenshinImpact.GameTask.CharacterDevelopment.CharacterDevelopmentStateMachineTask
状态机迭代 0，当前状态：MainUi

[01:04:10.889] [DBG] [Primary:S1:P7200:T1786553838115] BetterGenshinImpact.GameTask.CharacterDevelopment.CharacterDevelopmentStateMachineTask
状态转换成功：OpenCharacterList

[01:04:11.115] [DBG] [Primary:S1:P7200:T1786553838115] BetterGenshinImpact.GameTask.CharacterDevelopment.CharacterDevelopmentStateMachineTask
状态机迭代 1，当前状态：OpenCharacterList

[01:04:11.604] [DBG] [Primary:S1:P7200:T1786553838115] BetterGenshinImpact.GameTask.CharacterDevelopment.CharacterDevelopmentStateMachineTask
状态转换成功：OpenFilterPanel

[01:04:11.832] [DBG] [Primary:S1:P7200:T1786553838115] BetterGenshinImpact.GameTask.CharacterDevelopment.CharacterDevelopmentStateMachineTask
状态机迭代 2，当前状态：OpenFilterPanel

[01:04:12.327] [DBG] [Primary:S1:P7200:T1786553838115] BetterGenshinImpact.GameTask.CharacterDevelopment.CharacterDevelopmentStateMachineTask
状态转换成功：FilterPanel

[01:04:12.574] [DBG] [Primary:S1:P7200:T1786553838115] BetterGenshinImpact.GameTask.CharacterDevelopment.CharacterDevelopmentStateMachineTask
状态机迭代 3，当前状态：FilterPanel

[01:04:12.726] [DBG] [Primary:S1:P7200:T1786553838115] BetterGenshinImpact.GameTask.CharacterDevelopment.CharacterDevelopmentStateMachineTask
状态转换成功：SelectElementFilter

[01:04:13.169] [DBG] [Primary:S1:P7200:T1786553838115] BetterGenshinImpact.GameTask.CharacterDevelopment.CharacterDevelopmentStateMachineTask
状态机迭代 4，当前状态：SelectElementFilter

[01:04:15.060] [DBG] [Primary:S1:P7200:T1786553838115] BetterGenshinImpact.GameTask.CharacterDevelopment.CharacterDevelopmentStateMachineTask
状态转换成功：SelectWeaponFilter

[01:04:15.330] [DBG] [Primary:S1:P7200:T1786553838115] BetterGenshinImpact.GameTask.CharacterDevelopment.CharacterDevelopmentStateMachineTask
状态机迭代 5，当前状态：SelectWeaponFilter

[01:04:16.377] [DBG] [Primary:S1:P7200:T1786553838115] BetterGenshinImpact.GameTask.CharacterDevelopment.CharacterDevelopmentStateMachineTask
状态转换成功：ConfirmFilterPanel

[01:04:16.611] [DBG] [Primary:S1:P7200:T1786553838115] BetterGenshinImpact.GameTask.CharacterDevelopment.CharacterDevelopmentStateMachineTask
状态机迭代 6，当前状态：ConfirmFilterPanel

[01:04:17.327] [DBG] [Primary:S1:P7200:T1786553838115] BetterGenshinImpact.GameTask.CharacterDevelopment.CharacterDevelopmentStateMachineTask
状态转换成功：FindAndClickAvatar

[01:04:17.545] [DBG] [Primary:S1:P7200:T1786553838115] BetterGenshinImpact.GameTask.CharacterDevelopment.CharacterDevelopmentStateMachineTask
状态机迭代 7，当前状态：FindAndClickAvatar

[01:04:17.572] [DBG] [Primary:S1:P7200:T1786553838115] BetterGenshinImpact.GameTask.CharacterDevelopment.CharacterDevelopmentStateMachineTask
角色养成识别：白色底栏连通域 10 个，生成 5 个合法卡片，边界丢弃 0 个（第 1/3 次）

[01:04:17.577] [DBG] [Primary:S1:P7200:T1786553838115] BetterGenshinImpact.GameTask.CharacterDevelopment.CharacterDevelopmentStateMachineTask
角色养成识别：识别头像 "哥伦比娅"，元素="水"，score=0.976

[01:04:17.582] [DBG] [Primary:S1:P7200:T1786553838115] BetterGenshinImpact.GameTask.CharacterDevelopment.CharacterDevelopmentStateMachineTask
角色养成识别：识别头像 "玛拉妮"，元素="水"，score=0.979

[01:04:18.081] [DBG] [Primary:S1:P7200:T1786553838115] BetterGenshinImpact.GameTask.CharacterDevelopment.CharacterDevelopmentStateMachineTask
状态转换成功：SelectedCharacter

[01:04:18.307] [DBG] [Primary:S1:P7200:T1786553838115] BetterGenshinImpact.GameTask.CharacterDevelopment.CharacterDevelopmentStateMachineTask
状态机迭代 8，当前状态：SelectedCharacter

[01:04:18.692] [DBG] [Primary:S1:P7200:T1786553838115] BetterGenshinImpact.GameTask.CharacterDevelopment.CharacterDevelopmentStateMachineTask
状态转换成功：SwitchCategory

[01:04:18.920] [DBG] [Primary:S1:P7200:T1786553838115] BetterGenshinImpact.GameTask.CharacterDevelopment.CharacterDevelopmentStateMachineTask
状态机迭代 9，当前状态：SwitchCategory

[01:04:19.963] [DBG] [Primary:S1:P7200:T1786553838115] BetterGenshinImpact.GameTask.CharacterDevelopment.CharacterDevelopmentStateMachineTask
状态转换成功：ReadCategory

[01:04:20.183] [DBG] [Primary:S1:P7200:T1786553838115] BetterGenshinImpact.GameTask.CharacterDevelopment.CharacterDevelopmentStateMachineTask
状态机迭代 10，当前状态：ReadCategory

[01:04:21.930] [DBG] [Primary:S1:P7200:T1786553838115] BetterGenshinImpact.GameTask.CharacterDevelopment.CharacterDevelopmentStateMachineTask
状态转换成功：SwitchCategory

[01:04:22.164] [DBG] [Primary:S1:P7200:T1786553838115] BetterGenshinImpact.GameTask.CharacterDevelopment.CharacterDevelopmentStateMachineTask
状态机迭代 11，当前状态：SwitchCategory

[01:04:22.187] [DBG] [Primary:S1:P7200:T1786553838115] BetterGenshinImpact.GameTask.CharacterDevelopment.CharacterDevelopmentStateMachineTask
状态转换成功：ReturnMainUi

[01:04:22.412] [DBG] [Primary:S1:P7200:T1786553838115] BetterGenshinImpact.GameTask.CharacterDevelopment.CharacterDevelopmentStateMachineTask
状态机迭代 12，当前状态：ReturnMainUi

[01:04:23.528] [DBG] [Primary:S1:P7200:T1786553838115] BetterGenshinImpact.GameTask.CharacterDevelopment.CharacterDevelopmentStateMachineTask
状态转换成功：Completed

[01:04:23.827] [INF] [Primary:S1:P7200:T1786553838115] BetterGenshinImpact.GameTask.CharacterDevelopment.CharacterDevelopmentStateMachineTask
========== 状态机完成，到达目标状态：Completed ==========

[01:04:23.833] [INF] [Primary:S1:P7200:T1786553838115] BetterGenshinImpact.Core.Script.Dependence.Log
[完整覆盖 21/25] “玛拉妮”读取成功

[01:04:23.837] [INF] [Primary:S1:P7200:T1786553838115] BetterGenshinImpact.Core.Script.Dependence.Log
[识别结果] {"CharacterName":"玛拉妮","ElementType":"水","Level":90,"LevelLimit":90,"WeaponName":null,"WeaponLevel":null,"WeaponLevelLimit":null,"AttackLevel":null,"AttackHasBonus":null,"SkillLevel":null,"SkillHasBonus":null,"BurstLevel":null,"BurstHasBonus":null}

[01:04:23.837] [INF] [Primary:S1:P7200:T1786553838115] BetterGenshinImpact.Core.Script.Dependence.Log
[完整覆盖 22/25] 准备读取“纳西妲”，预期筛选：草元素＋法器

[01:04:24.927] [DBG] [Primary:S1:P7200:T1786553838115] BetterGenshinImpact.Core.Recognition.ONNX.BgiOnnxFactory
[ONNX]创建推理会话，模型: "AvatarGridIcon"

[01:04:25.036] [INF] [Primary:S1:P7200:T1786553838115] BetterGenshinImpact.GameTask.CharacterDevelopment.CharacterDevelopmentStateMachineTask
角色养成识别：准备角色 "纳西妲"，元素筛选="草"，武器筛选="法器"

[01:04:25.036] [INF] [Primary:S1:P7200:T1786553838115] BetterGenshinImpact.GameTask.CharacterDevelopment.CharacterDevelopmentStateMachineTask
========== 状态机启动，目标状态："Completed" ==========

[01:04:25.095] [DBG] [Primary:S1:P7200:T1786553838115] BetterGenshinImpact.GameTask.CharacterDevelopment.CharacterDevelopmentStateMachineTask
状态机迭代 0，当前状态：MainUi

[01:04:25.983] [DBG] [Primary:S1:P7200:T1786553838115] BetterGenshinImpact.GameTask.CharacterDevelopment.CharacterDevelopmentStateMachineTask
状态转换成功：OpenCharacterList

[01:04:26.205] [DBG] [Primary:S1:P7200:T1786553838115] BetterGenshinImpact.GameTask.CharacterDevelopment.CharacterDevelopmentStateMachineTask
状态机迭代 1，当前状态：OpenCharacterList

[01:04:26.680] [DBG] [Primary:S1:P7200:T1786553838115] BetterGenshinImpact.GameTask.CharacterDevelopment.CharacterDevelopmentStateMachineTask
状态转换成功：OpenFilterPanel

[01:04:26.892] [DBG] [Primary:S1:P7200:T1786553838115] BetterGenshinImpact.GameTask.CharacterDevelopment.CharacterDevelopmentStateMachineTask
状态机迭代 2，当前状态：OpenFilterPanel

[01:04:27.393] [DBG] [Primary:S1:P7200:T1786553838115] BetterGenshinImpact.GameTask.CharacterDevelopment.CharacterDevelopmentStateMachineTask
状态转换成功：FilterPanel

[01:04:27.639] [DBG] [Primary:S1:P7200:T1786553838115] BetterGenshinImpact.GameTask.CharacterDevelopment.CharacterDevelopmentStateMachineTask
状态机迭代 3，当前状态：FilterPanel

[01:04:27.787] [DBG] [Primary:S1:P7200:T1786553838115] BetterGenshinImpact.GameTask.CharacterDevelopment.CharacterDevelopmentStateMachineTask
状态转换成功：SelectElementFilter

[01:04:28.288] [DBG] [Primary:S1:P7200:T1786553838115] BetterGenshinImpact.GameTask.CharacterDevelopment.CharacterDevelopmentStateMachineTask
状态机迭代 4，当前状态：SelectElementFilter

[01:04:30.212] [DBG] [Primary:S1:P7200:T1786553838115] BetterGenshinImpact.GameTask.CharacterDevelopment.CharacterDevelopmentStateMachineTask
状态转换成功：SelectWeaponFilter

[01:04:30.494] [DBG] [Primary:S1:P7200:T1786553838115] BetterGenshinImpact.GameTask.CharacterDevelopment.CharacterDevelopmentStateMachineTask
状态机迭代 5，当前状态：SelectWeaponFilter

[01:04:31.648] [DBG] [Primary:S1:P7200:T1786553838115] BetterGenshinImpact.GameTask.CharacterDevelopment.CharacterDevelopmentStateMachineTask
状态转换成功：ConfirmFilterPanel

[01:04:31.869] [DBG] [Primary:S1:P7200:T1786553838115] BetterGenshinImpact.GameTask.CharacterDevelopment.CharacterDevelopmentStateMachineTask
状态机迭代 6，当前状态：ConfirmFilterPanel

[01:04:32.587] [DBG] [Primary:S1:P7200:T1786553838115] BetterGenshinImpact.GameTask.CharacterDevelopment.CharacterDevelopmentStateMachineTask
状态转换成功：FindAndClickAvatar

[01:04:32.803] [DBG] [Primary:S1:P7200:T1786553838115] BetterGenshinImpact.GameTask.CharacterDevelopment.CharacterDevelopmentStateMachineTask
状态机迭代 7，当前状态：FindAndClickAvatar

[01:04:32.826] [DBG] [Primary:S1:P7200:T1786553838115] BetterGenshinImpact.GameTask.CharacterDevelopment.CharacterDevelopmentStateMachineTask
角色养成识别：白色底栏连通域 3 个，生成 1 个合法卡片，边界丢弃 0 个（第 1/3 次）

[01:04:32.832] [DBG] [Primary:S1:P7200:T1786553838115] BetterGenshinImpact.GameTask.CharacterDevelopment.CharacterDevelopmentStateMachineTask
角色养成识别：识别头像 "纳西妲"，元素="草"，score=0.990

[01:04:33.351] [DBG] [Primary:S1:P7200:T1786553838115] BetterGenshinImpact.GameTask.CharacterDevelopment.CharacterDevelopmentStateMachineTask
状态转换成功：SelectedCharacter

[01:04:33.564] [DBG] [Primary:S1:P7200:T1786553838115] BetterGenshinImpact.GameTask.CharacterDevelopment.CharacterDevelopmentStateMachineTask
状态机迭代 8，当前状态：SelectedCharacter

[01:04:33.896] [DBG] [Primary:S1:P7200:T1786553838115] BetterGenshinImpact.GameTask.CharacterDevelopment.CharacterDevelopmentStateMachineTask
状态转换成功：SwitchCategory

[01:04:34.109] [DBG] [Primary:S1:P7200:T1786553838115] BetterGenshinImpact.GameTask.CharacterDevelopment.CharacterDevelopmentStateMachineTask
状态机迭代 9，当前状态：SwitchCategory

[01:04:35.143] [DBG] [Primary:S1:P7200:T1786553838115] BetterGenshinImpact.GameTask.CharacterDevelopment.CharacterDevelopmentStateMachineTask
状态转换成功：ReadCategory

[01:04:35.393] [DBG] [Primary:S1:P7200:T1786553838115] BetterGenshinImpact.GameTask.CharacterDevelopment.CharacterDevelopmentStateMachineTask
状态机迭代 10，当前状态：ReadCategory

[01:04:36.167] [DBG] [Primary:S1:P7200:T1786553838115] BetterGenshinImpact.GameTask.CharacterDevelopment.CharacterDevelopmentStateMachineTask
状态转换成功：SwitchCategory

[01:04:36.377] [DBG] [Primary:S1:P7200:T1786553838115] BetterGenshinImpact.GameTask.CharacterDevelopment.CharacterDevelopmentStateMachineTask
状态机迭代 11，当前状态：SwitchCategory

[01:04:36.394] [DBG] [Primary:S1:P7200:T1786553838115] BetterGenshinImpact.GameTask.CharacterDevelopment.CharacterDevelopmentStateMachineTask
状态转换成功：ReturnMainUi

[01:04:36.617] [DBG] [Primary:S1:P7200:T1786553838115] BetterGenshinImpact.GameTask.CharacterDevelopment.CharacterDevelopmentStateMachineTask
状态机迭代 12，当前状态：ReturnMainUi

[01:04:37.730] [DBG] [Primary:S1:P7200:T1786553838115] BetterGenshinImpact.GameTask.CharacterDevelopment.CharacterDevelopmentStateMachineTask
状态转换成功：Completed

[01:04:38.041] [INF] [Primary:S1:P7200:T1786553838115] BetterGenshinImpact.GameTask.CharacterDevelopment.CharacterDevelopmentStateMachineTask
========== 状态机完成，到达目标状态：Completed ==========

[01:04:38.048] [INF] [Primary:S1:P7200:T1786553838115] BetterGenshinImpact.Core.Script.Dependence.Log
[完整覆盖 22/25] “纳西妲”读取成功

[01:04:38.049] [INF] [Primary:S1:P7200:T1786553838115] BetterGenshinImpact.Core.Script.Dependence.Log
[识别结果] {"CharacterName":"纳西妲","ElementType":"草","Level":90,"LevelLimit":90,"WeaponName":null,"WeaponLevel":null,"WeaponLevelLimit":null,"AttackLevel":null,"AttackHasBonus":null,"SkillLevel":null,"SkillHasBonus":null,"BurstLevel":null,"BurstHasBonus":null}

[01:04:38.049] [INF] [Primary:S1:P7200:T1786553838115] BetterGenshinImpact.Core.Script.Dependence.Log
[完整覆盖 23/25] 准备读取“雅珂达”，预期筛选：风元素＋弓

[01:04:39.120] [DBG] [Primary:S1:P7200:T1786553838115] BetterGenshinImpact.Core.Recognition.ONNX.BgiOnnxFactory
[ONNX]创建推理会话，模型: "AvatarGridIcon"

[01:04:39.231] [INF] [Primary:S1:P7200:T1786553838115] BetterGenshinImpact.GameTask.CharacterDevelopment.CharacterDevelopmentStateMachineTask
角色养成识别：准备角色 "雅珂达"，元素筛选="风"，武器筛选="弓"

[01:04:39.232] [INF] [Primary:S1:P7200:T1786553838115] BetterGenshinImpact.GameTask.CharacterDevelopment.CharacterDevelopmentStateMachineTask
========== 状态机启动，目标状态："Completed" ==========

[01:04:39.286] [DBG] [Primary:S1:P7200:T1786553838115] BetterGenshinImpact.GameTask.CharacterDevelopment.CharacterDevelopmentStateMachineTask
状态机迭代 0，当前状态：MainUi

[01:04:40.206] [DBG] [Primary:S1:P7200:T1786553838115] BetterGenshinImpact.GameTask.CharacterDevelopment.CharacterDevelopmentStateMachineTask
状态转换成功：OpenCharacterList

[01:04:40.422] [DBG] [Primary:S1:P7200:T1786553838115] BetterGenshinImpact.GameTask.CharacterDevelopment.CharacterDevelopmentStateMachineTask
状态机迭代 1，当前状态：OpenCharacterList

[01:04:40.890] [DBG] [Primary:S1:P7200:T1786553838115] BetterGenshinImpact.GameTask.CharacterDevelopment.CharacterDevelopmentStateMachineTask
状态转换成功：OpenFilterPanel

[01:04:41.106] [DBG] [Primary:S1:P7200:T1786553838115] BetterGenshinImpact.GameTask.CharacterDevelopment.CharacterDevelopmentStateMachineTask
状态机迭代 2，当前状态：OpenFilterPanel

[01:04:41.311] [DBG] [Primary:S1:P7200:T1786553838115] BetterGenshinImpact.GameTask.CharacterDevelopment.CharacterDevelopmentStateMachineTask
状态转换成功：FilterPanel

[01:04:41.565] [DBG] [Primary:S1:P7200:T1786553838115] BetterGenshinImpact.GameTask.CharacterDevelopment.CharacterDevelopmentStateMachineTask
状态机迭代 3，当前状态：FilterPanel

[01:04:41.716] [DBG] [Primary:S1:P7200:T1786553838115] BetterGenshinImpact.GameTask.CharacterDevelopment.CharacterDevelopmentStateMachineTask
状态转换成功：SelectElementFilter

[01:04:42.081] [DBG] [Primary:S1:P7200:T1786553838115] BetterGenshinImpact.GameTask.CharacterDevelopment.CharacterDevelopmentStateMachineTask
状态机迭代 4，当前状态：SelectElementFilter

[01:04:43.995] [DBG] [Primary:S1:P7200:T1786553838115] BetterGenshinImpact.GameTask.CharacterDevelopment.CharacterDevelopmentStateMachineTask
状态转换成功：SelectWeaponFilter

[01:04:44.256] [DBG] [Primary:S1:P7200:T1786553838115] BetterGenshinImpact.GameTask.CharacterDevelopment.CharacterDevelopmentStateMachineTask
状态机迭代 5，当前状态：SelectWeaponFilter

[01:04:45.276] [DBG] [Primary:S1:P7200:T1786553838115] BetterGenshinImpact.GameTask.CharacterDevelopment.CharacterDevelopmentStateMachineTask
状态转换成功：ConfirmFilterPanel

[01:04:45.496] [DBG] [Primary:S1:P7200:T1786553838115] BetterGenshinImpact.GameTask.CharacterDevelopment.CharacterDevelopmentStateMachineTask
状态机迭代 6，当前状态：ConfirmFilterPanel

[01:04:46.221] [DBG] [Primary:S1:P7200:T1786553838115] BetterGenshinImpact.GameTask.CharacterDevelopment.CharacterDevelopmentStateMachineTask
状态转换成功：FindAndClickAvatar

[01:04:46.439] [DBG] [Primary:S1:P7200:T1786553838115] BetterGenshinImpact.GameTask.CharacterDevelopment.CharacterDevelopmentStateMachineTask
状态机迭代 7，当前状态：FindAndClickAvatar

[01:04:46.456] [DBG] [Primary:S1:P7200:T1786553838115] BetterGenshinImpact.GameTask.CharacterDevelopment.CharacterDevelopmentStateMachineTask
角色养成识别：白色底栏连通域 15 个，生成 4 个合法卡片，边界丢弃 0 个（第 1/3 次）

[01:04:46.460] [DBG] [Primary:S1:P7200:T1786553838115] BetterGenshinImpact.GameTask.CharacterDevelopment.CharacterDevelopmentStateMachineTask
角色养成识别：识别头像 "雅珂达"，元素="风"，score=0.970

[01:04:46.986] [DBG] [Primary:S1:P7200:T1786553838115] BetterGenshinImpact.GameTask.CharacterDevelopment.CharacterDevelopmentStateMachineTask
状态转换成功：SelectedCharacter

[01:04:47.209] [DBG] [Primary:S1:P7200:T1786553838115] BetterGenshinImpact.GameTask.CharacterDevelopment.CharacterDevelopmentStateMachineTask
状态机迭代 8，当前状态：SelectedCharacter

[01:04:47.572] [DBG] [Primary:S1:P7200:T1786553838115] BetterGenshinImpact.GameTask.CharacterDevelopment.CharacterDevelopmentStateMachineTask
状态转换成功：SwitchCategory

[01:04:47.800] [DBG] [Primary:S1:P7200:T1786553838115] BetterGenshinImpact.GameTask.CharacterDevelopment.CharacterDevelopmentStateMachineTask
状态机迭代 9，当前状态：SwitchCategory

[01:04:48.908] [DBG] [Primary:S1:P7200:T1786553838115] BetterGenshinImpact.GameTask.CharacterDevelopment.CharacterDevelopmentStateMachineTask
状态转换成功：ReadCategory

[01:04:49.125] [DBG] [Primary:S1:P7200:T1786553838115] BetterGenshinImpact.GameTask.CharacterDevelopment.CharacterDevelopmentStateMachineTask
状态机迭代 10，当前状态：ReadCategory

[01:04:49.890] [DBG] [Primary:S1:P7200:T1786553838115] BetterGenshinImpact.GameTask.CharacterDevelopment.CharacterDevelopmentStateMachineTask
状态转换成功：SwitchCategory

[01:04:50.116] [DBG] [Primary:S1:P7200:T1786553838115] BetterGenshinImpact.GameTask.CharacterDevelopment.CharacterDevelopmentStateMachineTask
状态机迭代 11，当前状态：SwitchCategory

[01:04:50.128] [DBG] [Primary:S1:P7200:T1786553838115] BetterGenshinImpact.GameTask.CharacterDevelopment.CharacterDevelopmentStateMachineTask
状态转换成功：ReturnMainUi

[01:04:50.352] [DBG] [Primary:S1:P7200:T1786553838115] BetterGenshinImpact.GameTask.CharacterDevelopment.CharacterDevelopmentStateMachineTask
状态机迭代 12，当前状态：ReturnMainUi

[01:04:51.464] [DBG] [Primary:S1:P7200:T1786553838115] BetterGenshinImpact.GameTask.CharacterDevelopment.CharacterDevelopmentStateMachineTask
状态转换成功：Completed

[01:04:51.761] [INF] [Primary:S1:P7200:T1786553838115] BetterGenshinImpact.GameTask.CharacterDevelopment.CharacterDevelopmentStateMachineTask
========== 状态机完成，到达目标状态：Completed ==========

[01:04:51.768] [INF] [Primary:S1:P7200:T1786553838115] BetterGenshinImpact.Core.Script.Dependence.Log
[完整覆盖 23/25] “雅珂达”读取成功

[01:04:51.769] [INF] [Primary:S1:P7200:T1786553838115] BetterGenshinImpact.Core.Script.Dependence.Log
[识别结果] {"CharacterName":"雅珂达","ElementType":"风","Level":60,"LevelLimit":60,"WeaponName":null,"WeaponLevel":null,"WeaponLevelLimit":null,"AttackLevel":null,"AttackHasBonus":null,"SkillLevel":null,"SkillHasBonus":null,"BurstLevel":null,"BurstHasBonus":null}

[01:04:51.769] [INF] [Primary:S1:P7200:T1786553838115] BetterGenshinImpact.Core.Script.Dependence.Log
[完整覆盖 24/25] 准备读取“赛索斯”，预期筛选：雷元素＋弓

[01:04:52.838] [DBG] [Primary:S1:P7200:T1786553838115] BetterGenshinImpact.Core.Recognition.ONNX.BgiOnnxFactory
[ONNX]创建推理会话，模型: "AvatarGridIcon"

[01:04:52.946] [INF] [Primary:S1:P7200:T1786553838115] BetterGenshinImpact.GameTask.CharacterDevelopment.CharacterDevelopmentStateMachineTask
角色养成识别：准备角色 "赛索斯"，元素筛选="雷"，武器筛选="弓"

[01:04:52.947] [INF] [Primary:S1:P7200:T1786553838115] BetterGenshinImpact.GameTask.CharacterDevelopment.CharacterDevelopmentStateMachineTask
========== 状态机启动，目标状态："Completed" ==========

[01:04:53.001] [DBG] [Primary:S1:P7200:T1786553838115] BetterGenshinImpact.GameTask.CharacterDevelopment.CharacterDevelopmentStateMachineTask
状态机迭代 0，当前状态：MainUi

[01:04:53.880] [DBG] [Primary:S1:P7200:T1786553838115] BetterGenshinImpact.GameTask.CharacterDevelopment.CharacterDevelopmentStateMachineTask
状态转换成功：OpenCharacterList

[01:04:54.106] [DBG] [Primary:S1:P7200:T1786553838115] BetterGenshinImpact.GameTask.CharacterDevelopment.CharacterDevelopmentStateMachineTask
状态机迭代 1，当前状态：OpenCharacterList

[01:04:54.582] [DBG] [Primary:S1:P7200:T1786553838115] BetterGenshinImpact.GameTask.CharacterDevelopment.CharacterDevelopmentStateMachineTask
状态转换成功：OpenFilterPanel

[01:04:54.793] [DBG] [Primary:S1:P7200:T1786553838115] BetterGenshinImpact.GameTask.CharacterDevelopment.CharacterDevelopmentStateMachineTask
状态机迭代 2，当前状态：OpenFilterPanel

[01:04:55.006] [DBG] [Primary:S1:P7200:T1786553838115] BetterGenshinImpact.GameTask.CharacterDevelopment.CharacterDevelopmentStateMachineTask
状态转换成功：FilterPanel

[01:04:55.255] [DBG] [Primary:S1:P7200:T1786553838115] BetterGenshinImpact.GameTask.CharacterDevelopment.CharacterDevelopmentStateMachineTask
状态机迭代 3，当前状态：FilterPanel

[01:04:55.425] [DBG] [Primary:S1:P7200:T1786553838115] BetterGenshinImpact.GameTask.CharacterDevelopment.CharacterDevelopmentStateMachineTask
状态转换成功：SelectElementFilter

[01:04:55.815] [DBG] [Primary:S1:P7200:T1786553838115] BetterGenshinImpact.GameTask.CharacterDevelopment.CharacterDevelopmentStateMachineTask
状态机迭代 4，当前状态：SelectElementFilter

[01:04:57.578] [DBG] [Primary:S1:P7200:T1786553838115] BetterGenshinImpact.GameTask.CharacterDevelopment.CharacterDevelopmentStateMachineTask
状态转换成功：SelectWeaponFilter

[01:04:57.827] [DBG] [Primary:S1:P7200:T1786553838115] BetterGenshinImpact.GameTask.CharacterDevelopment.CharacterDevelopmentStateMachineTask
状态机迭代 5，当前状态：SelectWeaponFilter

[01:04:58.911] [DBG] [Primary:S1:P7200:T1786553838115] BetterGenshinImpact.GameTask.CharacterDevelopment.CharacterDevelopmentStateMachineTask
状态转换成功：ConfirmFilterPanel

[01:04:59.142] [DBG] [Primary:S1:P7200:T1786553838115] BetterGenshinImpact.GameTask.CharacterDevelopment.CharacterDevelopmentStateMachineTask
状态机迭代 6，当前状态：ConfirmFilterPanel

[01:04:59.853] [DBG] [Primary:S1:P7200:T1786553838115] BetterGenshinImpact.GameTask.CharacterDevelopment.CharacterDevelopmentStateMachineTask
状态转换成功：FindAndClickAvatar

[01:05:00.070] [DBG] [Primary:S1:P7200:T1786553838115] BetterGenshinImpact.GameTask.CharacterDevelopment.CharacterDevelopmentStateMachineTask
状态机迭代 7，当前状态：FindAndClickAvatar

[01:05:00.079] [DBG] [Primary:S1:P7200:T1786553838115] BetterGenshinImpact.GameTask.CharacterDevelopment.CharacterDevelopmentStateMachineTask
角色养成识别：白色底栏连通域 8 个，生成 4 个合法卡片，边界丢弃 0 个（第 1/3 次）

[01:05:00.086] [DBG] [Primary:S1:P7200:T1786553838115] BetterGenshinImpact.GameTask.CharacterDevelopment.CharacterDevelopmentStateMachineTask
角色养成识别：识别头像 "菲谢尔"，元素="雷"，score=0.976

[01:05:00.091] [DBG] [Primary:S1:P7200:T1786553838115] BetterGenshinImpact.GameTask.CharacterDevelopment.CharacterDevelopmentStateMachineTask
角色养成识别：识别头像 "欧洛伦"，元素="雷"，score=0.988

[01:05:00.106] [DBG] [Primary:S1:P7200:T1786553838115] BetterGenshinImpact.GameTask.CharacterDevelopment.CharacterDevelopmentStateMachineTask
角色养成识别：识别头像 "赛索斯"，元素="雷"，score=0.984

[01:05:00.606] [DBG] [Primary:S1:P7200:T1786553838115] BetterGenshinImpact.GameTask.CharacterDevelopment.CharacterDevelopmentStateMachineTask
状态转换成功：SelectedCharacter

[01:05:00.829] [DBG] [Primary:S1:P7200:T1786553838115] BetterGenshinImpact.GameTask.CharacterDevelopment.CharacterDevelopmentStateMachineTask
状态机迭代 8，当前状态：SelectedCharacter

[01:05:01.169] [DBG] [Primary:S1:P7200:T1786553838115] BetterGenshinImpact.GameTask.CharacterDevelopment.CharacterDevelopmentStateMachineTask
状态转换成功：SwitchCategory

[01:05:01.382] [DBG] [Primary:S1:P7200:T1786553838115] BetterGenshinImpact.GameTask.CharacterDevelopment.CharacterDevelopmentStateMachineTask
状态机迭代 9，当前状态：SwitchCategory

[01:05:02.360] [DBG] [Primary:S1:P7200:T1786553838115] BetterGenshinImpact.GameTask.CharacterDevelopment.CharacterDevelopmentStateMachineTask
状态转换成功：ReadCategory

[01:05:02.576] [DBG] [Primary:S1:P7200:T1786553838115] BetterGenshinImpact.GameTask.CharacterDevelopment.CharacterDevelopmentStateMachineTask
状态机迭代 10，当前状态：ReadCategory

[01:05:03.264] [DBG] [Primary:S1:P7200:T1786553838115] BetterGenshinImpact.GameTask.CharacterDevelopment.CharacterDevelopmentStateMachineTask
状态转换成功：SwitchCategory

[01:05:03.491] [DBG] [Primary:S1:P7200:T1786553838115] BetterGenshinImpact.GameTask.CharacterDevelopment.CharacterDevelopmentStateMachineTask
状态机迭代 11，当前状态：SwitchCategory

[01:05:03.500] [DBG] [Primary:S1:P7200:T1786553838115] BetterGenshinImpact.GameTask.CharacterDevelopment.CharacterDevelopmentStateMachineTask
状态转换成功：ReturnMainUi

[01:05:03.720] [DBG] [Primary:S1:P7200:T1786553838115] BetterGenshinImpact.GameTask.CharacterDevelopment.CharacterDevelopmentStateMachineTask
状态机迭代 12，当前状态：ReturnMainUi

[01:05:04.845] [DBG] [Primary:S1:P7200:T1786553838115] BetterGenshinImpact.GameTask.CharacterDevelopment.CharacterDevelopmentStateMachineTask
状态转换成功：Completed

[01:05:05.150] [INF] [Primary:S1:P7200:T1786553838115] BetterGenshinImpact.GameTask.CharacterDevelopment.CharacterDevelopmentStateMachineTask
========== 状态机完成，到达目标状态：Completed ==========

[01:05:05.159] [INF] [Primary:S1:P7200:T1786553838115] BetterGenshinImpact.Core.Script.Dependence.Log
[完整覆盖 24/25] “赛索斯”读取成功

[01:05:05.160] [INF] [Primary:S1:P7200:T1786553838115] BetterGenshinImpact.Core.Script.Dependence.Log
[识别结果] {"CharacterName":"赛索斯","ElementType":"雷","Level":80,"LevelLimit":80,"WeaponName":null,"WeaponLevel":null,"WeaponLevelLimit":null,"AttackLevel":null,"AttackHasBonus":null,"SkillLevel":null,"SkillHasBonus":null,"BurstLevel":null,"BurstHasBonus":null}

[01:05:05.160] [INF] [Primary:S1:P7200:T1786553838115] BetterGenshinImpact.Core.Script.Dependence.Log
[完整覆盖 25/25] 准备读取“提纳里”，预期筛选：草元素＋弓

[01:05:06.222] [DBG] [Primary:S1:P7200:T1786553838115] BetterGenshinImpact.Core.Recognition.ONNX.BgiOnnxFactory
[ONNX]创建推理会话，模型: "AvatarGridIcon"

[01:05:06.327] [INF] [Primary:S1:P7200:T1786553838115] BetterGenshinImpact.GameTask.CharacterDevelopment.CharacterDevelopmentStateMachineTask
角色养成识别：准备角色 "提纳里"，元素筛选="草"，武器筛选="弓"

[01:05:06.327] [INF] [Primary:S1:P7200:T1786553838115] BetterGenshinImpact.GameTask.CharacterDevelopment.CharacterDevelopmentStateMachineTask
========== 状态机启动，目标状态："Completed" ==========

[01:05:06.376] [DBG] [Primary:S1:P7200:T1786553838115] BetterGenshinImpact.GameTask.CharacterDevelopment.CharacterDevelopmentStateMachineTask
状态机迭代 0，当前状态：MainUi

[01:05:07.307] [DBG] [Primary:S1:P7200:T1786553838115] BetterGenshinImpact.GameTask.CharacterDevelopment.CharacterDevelopmentStateMachineTask
状态转换成功：OpenCharacterList

[01:05:07.519] [DBG] [Primary:S1:P7200:T1786553838115] BetterGenshinImpact.GameTask.CharacterDevelopment.CharacterDevelopmentStateMachineTask
状态机迭代 1，当前状态：OpenCharacterList

[01:05:08.005] [DBG] [Primary:S1:P7200:T1786553838115] BetterGenshinImpact.GameTask.CharacterDevelopment.CharacterDevelopmentStateMachineTask
状态转换成功：OpenFilterPanel

[01:05:08.229] [DBG] [Primary:S1:P7200:T1786553838115] BetterGenshinImpact.GameTask.CharacterDevelopment.CharacterDevelopmentStateMachineTask
状态机迭代 2，当前状态：OpenFilterPanel

[01:05:08.411] [DBG] [Primary:S1:P7200:T1786553838115] BetterGenshinImpact.GameTask.CharacterDevelopment.CharacterDevelopmentStateMachineTask
状态转换成功：FilterPanel

[01:05:08.671] [DBG] [Primary:S1:P7200:T1786553838115] BetterGenshinImpact.GameTask.CharacterDevelopment.CharacterDevelopmentStateMachineTask
状态机迭代 3，当前状态：FilterPanel

[01:05:08.840] [DBG] [Primary:S1:P7200:T1786553838115] BetterGenshinImpact.GameTask.CharacterDevelopment.CharacterDevelopmentStateMachineTask
状态转换成功：SelectElementFilter

[01:05:09.241] [DBG] [Primary:S1:P7200:T1786553838115] BetterGenshinImpact.GameTask.CharacterDevelopment.CharacterDevelopmentStateMachineTask
状态机迭代 4，当前状态：SelectElementFilter

[01:05:11.119] [DBG] [Primary:S1:P7200:T1786553838115] BetterGenshinImpact.GameTask.CharacterDevelopment.CharacterDevelopmentStateMachineTask
状态转换成功：SelectWeaponFilter

[01:05:11.371] [DBG] [Primary:S1:P7200:T1786553838115] BetterGenshinImpact.GameTask.CharacterDevelopment.CharacterDevelopmentStateMachineTask
状态机迭代 5，当前状态：SelectWeaponFilter

[01:05:12.443] [DBG] [Primary:S1:P7200:T1786553838115] BetterGenshinImpact.GameTask.CharacterDevelopment.CharacterDevelopmentStateMachineTask
状态转换成功：ConfirmFilterPanel

[01:05:12.674] [DBG] [Primary:S1:P7200:T1786553838115] BetterGenshinImpact.GameTask.CharacterDevelopment.CharacterDevelopmentStateMachineTask
状态机迭代 6，当前状态：ConfirmFilterPanel

[01:05:13.413] [DBG] [Primary:S1:P7200:T1786553838115] BetterGenshinImpact.GameTask.CharacterDevelopment.CharacterDevelopmentStateMachineTask
状态转换成功：FindAndClickAvatar

[01:05:13.627] [DBG] [Primary:S1:P7200:T1786553838115] BetterGenshinImpact.GameTask.CharacterDevelopment.CharacterDevelopmentStateMachineTask
状态机迭代 7，当前状态：FindAndClickAvatar

[01:05:13.636] [DBG] [Primary:S1:P7200:T1786553838115] BetterGenshinImpact.GameTask.CharacterDevelopment.CharacterDevelopmentStateMachineTask
角色养成识别：白色底栏连通域 5 个，生成 2 个合法卡片，边界丢弃 0 个（第 1/3 次）

[01:05:13.640] [DBG] [Primary:S1:P7200:T1786553838115] BetterGenshinImpact.GameTask.CharacterDevelopment.CharacterDevelopmentStateMachineTask
角色养成识别：识别头像 "提纳里"，元素="草"，score=0.982

[01:05:14.210] [DBG] [Primary:S1:P7200:T1786553838115] BetterGenshinImpact.GameTask.CharacterDevelopment.CharacterDevelopmentStateMachineTask
状态转换成功：SelectedCharacter

[01:05:14.435] [DBG] [Primary:S1:P7200:T1786553838115] BetterGenshinImpact.GameTask.CharacterDevelopment.CharacterDevelopmentStateMachineTask
状态机迭代 8，当前状态：SelectedCharacter

[01:05:14.793] [DBG] [Primary:S1:P7200:T1786553838115] BetterGenshinImpact.GameTask.CharacterDevelopment.CharacterDevelopmentStateMachineTask
状态转换成功：SwitchCategory

[01:05:15.050] [DBG] [Primary:S1:P7200:T1786553838115] BetterGenshinImpact.GameTask.CharacterDevelopment.CharacterDevelopmentStateMachineTask
状态机迭代 9，当前状态：SwitchCategory

[01:05:16.072] [DBG] [Primary:S1:P7200:T1786553838115] BetterGenshinImpact.GameTask.CharacterDevelopment.CharacterDevelopmentStateMachineTask
状态转换成功：ReadCategory

[01:05:16.292] [DBG] [Primary:S1:P7200:T1786553838115] BetterGenshinImpact.GameTask.CharacterDevelopment.CharacterDevelopmentStateMachineTask
状态机迭代 10，当前状态：ReadCategory

[01:05:17.031] [DBG] [Primary:S1:P7200:T1786553838115] BetterGenshinImpact.GameTask.CharacterDevelopment.CharacterDevelopmentStateMachineTask
状态转换成功：SwitchCategory

[01:05:17.241] [DBG] [Primary:S1:P7200:T1786553838115] BetterGenshinImpact.GameTask.CharacterDevelopment.CharacterDevelopmentStateMachineTask
状态机迭代 11，当前状态：SwitchCategory

[01:05:17.261] [DBG] [Primary:S1:P7200:T1786553838115] BetterGenshinImpact.GameTask.CharacterDevelopment.CharacterDevelopmentStateMachineTask
状态转换成功：ReturnMainUi

[01:05:17.474] [DBG] [Primary:S1:P7200:T1786553838115] BetterGenshinImpact.GameTask.CharacterDevelopment.CharacterDevelopmentStateMachineTask
状态机迭代 12，当前状态：ReturnMainUi

[01:05:18.589] [DBG] [Primary:S1:P7200:T1786553838115] BetterGenshinImpact.GameTask.CharacterDevelopment.CharacterDevelopmentStateMachineTask
状态转换成功：Completed

[01:05:18.875] [INF] [Primary:S1:P7200:T1786553838115] BetterGenshinImpact.GameTask.CharacterDevelopment.CharacterDevelopmentStateMachineTask
========== 状态机完成，到达目标状态：Completed ==========

[01:05:18.882] [INF] [Primary:S1:P7200:T1786553838115] BetterGenshinImpact.Core.Script.Dependence.Log
[完整覆盖 25/25] “提纳里”读取成功

[01:05:18.883] [INF] [Primary:S1:P7200:T1786553838115] BetterGenshinImpact.Core.Script.Dependence.Log
[识别结果] {"CharacterName":"提纳里","ElementType":"草","Level":80,"LevelLimit":80,"WeaponName":null,"WeaponLevel":null,"WeaponLevelLimit":null,"AttackLevel":null,"AttackHasBonus":null,"SkillLevel":null,"SkillHasBonus":null,"BurstLevel":null,"BurstHasBonus":null}

[01:05:18.884] [INF] [Primary:S1:P7200:T1786553838115] BetterGenshinImpact.Core.Script.Dependence.Log
========== 重点样本重复测试开始 ==========

[01:05:18.884] [INF] [Primary:S1:P7200:T1786553838115] BetterGenshinImpact.Core.Script.Dependence.Log
[重复测试 1/11] 准备读取“七七”，预期筛选：冰元素＋单手剑

[01:05:19.960] [DBG] [Primary:S1:P7200:T1786553838115] BetterGenshinImpact.Core.Recognition.ONNX.BgiOnnxFactory
[ONNX]创建推理会话，模型: "AvatarGridIcon"

[01:05:20.056] [INF] [Primary:S1:P7200:T1786553838115] BetterGenshinImpact.GameTask.CharacterDevelopment.CharacterDevelopmentStateMachineTask
角色养成识别：准备角色 "七七"，元素筛选="冰"，武器筛选="单手剑"

[01:05:20.057] [INF] [Primary:S1:P7200:T1786553838115] BetterGenshinImpact.GameTask.CharacterDevelopment.CharacterDevelopmentStateMachineTask
========== 状态机启动，目标状态："Completed" ==========

[01:05:20.099] [DBG] [Primary:S1:P7200:T1786553838115] BetterGenshinImpact.GameTask.CharacterDevelopment.CharacterDevelopmentStateMachineTask
状态机迭代 0，当前状态：MainUi

[01:05:20.995] [DBG] [Primary:S1:P7200:T1786553838115] BetterGenshinImpact.GameTask.CharacterDevelopment.CharacterDevelopmentStateMachineTask
状态转换成功：OpenCharacterList

[01:05:21.269] [DBG] [Primary:S1:P7200:T1786553838115] BetterGenshinImpact.GameTask.CharacterDevelopment.CharacterDevelopmentStateMachineTask
状态机迭代 1，当前状态：OpenCharacterList

[01:05:21.753] [DBG] [Primary:S1:P7200:T1786553838115] BetterGenshinImpact.GameTask.CharacterDevelopment.CharacterDevelopmentStateMachineTask
状态转换成功：OpenFilterPanel

[01:05:21.967] [DBG] [Primary:S1:P7200:T1786553838115] BetterGenshinImpact.GameTask.CharacterDevelopment.CharacterDevelopmentStateMachineTask
状态机迭代 2，当前状态：OpenFilterPanel

[01:05:22.204] [DBG] [Primary:S1:P7200:T1786553838115] BetterGenshinImpact.GameTask.CharacterDevelopment.CharacterDevelopmentStateMachineTask
状态转换成功：FilterPanel

[01:05:22.460] [DBG] [Primary:S1:P7200:T1786553838115] BetterGenshinImpact.GameTask.CharacterDevelopment.CharacterDevelopmentStateMachineTask
状态机迭代 3，当前状态：FilterPanel

[01:05:22.604] [DBG] [Primary:S1:P7200:T1786553838115] BetterGenshinImpact.GameTask.CharacterDevelopment.CharacterDevelopmentStateMachineTask
状态转换成功：SelectElementFilter

[01:05:23.038] [DBG] [Primary:S1:P7200:T1786553838115] BetterGenshinImpact.GameTask.CharacterDevelopment.CharacterDevelopmentStateMachineTask
状态机迭代 4，当前状态：SelectElementFilter

[01:05:24.999] [DBG] [Primary:S1:P7200:T1786553838115] BetterGenshinImpact.GameTask.CharacterDevelopment.CharacterDevelopmentStateMachineTask
状态转换成功：SelectWeaponFilter

[01:05:25.262] [DBG] [Primary:S1:P7200:T1786553838115] BetterGenshinImpact.GameTask.CharacterDevelopment.CharacterDevelopmentStateMachineTask
状态机迭代 5，当前状态：SelectWeaponFilter

[01:05:26.247] [DBG] [Primary:S1:P7200:T1786553838115] BetterGenshinImpact.GameTask.CharacterDevelopment.CharacterDevelopmentStateMachineTask
状态转换成功：ConfirmFilterPanel

[01:05:26.470] [DBG] [Primary:S1:P7200:T1786553838115] BetterGenshinImpact.GameTask.CharacterDevelopment.CharacterDevelopmentStateMachineTask
状态机迭代 6，当前状态：ConfirmFilterPanel

[01:05:27.172] [DBG] [Primary:S1:P7200:T1786553838115] BetterGenshinImpact.GameTask.CharacterDevelopment.CharacterDevelopmentStateMachineTask
状态转换成功：FindAndClickAvatar

[01:05:27.391] [DBG] [Primary:S1:P7200:T1786553838115] BetterGenshinImpact.GameTask.CharacterDevelopment.CharacterDevelopmentStateMachineTask
状态机迭代 7，当前状态：FindAndClickAvatar

[01:05:27.428] [DBG] [Primary:S1:P7200:T1786553838115] BetterGenshinImpact.GameTask.CharacterDevelopment.CharacterDevelopmentStateMachineTask
角色养成识别：白色底栏连通域 15 个，生成 5 个合法卡片，边界丢弃 0 个（第 1/3 次）

[01:05:27.433] [DBG] [Primary:S1:P7200:T1786553838115] BetterGenshinImpact.GameTask.CharacterDevelopment.CharacterDevelopmentStateMachineTask
角色养成识别：识别头像 "丝柯克"，元素="冰"，score=0.984

[01:05:27.439] [DBG] [Primary:S1:P7200:T1786553838115] BetterGenshinImpact.GameTask.CharacterDevelopment.CharacterDevelopmentStateMachineTask
角色养成识别：识别头像 "神里绫华"，元素="冰"，score=0.982

[01:05:27.452] [DBG] [Primary:S1:P7200:T1786553838115] BetterGenshinImpact.GameTask.CharacterDevelopment.CharacterDevelopmentStateMachineTask
角色养成识别：识别头像 "七七"，元素="冰"，score=0.987

[01:05:27.922] [DBG] [Primary:S1:P7200:T1786553838115] BetterGenshinImpact.GameTask.CharacterDevelopment.CharacterDevelopmentStateMachineTask
状态转换成功：SelectedCharacter

[01:05:28.148] [DBG] [Primary:S1:P7200:T1786553838115] BetterGenshinImpact.GameTask.CharacterDevelopment.CharacterDevelopmentStateMachineTask
状态机迭代 8，当前状态：SelectedCharacter

[01:05:28.499] [DBG] [Primary:S1:P7200:T1786553838115] BetterGenshinImpact.GameTask.CharacterDevelopment.CharacterDevelopmentStateMachineTask
状态转换成功：SwitchCategory

[01:05:28.727] [DBG] [Primary:S1:P7200:T1786553838115] BetterGenshinImpact.GameTask.CharacterDevelopment.CharacterDevelopmentStateMachineTask
状态机迭代 9，当前状态：SwitchCategory

[01:05:29.725] [DBG] [Primary:S1:P7200:T1786553838115] BetterGenshinImpact.GameTask.CharacterDevelopment.CharacterDevelopmentStateMachineTask
状态转换成功：ReadCategory

[01:05:29.951] [DBG] [Primary:S1:P7200:T1786553838115] BetterGenshinImpact.GameTask.CharacterDevelopment.CharacterDevelopmentStateMachineTask
状态机迭代 10，当前状态：ReadCategory

[01:05:30.689] [DBG] [Primary:S1:P7200:T1786553838115] BetterGenshinImpact.GameTask.CharacterDevelopment.CharacterDevelopmentStateMachineTask
状态转换成功：SwitchCategory

[01:05:30.908] [DBG] [Primary:S1:P7200:T1786553838115] BetterGenshinImpact.GameTask.CharacterDevelopment.CharacterDevelopmentStateMachineTask
状态机迭代 11，当前状态：SwitchCategory

[01:05:30.916] [DBG] [Primary:S1:P7200:T1786553838115] BetterGenshinImpact.GameTask.CharacterDevelopment.CharacterDevelopmentStateMachineTask
状态转换成功：ReturnMainUi

[01:05:31.139] [DBG] [Primary:S1:P7200:T1786553838115] BetterGenshinImpact.GameTask.CharacterDevelopment.CharacterDevelopmentStateMachineTask
状态机迭代 12，当前状态：ReturnMainUi

[01:05:32.251] [DBG] [Primary:S1:P7200:T1786553838115] BetterGenshinImpact.GameTask.CharacterDevelopment.CharacterDevelopmentStateMachineTask
状态转换成功：Completed

[01:05:32.540] [INF] [Primary:S1:P7200:T1786553838115] BetterGenshinImpact.GameTask.CharacterDevelopment.CharacterDevelopmentStateMachineTask
========== 状态机完成，到达目标状态：Completed ==========

[01:05:32.547] [INF] [Primary:S1:P7200:T1786553838115] BetterGenshinImpact.Core.Script.Dependence.Log
[重复测试 1/11] “七七”读取成功

[01:05:32.547] [INF] [Primary:S1:P7200:T1786553838115] BetterGenshinImpact.Core.Script.Dependence.Log
[识别结果] {"CharacterName":"七七","ElementType":"冰","Level":80,"LevelLimit":80,"WeaponName":null,"WeaponLevel":null,"WeaponLevelLimit":null,"AttackLevel":null,"AttackHasBonus":null,"SkillLevel":null,"SkillHasBonus":null,"BurstLevel":null,"BurstHasBonus":null}

[01:05:32.547] [INF] [Primary:S1:P7200:T1786553838115] BetterGenshinImpact.Core.Script.Dependence.Log
[重复测试 2/11] 准备读取“凯亚”，预期筛选：冰元素＋单手剑

[01:05:33.614] [DBG] [Primary:S1:P7200:T1786553838115] BetterGenshinImpact.Core.Recognition.ONNX.BgiOnnxFactory
[ONNX]创建推理会话，模型: "AvatarGridIcon"

[01:05:33.717] [INF] [Primary:S1:P7200:T1786553838115] BetterGenshinImpact.GameTask.CharacterDevelopment.CharacterDevelopmentStateMachineTask
角色养成识别：准备角色 "凯亚"，元素筛选="冰"，武器筛选="单手剑"

[01:05:33.717] [INF] [Primary:S1:P7200:T1786553838115] BetterGenshinImpact.GameTask.CharacterDevelopment.CharacterDevelopmentStateMachineTask
========== 状态机启动，目标状态："Completed" ==========

[01:05:33.784] [DBG] [Primary:S1:P7200:T1786553838115] BetterGenshinImpact.GameTask.CharacterDevelopment.CharacterDevelopmentStateMachineTask
状态机迭代 0，当前状态：MainUi

[01:05:34.697] [DBG] [Primary:S1:P7200:T1786553838115] BetterGenshinImpact.GameTask.CharacterDevelopment.CharacterDevelopmentStateMachineTask
状态转换成功：OpenCharacterList

[01:05:34.916] [DBG] [Primary:S1:P7200:T1786553838115] BetterGenshinImpact.GameTask.CharacterDevelopment.CharacterDevelopmentStateMachineTask
状态机迭代 1，当前状态：OpenCharacterList

[01:05:35.388] [DBG] [Primary:S1:P7200:T1786553838115] BetterGenshinImpact.GameTask.CharacterDevelopment.CharacterDevelopmentStateMachineTask
状态转换成功：OpenFilterPanel

[01:05:35.603] [DBG] [Primary:S1:P7200:T1786553838115] BetterGenshinImpact.GameTask.CharacterDevelopment.CharacterDevelopmentStateMachineTask
状态机迭代 2，当前状态：OpenFilterPanel

[01:05:36.119] [DBG] [Primary:S1:P7200:T1786553838115] BetterGenshinImpact.GameTask.CharacterDevelopment.CharacterDevelopmentStateMachineTask
状态转换成功：FilterPanel

[01:05:36.367] [DBG] [Primary:S1:P7200:T1786553838115] BetterGenshinImpact.GameTask.CharacterDevelopment.CharacterDevelopmentStateMachineTask
状态机迭代 3，当前状态：FilterPanel

[01:05:36.543] [DBG] [Primary:S1:P7200:T1786553838115] BetterGenshinImpact.GameTask.CharacterDevelopment.CharacterDevelopmentStateMachineTask
状态转换成功：SelectElementFilter

[01:05:36.972] [DBG] [Primary:S1:P7200:T1786553838115] BetterGenshinImpact.GameTask.CharacterDevelopment.CharacterDevelopmentStateMachineTask
状态机迭代 4，当前状态：SelectElementFilter

[01:05:38.876] [DBG] [Primary:S1:P7200:T1786553838115] BetterGenshinImpact.GameTask.CharacterDevelopment.CharacterDevelopmentStateMachineTask
状态转换成功：SelectWeaponFilter

[01:05:39.122] [DBG] [Primary:S1:P7200:T1786553838115] BetterGenshinImpact.GameTask.CharacterDevelopment.CharacterDevelopmentStateMachineTask
状态机迭代 5，当前状态：SelectWeaponFilter

[01:05:40.239] [DBG] [Primary:S1:P7200:T1786553838115] BetterGenshinImpact.GameTask.CharacterDevelopment.CharacterDevelopmentStateMachineTask
状态转换成功：ConfirmFilterPanel

[01:05:40.466] [DBG] [Primary:S1:P7200:T1786553838115] BetterGenshinImpact.GameTask.CharacterDevelopment.CharacterDevelopmentStateMachineTask
状态机迭代 6，当前状态：ConfirmFilterPanel

[01:05:41.163] [DBG] [Primary:S1:P7200:T1786553838115] BetterGenshinImpact.GameTask.CharacterDevelopment.CharacterDevelopmentStateMachineTask
状态转换成功：FindAndClickAvatar

[01:05:41.380] [DBG] [Primary:S1:P7200:T1786553838115] BetterGenshinImpact.GameTask.CharacterDevelopment.CharacterDevelopmentStateMachineTask
状态机迭代 7，当前状态：FindAndClickAvatar

[01:05:41.391] [DBG] [Primary:S1:P7200:T1786553838115] BetterGenshinImpact.GameTask.CharacterDevelopment.CharacterDevelopmentStateMachineTask
角色养成识别：白色底栏连通域 15 个，生成 5 个合法卡片，边界丢弃 0 个（第 1/3 次）

[01:05:41.398] [DBG] [Primary:S1:P7200:T1786553838115] BetterGenshinImpact.GameTask.CharacterDevelopment.CharacterDevelopmentStateMachineTask
角色养成识别：识别头像 "丝柯克"，元素="冰"，score=0.984

[01:05:41.405] [DBG] [Primary:S1:P7200:T1786553838115] BetterGenshinImpact.GameTask.CharacterDevelopment.CharacterDevelopmentStateMachineTask
角色养成识别：识别头像 "神里绫华"，元素="冰"，score=0.982

[01:05:41.421] [DBG] [Primary:S1:P7200:T1786553838115] BetterGenshinImpact.GameTask.CharacterDevelopment.CharacterDevelopmentStateMachineTask
角色养成识别：识别头像 "七七"，元素="冰"，score=0.987

[01:05:41.426] [DBG] [Primary:S1:P7200:T1786553838115] BetterGenshinImpact.GameTask.CharacterDevelopment.CharacterDevelopmentStateMachineTask
角色养成识别：识别头像 "莱依拉"，元素="冰"，score=0.981

[01:05:41.432] [DBG] [Primary:S1:P7200:T1786553838115] BetterGenshinImpact.GameTask.CharacterDevelopment.CharacterDevelopmentStateMachineTask
角色养成识别：识别头像 "凯亚"，元素="冰"，score=0.969

[01:05:41.933] [DBG] [Primary:S1:P7200:T1786553838115] BetterGenshinImpact.GameTask.CharacterDevelopment.CharacterDevelopmentStateMachineTask
状态转换成功：SelectedCharacter

[01:05:42.176] [DBG] [Primary:S1:P7200:T1786553838115] BetterGenshinImpact.GameTask.CharacterDevelopment.CharacterDevelopmentStateMachineTask
状态机迭代 8，当前状态：SelectedCharacter

[01:05:42.509] [DBG] [Primary:S1:P7200:T1786553838115] BetterGenshinImpact.GameTask.CharacterDevelopment.CharacterDevelopmentStateMachineTask
状态转换成功：SwitchCategory

[01:05:42.722] [DBG] [Primary:S1:P7200:T1786553838115] BetterGenshinImpact.GameTask.CharacterDevelopment.CharacterDevelopmentStateMachineTask
状态机迭代 9，当前状态：SwitchCategory

[01:05:43.717] [DBG] [Primary:S1:P7200:T1786553838115] BetterGenshinImpact.GameTask.CharacterDevelopment.CharacterDevelopmentStateMachineTask
状态转换成功：ReadCategory

[01:05:43.946] [DBG] [Primary:S1:P7200:T1786553838115] BetterGenshinImpact.GameTask.CharacterDevelopment.CharacterDevelopmentStateMachineTask
状态机迭代 10，当前状态：ReadCategory

[01:05:44.684] [DBG] [Primary:S1:P7200:T1786553838115] BetterGenshinImpact.GameTask.CharacterDevelopment.CharacterDevelopmentStateMachineTask
状态转换成功：SwitchCategory

[01:05:44.910] [DBG] [Primary:S1:P7200:T1786553838115] BetterGenshinImpact.GameTask.CharacterDevelopment.CharacterDevelopmentStateMachineTask
状态机迭代 11，当前状态：SwitchCategory

[01:05:44.929] [DBG] [Primary:S1:P7200:T1786553838115] BetterGenshinImpact.GameTask.CharacterDevelopment.CharacterDevelopmentStateMachineTask
状态转换成功：ReturnMainUi

[01:05:45.139] [DBG] [Primary:S1:P7200:T1786553838115] BetterGenshinImpact.GameTask.CharacterDevelopment.CharacterDevelopmentStateMachineTask
状态机迭代 12，当前状态：ReturnMainUi

[01:05:46.267] [DBG] [Primary:S1:P7200:T1786553838115] BetterGenshinImpact.GameTask.CharacterDevelopment.CharacterDevelopmentStateMachineTask
状态转换成功：Completed

[01:05:46.612] [INF] [Primary:S1:P7200:T1786553838115] BetterGenshinImpact.GameTask.CharacterDevelopment.CharacterDevelopmentStateMachineTask
========== 状态机完成，到达目标状态：Completed ==========

[01:05:46.621] [INF] [Primary:S1:P7200:T1786553838115] BetterGenshinImpact.Core.Script.Dependence.Log
[重复测试 2/11] “凯亚”读取成功

[01:05:46.622] [INF] [Primary:S1:P7200:T1786553838115] BetterGenshinImpact.Core.Script.Dependence.Log
[识别结果] {"CharacterName":"凯亚","ElementType":"冰","Level":80,"LevelLimit":80,"WeaponName":null,"WeaponLevel":null,"WeaponLevelLimit":null,"AttackLevel":null,"AttackHasBonus":null,"SkillLevel":null,"SkillHasBonus":null,"BurstLevel":null,"BurstHasBonus":null}

[01:05:46.622] [INF] [Primary:S1:P7200:T1786553838115] BetterGenshinImpact.Core.Script.Dependence.Log
[重复测试 3/11] 准备读取“丝柯克”，预期筛选：冰元素＋单手剑

[01:05:47.687] [DBG] [Primary:S1:P7200:T1786553838115] BetterGenshinImpact.Core.Recognition.ONNX.BgiOnnxFactory
[ONNX]创建推理会话，模型: "AvatarGridIcon"

[01:05:47.777] [INF] [Primary:S1:P7200:T1786553838115] BetterGenshinImpact.GameTask.CharacterDevelopment.CharacterDevelopmentStateMachineTask
角色养成识别：准备角色 "丝柯克"，元素筛选="冰"，武器筛选="单手剑"

[01:05:47.778] [INF] [Primary:S1:P7200:T1786553838115] BetterGenshinImpact.GameTask.CharacterDevelopment.CharacterDevelopmentStateMachineTask
========== 状态机启动，目标状态："Completed" ==========

[01:05:47.827] [DBG] [Primary:S1:P7200:T1786553838115] BetterGenshinImpact.GameTask.CharacterDevelopment.CharacterDevelopmentStateMachineTask
状态机迭代 0，当前状态：MainUi

[01:05:48.733] [DBG] [Primary:S1:P7200:T1786553838115] BetterGenshinImpact.GameTask.CharacterDevelopment.CharacterDevelopmentStateMachineTask
状态转换成功：OpenCharacterList

[01:05:48.952] [DBG] [Primary:S1:P7200:T1786553838115] BetterGenshinImpact.GameTask.CharacterDevelopment.CharacterDevelopmentStateMachineTask
状态机迭代 1，当前状态：OpenCharacterList

[01:05:49.408] [DBG] [Primary:S1:P7200:T1786553838115] BetterGenshinImpact.GameTask.CharacterDevelopment.CharacterDevelopmentStateMachineTask
状态转换成功：OpenFilterPanel

[01:05:49.622] [DBG] [Primary:S1:P7200:T1786553838115] BetterGenshinImpact.GameTask.CharacterDevelopment.CharacterDevelopmentStateMachineTask
状态机迭代 2，当前状态：OpenFilterPanel

[01:05:50.132] [DBG] [Primary:S1:P7200:T1786553838115] BetterGenshinImpact.GameTask.CharacterDevelopment.CharacterDevelopmentStateMachineTask
状态转换成功：FilterPanel

[01:05:50.407] [DBG] [Primary:S1:P7200:T1786553838115] BetterGenshinImpact.GameTask.CharacterDevelopment.CharacterDevelopmentStateMachineTask
状态机迭代 3，当前状态：FilterPanel

[01:05:50.566] [DBG] [Primary:S1:P7200:T1786553838115] BetterGenshinImpact.GameTask.CharacterDevelopment.CharacterDevelopmentStateMachineTask
状态转换成功：SelectElementFilter

[01:05:50.956] [DBG] [Primary:S1:P7200:T1786553838115] BetterGenshinImpact.GameTask.CharacterDevelopment.CharacterDevelopmentStateMachineTask
状态机迭代 4，当前状态：SelectElementFilter

[01:05:52.810] [DBG] [Primary:S1:P7200:T1786553838115] BetterGenshinImpact.GameTask.CharacterDevelopment.CharacterDevelopmentStateMachineTask
状态转换成功：SelectWeaponFilter

[01:05:53.063] [DBG] [Primary:S1:P7200:T1786553838115] BetterGenshinImpact.GameTask.CharacterDevelopment.CharacterDevelopmentStateMachineTask
状态机迭代 5，当前状态：SelectWeaponFilter

[01:05:54.097] [DBG] [Primary:S1:P7200:T1786553838115] BetterGenshinImpact.GameTask.CharacterDevelopment.CharacterDevelopmentStateMachineTask
状态转换成功：ConfirmFilterPanel

[01:05:54.312] [DBG] [Primary:S1:P7200:T1786553838115] BetterGenshinImpact.GameTask.CharacterDevelopment.CharacterDevelopmentStateMachineTask
状态机迭代 6，当前状态：ConfirmFilterPanel

[01:05:55.102] [DBG] [Primary:S1:P7200:T1786553838115] BetterGenshinImpact.GameTask.CharacterDevelopment.CharacterDevelopmentStateMachineTask
状态转换成功：FindAndClickAvatar

[01:05:55.321] [DBG] [Primary:S1:P7200:T1786553838115] BetterGenshinImpact.GameTask.CharacterDevelopment.CharacterDevelopmentStateMachineTask
状态机迭代 7，当前状态：FindAndClickAvatar

[01:05:55.345] [DBG] [Primary:S1:P7200:T1786553838115] BetterGenshinImpact.GameTask.CharacterDevelopment.CharacterDevelopmentStateMachineTask
角色养成识别：白色底栏连通域 15 个，生成 5 个合法卡片，边界丢弃 0 个（第 1/3 次）

[01:05:55.353] [DBG] [Primary:S1:P7200:T1786553838115] BetterGenshinImpact.GameTask.CharacterDevelopment.CharacterDevelopmentStateMachineTask
角色养成识别：识别头像 "丝柯克"，元素="冰"，score=0.985

[01:05:55.973] [DBG] [Primary:S1:P7200:T1786553838115] BetterGenshinImpact.GameTask.CharacterDevelopment.CharacterDevelopmentStateMachineTask
状态转换成功：SelectedCharacter

[01:05:56.193] [DBG] [Primary:S1:P7200:T1786553838115] BetterGenshinImpact.GameTask.CharacterDevelopment.CharacterDevelopmentStateMachineTask
状态机迭代 8，当前状态：SelectedCharacter

[01:05:56.540] [DBG] [Primary:S1:P7200:T1786553838115] BetterGenshinImpact.GameTask.CharacterDevelopment.CharacterDevelopmentStateMachineTask
状态转换成功：SwitchCategory

[01:05:56.768] [DBG] [Primary:S1:P7200:T1786553838115] BetterGenshinImpact.GameTask.CharacterDevelopment.CharacterDevelopmentStateMachineTask
状态机迭代 9，当前状态：SwitchCategory

[01:05:58.059] [DBG] [Primary:S1:P7200:T1786553838115] BetterGenshinImpact.GameTask.CharacterDevelopment.CharacterDevelopmentStateMachineTask
状态转换成功：ReadCategory

[01:05:58.280] [DBG] [Primary:S1:P7200:T1786553838115] BetterGenshinImpact.GameTask.CharacterDevelopment.CharacterDevelopmentStateMachineTask
状态机迭代 10，当前状态：ReadCategory

[01:05:59.108] [DBG] [Primary:S1:P7200:T1786553838115] BetterGenshinImpact.GameTask.CharacterDevelopment.CharacterDevelopmentStateMachineTask
状态转换成功：SwitchCategory

[01:05:59.332] [DBG] [Primary:S1:P7200:T1786553838115] BetterGenshinImpact.GameTask.CharacterDevelopment.CharacterDevelopmentStateMachineTask
状态机迭代 11，当前状态：SwitchCategory

[01:05:59.340] [DBG] [Primary:S1:P7200:T1786553838115] BetterGenshinImpact.GameTask.CharacterDevelopment.CharacterDevelopmentStateMachineTask
状态转换成功：ReturnMainUi

[01:05:59.562] [DBG] [Primary:S1:P7200:T1786553838115] BetterGenshinImpact.GameTask.CharacterDevelopment.CharacterDevelopmentStateMachineTask
状态机迭代 12，当前状态：ReturnMainUi

[01:06:00.755] [DBG] [Primary:S1:P7200:T1786553838115] BetterGenshinImpact.GameTask.CharacterDevelopment.CharacterDevelopmentStateMachineTask
状态转换成功：Completed

[01:06:01.050] [INF] [Primary:S1:P7200:T1786553838115] BetterGenshinImpact.GameTask.CharacterDevelopment.CharacterDevelopmentStateMachineTask
========== 状态机完成，到达目标状态：Completed ==========

[01:06:01.059] [INF] [Primary:S1:P7200:T1786553838115] BetterGenshinImpact.Core.Script.Dependence.Log
[重复测试 3/11] “丝柯克”读取成功

[01:06:01.060] [INF] [Primary:S1:P7200:T1786553838115] BetterGenshinImpact.Core.Script.Dependence.Log
[识别结果] {"CharacterName":"丝柯克","ElementType":"冰","Level":90,"LevelLimit":90,"WeaponName":null,"WeaponLevel":null,"WeaponLevelLimit":null,"AttackLevel":null,"AttackHasBonus":null,"SkillLevel":null,"SkillHasBonus":null,"BurstLevel":null,"BurstHasBonus":null}

[01:06:01.061] [INF] [Primary:S1:P7200:T1786553838115] BetterGenshinImpact.Core.Script.Dependence.Log
[重复测试 4/11] 准备读取“芙宁娜”，预期筛选：水元素＋单手剑

[01:06:02.132] [DBG] [Primary:S1:P7200:T1786553838115] BetterGenshinImpact.Core.Recognition.ONNX.BgiOnnxFactory
[ONNX]创建推理会话，模型: "AvatarGridIcon"

[01:06:02.250] [INF] [Primary:S1:P7200:T1786553838115] BetterGenshinImpact.GameTask.CharacterDevelopment.CharacterDevelopmentStateMachineTask
角色养成识别：准备角色 "芙宁娜"，元素筛选="水"，武器筛选="单手剑"

[01:06:02.250] [INF] [Primary:S1:P7200:T1786553838115] BetterGenshinImpact.GameTask.CharacterDevelopment.CharacterDevelopmentStateMachineTask
========== 状态机启动，目标状态："Completed" ==========

[01:06:02.313] [DBG] [Primary:S1:P7200:T1786553838115] BetterGenshinImpact.GameTask.CharacterDevelopment.CharacterDevelopmentStateMachineTask
状态机迭代 0，当前状态：MainUi

[01:06:03.228] [DBG] [Primary:S1:P7200:T1786553838115] BetterGenshinImpact.GameTask.CharacterDevelopment.CharacterDevelopmentStateMachineTask
状态转换成功：OpenCharacterList

[01:06:03.450] [DBG] [Primary:S1:P7200:T1786553838115] BetterGenshinImpact.GameTask.CharacterDevelopment.CharacterDevelopmentStateMachineTask
状态机迭代 1，当前状态：OpenCharacterList

[01:06:03.944] [DBG] [Primary:S1:P7200:T1786553838115] BetterGenshinImpact.GameTask.CharacterDevelopment.CharacterDevelopmentStateMachineTask
状态转换成功：OpenFilterPanel

[01:06:04.161] [DBG] [Primary:S1:P7200:T1786553838115] BetterGenshinImpact.GameTask.CharacterDevelopment.CharacterDevelopmentStateMachineTask
状态机迭代 2，当前状态：OpenFilterPanel

[01:06:04.359] [DBG] [Primary:S1:P7200:T1786553838115] BetterGenshinImpact.GameTask.CharacterDevelopment.CharacterDevelopmentStateMachineTask
状态转换成功：FilterPanel

[01:06:04.718] [DBG] [Primary:S1:P7200:T1786553838115] BetterGenshinImpact.GameTask.CharacterDevelopment.CharacterDevelopmentStateMachineTask
状态机迭代 3，当前状态：FilterPanel

[01:06:04.892] [DBG] [Primary:S1:P7200:T1786553838115] BetterGenshinImpact.GameTask.CharacterDevelopment.CharacterDevelopmentStateMachineTask
状态转换成功：SelectElementFilter

[01:06:05.352] [DBG] [Primary:S1:P7200:T1786553838115] BetterGenshinImpact.GameTask.CharacterDevelopment.CharacterDevelopmentStateMachineTask
状态机迭代 4，当前状态：SelectElementFilter

[01:06:07.283] [DBG] [Primary:S1:P7200:T1786553838115] BetterGenshinImpact.GameTask.CharacterDevelopment.CharacterDevelopmentStateMachineTask
状态转换成功：SelectWeaponFilter

[01:06:07.615] [DBG] [Primary:S1:P7200:T1786553838115] BetterGenshinImpact.GameTask.CharacterDevelopment.CharacterDevelopmentStateMachineTask
状态机迭代 5，当前状态：SelectWeaponFilter

[01:06:08.764] [DBG] [Primary:S1:P7200:T1786553838115] BetterGenshinImpact.GameTask.CharacterDevelopment.CharacterDevelopmentStateMachineTask
状态转换成功：ConfirmFilterPanel

[01:06:08.977] [DBG] [Primary:S1:P7200:T1786553838115] BetterGenshinImpact.GameTask.CharacterDevelopment.CharacterDevelopmentStateMachineTask
状态机迭代 6，当前状态：ConfirmFilterPanel

[01:06:09.764] [DBG] [Primary:S1:P7200:T1786553838115] BetterGenshinImpact.GameTask.CharacterDevelopment.CharacterDevelopmentStateMachineTask
状态转换成功：FindAndClickAvatar

[01:06:09.979] [DBG] [Primary:S1:P7200:T1786553838115] BetterGenshinImpact.GameTask.CharacterDevelopment.CharacterDevelopmentStateMachineTask
状态机迭代 7，当前状态：FindAndClickAvatar

[01:06:09.989] [DBG] [Primary:S1:P7200:T1786553838115] BetterGenshinImpact.GameTask.CharacterDevelopment.CharacterDevelopmentStateMachineTask
角色养成识别：白色底栏连通域 5 个，生成 3 个合法卡片，边界丢弃 0 个（第 1/3 次）

[01:06:09.996] [DBG] [Primary:S1:P7200:T1786553838115] BetterGenshinImpact.GameTask.CharacterDevelopment.CharacterDevelopmentStateMachineTask
角色养成识别：识别头像 "芙宁娜"，元素="水"，score=0.988

[01:06:10.557] [DBG] [Primary:S1:P7200:T1786553838115] BetterGenshinImpact.GameTask.CharacterDevelopment.CharacterDevelopmentStateMachineTask
状态转换成功：SelectedCharacter

[01:06:10.779] [DBG] [Primary:S1:P7200:T1786553838115] BetterGenshinImpact.GameTask.CharacterDevelopment.CharacterDevelopmentStateMachineTask
状态机迭代 8，当前状态：SelectedCharacter

[01:06:11.116] [DBG] [Primary:S1:P7200:T1786553838115] BetterGenshinImpact.GameTask.CharacterDevelopment.CharacterDevelopmentStateMachineTask
状态转换成功：SwitchCategory

[01:06:11.344] [DBG] [Primary:S1:P7200:T1786553838115] BetterGenshinImpact.GameTask.CharacterDevelopment.CharacterDevelopmentStateMachineTask
状态机迭代 9，当前状态：SwitchCategory

[01:06:12.348] [DBG] [Primary:S1:P7200:T1786553838115] BetterGenshinImpact.GameTask.CharacterDevelopment.CharacterDevelopmentStateMachineTask
状态转换成功：ReadCategory

[01:06:12.560] [DBG] [Primary:S1:P7200:T1786553838115] BetterGenshinImpact.GameTask.CharacterDevelopment.CharacterDevelopmentStateMachineTask
状态机迭代 10，当前状态：ReadCategory

[01:06:13.320] [DBG] [Primary:S1:P7200:T1786553838115] BetterGenshinImpact.GameTask.CharacterDevelopment.CharacterDevelopmentStateMachineTask
状态转换成功：SwitchCategory

[01:06:13.537] [DBG] [Primary:S1:P7200:T1786553838115] BetterGenshinImpact.GameTask.CharacterDevelopment.CharacterDevelopmentStateMachineTask
状态机迭代 11，当前状态：SwitchCategory

[01:06:13.552] [DBG] [Primary:S1:P7200:T1786553838115] BetterGenshinImpact.GameTask.CharacterDevelopment.CharacterDevelopmentStateMachineTask
状态转换成功：ReturnMainUi

[01:06:13.798] [DBG] [Primary:S1:P7200:T1786553838115] BetterGenshinImpact.GameTask.CharacterDevelopment.CharacterDevelopmentStateMachineTask
状态机迭代 12，当前状态：ReturnMainUi

[01:06:14.962] [DBG] [Primary:S1:P7200:T1786553838115] BetterGenshinImpact.GameTask.CharacterDevelopment.CharacterDevelopmentStateMachineTask
状态转换成功：Completed

[01:06:15.266] [INF] [Primary:S1:P7200:T1786553838115] BetterGenshinImpact.GameTask.CharacterDevelopment.CharacterDevelopmentStateMachineTask
========== 状态机完成，到达目标状态：Completed ==========

[01:06:15.273] [INF] [Primary:S1:P7200:T1786553838115] BetterGenshinImpact.Core.Script.Dependence.Log
[重复测试 4/11] “芙宁娜”读取成功

[01:06:15.275] [INF] [Primary:S1:P7200:T1786553838115] BetterGenshinImpact.Core.Script.Dependence.Log
[识别结果] {"CharacterName":"芙宁娜","ElementType":"水","Level":90,"LevelLimit":90,"WeaponName":null,"WeaponLevel":null,"WeaponLevelLimit":null,"AttackLevel":null,"AttackHasBonus":null,"SkillLevel":null,"SkillHasBonus":null,"BurstLevel":null,"BurstHasBonus":null}

[01:06:15.275] [INF] [Primary:S1:P7200:T1786553838115] BetterGenshinImpact.Core.Script.Dependence.Log
[重复测试 5/11] 准备读取“妮露”，预期筛选：水元素＋单手剑

[01:06:16.345] [DBG] [Primary:S1:P7200:T1786553838115] BetterGenshinImpact.Core.Recognition.ONNX.BgiOnnxFactory
[ONNX]创建推理会话，模型: "AvatarGridIcon"

[01:06:16.457] [INF] [Primary:S1:P7200:T1786553838115] BetterGenshinImpact.GameTask.CharacterDevelopment.CharacterDevelopmentStateMachineTask
角色养成识别：准备角色 "妮露"，元素筛选="水"，武器筛选="单手剑"

[01:06:16.457] [INF] [Primary:S1:P7200:T1786553838115] BetterGenshinImpact.GameTask.CharacterDevelopment.CharacterDevelopmentStateMachineTask
========== 状态机启动，目标状态："Completed" ==========

[01:06:16.517] [DBG] [Primary:S1:P7200:T1786553838115] BetterGenshinImpact.GameTask.CharacterDevelopment.CharacterDevelopmentStateMachineTask
状态机迭代 0，当前状态：MainUi

[01:06:17.383] [DBG] [Primary:S1:P7200:T1786553838115] BetterGenshinImpact.GameTask.CharacterDevelopment.CharacterDevelopmentStateMachineTask
状态转换成功：OpenCharacterList

[01:06:17.599] [DBG] [Primary:S1:P7200:T1786553838115] BetterGenshinImpact.GameTask.CharacterDevelopment.CharacterDevelopmentStateMachineTask
状态机迭代 1，当前状态：OpenCharacterList

[01:06:18.060] [DBG] [Primary:S1:P7200:T1786553838115] BetterGenshinImpact.GameTask.CharacterDevelopment.CharacterDevelopmentStateMachineTask
状态转换成功：OpenFilterPanel

[01:06:18.287] [DBG] [Primary:S1:P7200:T1786553838115] BetterGenshinImpact.GameTask.CharacterDevelopment.CharacterDevelopmentStateMachineTask
状态机迭代 2，当前状态：OpenFilterPanel

[01:06:18.804] [DBG] [Primary:S1:P7200:T1786553838115] BetterGenshinImpact.GameTask.CharacterDevelopment.CharacterDevelopmentStateMachineTask
状态转换成功：FilterPanel

[01:06:19.098] [DBG] [Primary:S1:P7200:T1786553838115] BetterGenshinImpact.GameTask.CharacterDevelopment.CharacterDevelopmentStateMachineTask
状态机迭代 3，当前状态：FilterPanel

[01:06:19.258] [DBG] [Primary:S1:P7200:T1786553838115] BetterGenshinImpact.GameTask.CharacterDevelopment.CharacterDevelopmentStateMachineTask
状态转换成功：SelectElementFilter

[01:06:19.702] [DBG] [Primary:S1:P7200:T1786553838115] BetterGenshinImpact.GameTask.CharacterDevelopment.CharacterDevelopmentStateMachineTask
状态机迭代 4，当前状态：SelectElementFilter

[01:06:21.587] [DBG] [Primary:S1:P7200:T1786553838115] BetterGenshinImpact.GameTask.CharacterDevelopment.CharacterDevelopmentStateMachineTask
状态转换成功：SelectWeaponFilter

[01:06:21.837] [DBG] [Primary:S1:P7200:T1786553838115] BetterGenshinImpact.GameTask.CharacterDevelopment.CharacterDevelopmentStateMachineTask
状态机迭代 5，当前状态：SelectWeaponFilter

[01:06:23.033] [DBG] [Primary:S1:P7200:T1786553838115] BetterGenshinImpact.GameTask.CharacterDevelopment.CharacterDevelopmentStateMachineTask
状态转换成功：ConfirmFilterPanel

[01:06:23.262] [DBG] [Primary:S1:P7200:T1786553838115] BetterGenshinImpact.GameTask.CharacterDevelopment.CharacterDevelopmentStateMachineTask
状态机迭代 6，当前状态：ConfirmFilterPanel

[01:06:24.002] [DBG] [Primary:S1:P7200:T1786553838115] BetterGenshinImpact.GameTask.CharacterDevelopment.CharacterDevelopmentStateMachineTask
状态转换成功：FindAndClickAvatar

[01:06:24.217] [DBG] [Primary:S1:P7200:T1786553838115] BetterGenshinImpact.GameTask.CharacterDevelopment.CharacterDevelopmentStateMachineTask
状态机迭代 7，当前状态：FindAndClickAvatar

[01:06:24.238] [DBG] [Primary:S1:P7200:T1786553838115] BetterGenshinImpact.GameTask.CharacterDevelopment.CharacterDevelopmentStateMachineTask
角色养成识别：白色底栏连通域 5 个，生成 3 个合法卡片，边界丢弃 0 个（第 1/3 次）

[01:06:24.247] [DBG] [Primary:S1:P7200:T1786553838115] BetterGenshinImpact.GameTask.CharacterDevelopment.CharacterDevelopmentStateMachineTask
角色养成识别：识别头像 "芙宁娜"，元素="水"，score=0.989

[01:06:24.263] [DBG] [Primary:S1:P7200:T1786553838115] BetterGenshinImpact.GameTask.CharacterDevelopment.CharacterDevelopmentStateMachineTask
角色养成识别：识别头像 "妮露"，元素="水"，score=0.986

[01:06:24.742] [DBG] [Primary:S1:P7200:T1786553838115] BetterGenshinImpact.GameTask.CharacterDevelopment.CharacterDevelopmentStateMachineTask
状态转换成功：SelectedCharacter

[01:06:24.953] [DBG] [Primary:S1:P7200:T1786553838115] BetterGenshinImpact.GameTask.CharacterDevelopment.CharacterDevelopmentStateMachineTask
状态机迭代 8，当前状态：SelectedCharacter

[01:06:25.284] [DBG] [Primary:S1:P7200:T1786553838115] BetterGenshinImpact.GameTask.CharacterDevelopment.CharacterDevelopmentStateMachineTask
状态转换成功：SwitchCategory

[01:06:25.495] [DBG] [Primary:S1:P7200:T1786553838115] BetterGenshinImpact.GameTask.CharacterDevelopment.CharacterDevelopmentStateMachineTask
状态机迭代 9，当前状态：SwitchCategory

[01:06:26.475] [DBG] [Primary:S1:P7200:T1786553838115] BetterGenshinImpact.GameTask.CharacterDevelopment.CharacterDevelopmentStateMachineTask
状态转换成功：ReadCategory

[01:06:26.687] [DBG] [Primary:S1:P7200:T1786553838115] BetterGenshinImpact.GameTask.CharacterDevelopment.CharacterDevelopmentStateMachineTask
状态机迭代 10，当前状态：ReadCategory

[01:06:27.487] [DBG] [Primary:S1:P7200:T1786553838115] BetterGenshinImpact.GameTask.CharacterDevelopment.CharacterDevelopmentStateMachineTask
状态转换成功：SwitchCategory

[01:06:27.711] [DBG] [Primary:S1:P7200:T1786553838115] BetterGenshinImpact.GameTask.CharacterDevelopment.CharacterDevelopmentStateMachineTask
状态机迭代 11，当前状态：SwitchCategory

[01:06:27.723] [DBG] [Primary:S1:P7200:T1786553838115] BetterGenshinImpact.GameTask.CharacterDevelopment.CharacterDevelopmentStateMachineTask
状态转换成功：ReturnMainUi

[01:06:27.943] [DBG] [Primary:S1:P7200:T1786553838115] BetterGenshinImpact.GameTask.CharacterDevelopment.CharacterDevelopmentStateMachineTask
状态机迭代 12，当前状态：ReturnMainUi

[01:06:29.126] [DBG] [Primary:S1:P7200:T1786553838115] BetterGenshinImpact.GameTask.CharacterDevelopment.CharacterDevelopmentStateMachineTask
状态转换成功：Completed

[01:06:29.442] [INF] [Primary:S1:P7200:T1786553838115] BetterGenshinImpact.GameTask.CharacterDevelopment.CharacterDevelopmentStateMachineTask
========== 状态机完成，到达目标状态：Completed ==========

[01:06:29.449] [INF] [Primary:S1:P7200:T1786553838115] BetterGenshinImpact.Core.Script.Dependence.Log
[重复测试 5/11] “妮露”读取成功

[01:06:29.450] [INF] [Primary:S1:P7200:T1786553838115] BetterGenshinImpact.Core.Script.Dependence.Log
[识别结果] {"CharacterName":"妮露","ElementType":"水","Level":90,"LevelLimit":90,"WeaponName":null,"WeaponLevel":null,"WeaponLevelLimit":null,"AttackLevel":null,"AttackHasBonus":null,"SkillLevel":null,"SkillHasBonus":null,"BurstLevel":null,"BurstHasBonus":null}

[01:06:29.450] [INF] [Primary:S1:P7200:T1786553838115] BetterGenshinImpact.Core.Script.Dependence.Log
[重复测试 6/11] 准备读取“桑多涅”，预期筛选：冰元素＋双手剑

[01:06:30.531] [DBG] [Primary:S1:P7200:T1786553838115] BetterGenshinImpact.Core.Recognition.ONNX.BgiOnnxFactory
[ONNX]创建推理会话，模型: "AvatarGridIcon"

[01:06:30.708] [INF] [Primary:S1:P7200:T1786553838115] BetterGenshinImpact.GameTask.CharacterDevelopment.CharacterDevelopmentStateMachineTask
角色养成识别：准备角色 "桑多涅"，元素筛选="冰"，武器筛选="双手剑"

[01:06:30.708] [INF] [Primary:S1:P7200:T1786553838115] BetterGenshinImpact.GameTask.CharacterDevelopment.CharacterDevelopmentStateMachineTask
========== 状态机启动，目标状态："Completed" ==========

[01:06:30.767] [DBG] [Primary:S1:P7200:T1786553838115] BetterGenshinImpact.GameTask.CharacterDevelopment.CharacterDevelopmentStateMachineTask
状态机迭代 0，当前状态：MainUi

[01:06:31.654] [DBG] [Primary:S1:P7200:T1786553838115] BetterGenshinImpact.GameTask.CharacterDevelopment.CharacterDevelopmentStateMachineTask
状态转换成功：OpenCharacterList

[01:06:31.874] [DBG] [Primary:S1:P7200:T1786553838115] BetterGenshinImpact.GameTask.CharacterDevelopment.CharacterDevelopmentStateMachineTask
状态机迭代 1，当前状态：OpenCharacterList

[01:06:32.356] [DBG] [Primary:S1:P7200:T1786553838115] BetterGenshinImpact.GameTask.CharacterDevelopment.CharacterDevelopmentStateMachineTask
状态转换成功：OpenFilterPanel

[01:06:32.570] [DBG] [Primary:S1:P7200:T1786553838115] BetterGenshinImpact.GameTask.CharacterDevelopment.CharacterDevelopmentStateMachineTask
状态机迭代 2，当前状态：OpenFilterPanel

[01:06:32.824] [DBG] [Primary:S1:P7200:T1786553838115] BetterGenshinImpact.GameTask.CharacterDevelopment.CharacterDevelopmentStateMachineTask
状态转换成功：FilterPanel

[01:06:33.102] [DBG] [Primary:S1:P7200:T1786553838115] BetterGenshinImpact.GameTask.CharacterDevelopment.CharacterDevelopmentStateMachineTask
状态机迭代 3，当前状态：FilterPanel

[01:06:33.233] [DBG] [Primary:S1:P7200:T1786553838115] BetterGenshinImpact.GameTask.CharacterDevelopment.CharacterDevelopmentStateMachineTask
状态转换成功：SelectElementFilter

[01:06:33.622] [DBG] [Primary:S1:P7200:T1786553838115] BetterGenshinImpact.GameTask.CharacterDevelopment.CharacterDevelopmentStateMachineTask
状态机迭代 4，当前状态：SelectElementFilter

[01:06:35.400] [DBG] [Primary:S1:P7200:T1786553838115] BetterGenshinImpact.GameTask.CharacterDevelopment.CharacterDevelopmentStateMachineTask
状态转换成功：SelectWeaponFilter

[01:06:35.661] [DBG] [Primary:S1:P7200:T1786553838115] BetterGenshinImpact.GameTask.CharacterDevelopment.CharacterDevelopmentStateMachineTask
状态机迭代 5，当前状态：SelectWeaponFilter

[01:06:36.806] [DBG] [Primary:S1:P7200:T1786553838115] BetterGenshinImpact.GameTask.CharacterDevelopment.CharacterDevelopmentStateMachineTask
状态转换成功：ConfirmFilterPanel

[01:06:37.024] [DBG] [Primary:S1:P7200:T1786553838115] BetterGenshinImpact.GameTask.CharacterDevelopment.CharacterDevelopmentStateMachineTask
状态机迭代 6，当前状态：ConfirmFilterPanel

[01:06:37.742] [DBG] [Primary:S1:P7200:T1786553838115] BetterGenshinImpact.GameTask.CharacterDevelopment.CharacterDevelopmentStateMachineTask
状态转换成功：FindAndClickAvatar

[01:06:37.960] [DBG] [Primary:S1:P7200:T1786553838115] BetterGenshinImpact.GameTask.CharacterDevelopment.CharacterDevelopmentStateMachineTask
状态机迭代 7，当前状态：FindAndClickAvatar

[01:06:37.971] [DBG] [Primary:S1:P7200:T1786553838115] BetterGenshinImpact.GameTask.CharacterDevelopment.CharacterDevelopmentStateMachineTask
角色养成识别：白色底栏连通域 19 个，生成 3 个合法卡片，边界丢弃 0 个（第 1/3 次）

[01:06:37.979] [DBG] [Primary:S1:P7200:T1786553838115] BetterGenshinImpact.GameTask.CharacterDevelopment.CharacterDevelopmentStateMachineTask
角色养成识别：识别头像 "桑多涅"，元素="冰"，score=0.970

[01:06:38.511] [DBG] [Primary:S1:P7200:T1786553838115] BetterGenshinImpact.GameTask.CharacterDevelopment.CharacterDevelopmentStateMachineTask
状态转换成功：SelectedCharacter

[01:06:38.740] [DBG] [Primary:S1:P7200:T1786553838115] BetterGenshinImpact.GameTask.CharacterDevelopment.CharacterDevelopmentStateMachineTask
状态机迭代 8，当前状态：SelectedCharacter

[01:06:39.099] [DBG] [Primary:S1:P7200:T1786553838115] BetterGenshinImpact.GameTask.CharacterDevelopment.CharacterDevelopmentStateMachineTask
状态转换成功：SwitchCategory

[01:06:39.328] [DBG] [Primary:S1:P7200:T1786553838115] BetterGenshinImpact.GameTask.CharacterDevelopment.CharacterDevelopmentStateMachineTask
状态机迭代 9，当前状态：SwitchCategory

[01:06:40.559] [DBG] [Primary:S1:P7200:T1786553838115] BetterGenshinImpact.GameTask.CharacterDevelopment.CharacterDevelopmentStateMachineTask
状态转换成功：ReadCategory

[01:06:40.788] [DBG] [Primary:S1:P7200:T1786553838115] BetterGenshinImpact.GameTask.CharacterDevelopment.CharacterDevelopmentStateMachineTask
状态机迭代 10，当前状态：ReadCategory

[01:06:41.666] [DBG] [Primary:S1:P7200:T1786553838115] BetterGenshinImpact.GameTask.CharacterDevelopment.CharacterDevelopmentStateMachineTask
状态转换成功：SwitchCategory

[01:06:41.892] [DBG] [Primary:S1:P7200:T1786553838115] BetterGenshinImpact.GameTask.CharacterDevelopment.CharacterDevelopmentStateMachineTask
状态机迭代 11，当前状态：SwitchCategory

[01:06:41.914] [DBG] [Primary:S1:P7200:T1786553838115] BetterGenshinImpact.GameTask.CharacterDevelopment.CharacterDevelopmentStateMachineTask
状态转换成功：ReturnMainUi

[01:06:42.125] [DBG] [Primary:S1:P7200:T1786553838115] BetterGenshinImpact.GameTask.CharacterDevelopment.CharacterDevelopmentStateMachineTask
状态机迭代 12，当前状态：ReturnMainUi

[01:06:43.277] [DBG] [Primary:S1:P7200:T1786553838115] BetterGenshinImpact.GameTask.CharacterDevelopment.CharacterDevelopmentStateMachineTask
状态转换成功：Completed

[01:06:43.600] [INF] [Primary:S1:P7200:T1786553838115] BetterGenshinImpact.GameTask.CharacterDevelopment.CharacterDevelopmentStateMachineTask
========== 状态机完成，到达目标状态：Completed ==========

[01:06:43.606] [INF] [Primary:S1:P7200:T1786553838115] BetterGenshinImpact.Core.Script.Dependence.Log
[重复测试 6/11] “桑多涅”读取成功

[01:06:43.607] [INF] [Primary:S1:P7200:T1786553838115] BetterGenshinImpact.Core.Script.Dependence.Log
[识别结果] {"CharacterName":"桑多涅","ElementType":"冰","Level":80,"LevelLimit":80,"WeaponName":null,"WeaponLevel":null,"WeaponLevelLimit":null,"AttackLevel":null,"AttackHasBonus":null,"SkillLevel":null,"SkillHasBonus":null,"BurstLevel":null,"BurstHasBonus":null}

[01:06:43.607] [INF] [Primary:S1:P7200:T1786553838115] BetterGenshinImpact.Core.Script.Dependence.Log
[重复测试 7/11] 准备读取“申鹤”，预期筛选：冰元素＋长柄武器

[01:06:44.675] [DBG] [Primary:S1:P7200:T1786553838115] BetterGenshinImpact.Core.Recognition.ONNX.BgiOnnxFactory
[ONNX]创建推理会话，模型: "AvatarGridIcon"

[01:06:44.778] [INF] [Primary:S1:P7200:T1786553838115] BetterGenshinImpact.GameTask.CharacterDevelopment.CharacterDevelopmentStateMachineTask
角色养成识别：准备角色 "申鹤"，元素筛选="冰"，武器筛选="长柄武器"

[01:06:44.778] [INF] [Primary:S1:P7200:T1786553838115] BetterGenshinImpact.GameTask.CharacterDevelopment.CharacterDevelopmentStateMachineTask
========== 状态机启动，目标状态："Completed" ==========

[01:06:44.827] [DBG] [Primary:S1:P7200:T1786553838115] BetterGenshinImpact.GameTask.CharacterDevelopment.CharacterDevelopmentStateMachineTask
状态机迭代 0，当前状态：MainUi

[01:06:45.790] [DBG] [Primary:S1:P7200:T1786553838115] BetterGenshinImpact.GameTask.CharacterDevelopment.CharacterDevelopmentStateMachineTask
状态转换成功：OpenCharacterList

[01:06:46.015] [DBG] [Primary:S1:P7200:T1786553838115] BetterGenshinImpact.GameTask.CharacterDevelopment.CharacterDevelopmentStateMachineTask
状态机迭代 1，当前状态：OpenCharacterList

[01:06:46.484] [DBG] [Primary:S1:P7200:T1786553838115] BetterGenshinImpact.GameTask.CharacterDevelopment.CharacterDevelopmentStateMachineTask
状态转换成功：OpenFilterPanel

[01:06:46.700] [DBG] [Primary:S1:P7200:T1786553838115] BetterGenshinImpact.GameTask.CharacterDevelopment.CharacterDevelopmentStateMachineTask
状态机迭代 2，当前状态：OpenFilterPanel

[01:06:46.898] [DBG] [Primary:S1:P7200:T1786553838115] BetterGenshinImpact.GameTask.CharacterDevelopment.CharacterDevelopmentStateMachineTask
状态转换成功：FilterPanel

[01:06:47.156] [DBG] [Primary:S1:P7200:T1786553838115] BetterGenshinImpact.GameTask.CharacterDevelopment.CharacterDevelopmentStateMachineTask
状态机迭代 3，当前状态：FilterPanel

[01:06:47.262] [DBG] [Primary:S1:P7200:T1786553838115] BetterGenshinImpact.GameTask.CharacterDevelopment.CharacterDevelopmentStateMachineTask
状态转换成功：SelectElementFilter

[01:06:47.731] [DBG] [Primary:S1:P7200:T1786553838115] BetterGenshinImpact.GameTask.CharacterDevelopment.CharacterDevelopmentStateMachineTask
状态机迭代 4，当前状态：SelectElementFilter

[01:06:49.445] [DBG] [Primary:S1:P7200:T1786553838115] BetterGenshinImpact.GameTask.CharacterDevelopment.CharacterDevelopmentStateMachineTask
状态转换成功：SelectWeaponFilter

[01:06:49.699] [DBG] [Primary:S1:P7200:T1786553838115] BetterGenshinImpact.GameTask.CharacterDevelopment.CharacterDevelopmentStateMachineTask
状态机迭代 5，当前状态：SelectWeaponFilter

[01:06:50.830] [DBG] [Primary:S1:P7200:T1786553838115] BetterGenshinImpact.GameTask.CharacterDevelopment.CharacterDevelopmentStateMachineTask
状态转换成功：ConfirmFilterPanel

[01:06:51.059] [DBG] [Primary:S1:P7200:T1786553838115] BetterGenshinImpact.GameTask.CharacterDevelopment.CharacterDevelopmentStateMachineTask
状态机迭代 6，当前状态：ConfirmFilterPanel

[01:06:51.780] [DBG] [Primary:S1:P7200:T1786553838115] BetterGenshinImpact.GameTask.CharacterDevelopment.CharacterDevelopmentStateMachineTask
状态转换成功：FindAndClickAvatar

[01:06:51.996] [DBG] [Primary:S1:P7200:T1786553838115] BetterGenshinImpact.GameTask.CharacterDevelopment.CharacterDevelopmentStateMachineTask
状态机迭代 7，当前状态：FindAndClickAvatar

[01:06:52.014] [DBG] [Primary:S1:P7200:T1786553838115] BetterGenshinImpact.GameTask.CharacterDevelopment.CharacterDevelopmentStateMachineTask
角色养成识别：白色底栏连通域 4 个，生成 3 个合法卡片，边界丢弃 0 个（第 1/3 次）

[01:06:52.019] [DBG] [Primary:S1:P7200:T1786553838115] BetterGenshinImpact.GameTask.CharacterDevelopment.CharacterDevelopmentStateMachineTask
角色养成识别：识别头像 "申鹤"，元素="冰"，score=0.977

[01:06:52.499] [DBG] [Primary:S1:P7200:T1786553838115] BetterGenshinImpact.GameTask.CharacterDevelopment.CharacterDevelopmentStateMachineTask
状态转换成功：SelectedCharacter

[01:06:52.734] [DBG] [Primary:S1:P7200:T1786553838115] BetterGenshinImpact.GameTask.CharacterDevelopment.CharacterDevelopmentStateMachineTask
状态机迭代 8，当前状态：SelectedCharacter

[01:06:53.073] [DBG] [Primary:S1:P7200:T1786553838115] BetterGenshinImpact.GameTask.CharacterDevelopment.CharacterDevelopmentStateMachineTask
状态转换成功：SwitchCategory

[01:06:53.290] [DBG] [Primary:S1:P7200:T1786553838115] BetterGenshinImpact.GameTask.CharacterDevelopment.CharacterDevelopmentStateMachineTask
状态机迭代 9，当前状态：SwitchCategory

[01:06:54.434] [DBG] [Primary:S1:P7200:T1786553838115] BetterGenshinImpact.GameTask.CharacterDevelopment.CharacterDevelopmentStateMachineTask
状态转换成功：ReadCategory

[01:06:54.659] [DBG] [Primary:S1:P7200:T1786553838115] BetterGenshinImpact.GameTask.CharacterDevelopment.CharacterDevelopmentStateMachineTask
状态机迭代 10，当前状态：ReadCategory

[01:06:55.407] [DBG] [Primary:S1:P7200:T1786553838115] BetterGenshinImpact.GameTask.CharacterDevelopment.CharacterDevelopmentStateMachineTask
状态转换成功：SwitchCategory

[01:06:55.628] [DBG] [Primary:S1:P7200:T1786553838115] BetterGenshinImpact.GameTask.CharacterDevelopment.CharacterDevelopmentStateMachineTask
状态机迭代 11，当前状态：SwitchCategory

[01:06:55.649] [DBG] [Primary:S1:P7200:T1786553838115] BetterGenshinImpact.GameTask.CharacterDevelopment.CharacterDevelopmentStateMachineTask
状态转换成功：ReturnMainUi

[01:06:55.891] [DBG] [Primary:S1:P7200:T1786553838115] BetterGenshinImpact.GameTask.CharacterDevelopment.CharacterDevelopmentStateMachineTask
状态机迭代 12，当前状态：ReturnMainUi

[01:06:57.077] [DBG] [Primary:S1:P7200:T1786553838115] BetterGenshinImpact.GameTask.CharacterDevelopment.CharacterDevelopmentStateMachineTask
状态转换成功：Completed

[01:06:57.398] [INF] [Primary:S1:P7200:T1786553838115] BetterGenshinImpact.GameTask.CharacterDevelopment.CharacterDevelopmentStateMachineTask
========== 状态机完成，到达目标状态：Completed ==========

[01:06:57.407] [INF] [Primary:S1:P7200:T1786553838115] BetterGenshinImpact.Core.Script.Dependence.Log
[重复测试 7/11] “申鹤”读取成功

[01:06:57.407] [INF] [Primary:S1:P7200:T1786553838115] BetterGenshinImpact.Core.Script.Dependence.Log
[识别结果] {"CharacterName":"申鹤","ElementType":"冰","Level":80,"LevelLimit":80,"WeaponName":null,"WeaponLevel":null,"WeaponLevelLimit":null,"AttackLevel":null,"AttackHasBonus":null,"SkillLevel":null,"SkillHasBonus":null,"BurstLevel":null,"BurstHasBonus":null}

[01:06:57.408] [INF] [Primary:S1:P7200:T1786553838115] BetterGenshinImpact.Core.Script.Dependence.Log
[重复测试 8/11] 准备读取“珊瑚宫心海”，预期筛选：水元素＋法器

[01:06:58.500] [DBG] [Primary:S1:P7200:T1786553838115] BetterGenshinImpact.Core.Recognition.ONNX.BgiOnnxFactory
[ONNX]创建推理会话，模型: "AvatarGridIcon"

[01:06:58.633] [INF] [Primary:S1:P7200:T1786553838115] BetterGenshinImpact.GameTask.CharacterDevelopment.CharacterDevelopmentStateMachineTask
角色养成识别：准备角色 "珊瑚宫心海"，元素筛选="水"，武器筛选="法器"

[01:06:58.634] [INF] [Primary:S1:P7200:T1786553838115] BetterGenshinImpact.GameTask.CharacterDevelopment.CharacterDevelopmentStateMachineTask
========== 状态机启动，目标状态："Completed" ==========

[01:06:58.705] [DBG] [Primary:S1:P7200:T1786553838115] BetterGenshinImpact.GameTask.CharacterDevelopment.CharacterDevelopmentStateMachineTask
状态机迭代 0，当前状态：MainUi

[01:06:59.640] [DBG] [Primary:S1:P7200:T1786553838115] BetterGenshinImpact.GameTask.CharacterDevelopment.CharacterDevelopmentStateMachineTask
状态转换成功：OpenCharacterList

[01:06:59.865] [DBG] [Primary:S1:P7200:T1786553838115] BetterGenshinImpact.GameTask.CharacterDevelopment.CharacterDevelopmentStateMachineTask
状态机迭代 1，当前状态：OpenCharacterList

[01:07:00.378] [DBG] [Primary:S1:P7200:T1786553838115] BetterGenshinImpact.GameTask.CharacterDevelopment.CharacterDevelopmentStateMachineTask
状态转换成功：OpenFilterPanel

[01:07:00.606] [DBG] [Primary:S1:P7200:T1786553838115] BetterGenshinImpact.GameTask.CharacterDevelopment.CharacterDevelopmentStateMachineTask
状态机迭代 2，当前状态：OpenFilterPanel

[01:07:00.779] [DBG] [Primary:S1:P7200:T1786553838115] BetterGenshinImpact.GameTask.CharacterDevelopment.CharacterDevelopmentStateMachineTask
状态转换成功：FilterPanel

[01:07:01.039] [DBG] [Primary:S1:P7200:T1786553838115] BetterGenshinImpact.GameTask.CharacterDevelopment.CharacterDevelopmentStateMachineTask
状态机迭代 3，当前状态：FilterPanel

[01:07:01.261] [DBG] [Primary:S1:P7200:T1786553838115] BetterGenshinImpact.GameTask.CharacterDevelopment.CharacterDevelopmentStateMachineTask
状态转换成功：SelectElementFilter

[01:07:01.847] [DBG] [Primary:S1:P7200:T1786553838115] BetterGenshinImpact.GameTask.CharacterDevelopment.CharacterDevelopmentStateMachineTask
状态机迭代 4，当前状态：SelectElementFilter

[01:07:04.271] [DBG] [Primary:S1:P7200:T1786553838115] BetterGenshinImpact.GameTask.CharacterDevelopment.CharacterDevelopmentStateMachineTask
状态转换成功：SelectWeaponFilter

[01:07:04.530] [DBG] [Primary:S1:P7200:T1786553838115] BetterGenshinImpact.GameTask.CharacterDevelopment.CharacterDevelopmentStateMachineTask
状态机迭代 5，当前状态：SelectWeaponFilter

[01:07:05.796] [DBG] [Primary:S1:P7200:T1786553838115] BetterGenshinImpact.GameTask.CharacterDevelopment.CharacterDevelopmentStateMachineTask
状态转换成功：ConfirmFilterPanel

[01:07:06.028] [DBG] [Primary:S1:P7200:T1786553838115] BetterGenshinImpact.GameTask.CharacterDevelopment.CharacterDevelopmentStateMachineTask
状态机迭代 6，当前状态：ConfirmFilterPanel

[01:07:06.807] [DBG] [Primary:S1:P7200:T1786553838115] BetterGenshinImpact.GameTask.CharacterDevelopment.CharacterDevelopmentStateMachineTask
状态转换成功：FindAndClickAvatar

[01:07:07.026] [DBG] [Primary:S1:P7200:T1786553838115] BetterGenshinImpact.GameTask.CharacterDevelopment.CharacterDevelopmentStateMachineTask
状态机迭代 7，当前状态：FindAndClickAvatar

[01:07:07.036] [DBG] [Primary:S1:P7200:T1786553838115] BetterGenshinImpact.GameTask.CharacterDevelopment.CharacterDevelopmentStateMachineTask
角色养成识别：白色底栏连通域 10 个，生成 5 个合法卡片，边界丢弃 0 个（第 1/3 次）

[01:07:07.043] [DBG] [Primary:S1:P7200:T1786553838115] BetterGenshinImpact.GameTask.CharacterDevelopment.CharacterDevelopmentStateMachineTask
角色养成识别：识别头像 "哥伦比娅"，元素="水"，score=0.975

[01:07:07.050] [DBG] [Primary:S1:P7200:T1786553838115] BetterGenshinImpact.GameTask.CharacterDevelopment.CharacterDevelopmentStateMachineTask
角色养成识别：识别头像 "玛拉妮"，元素="水"，score=0.978

[01:07:07.067] [DBG] [Primary:S1:P7200:T1786553838115] BetterGenshinImpact.GameTask.CharacterDevelopment.CharacterDevelopmentStateMachineTask
角色养成识别：识别头像 "珊瑚宫心海"，元素="水"，score=0.978

[01:07:07.590] [DBG] [Primary:S1:P7200:T1786553838115] BetterGenshinImpact.GameTask.CharacterDevelopment.CharacterDevelopmentStateMachineTask
状态转换成功：SelectedCharacter

[01:07:07.834] [DBG] [Primary:S1:P7200:T1786553838115] BetterGenshinImpact.GameTask.CharacterDevelopment.CharacterDevelopmentStateMachineTask
状态机迭代 8，当前状态：SelectedCharacter

[01:07:08.166] [DBG] [Primary:S1:P7200:T1786553838115] BetterGenshinImpact.GameTask.CharacterDevelopment.CharacterDevelopmentStateMachineTask
状态转换成功：SwitchCategory

[01:07:08.441] [DBG] [Primary:S1:P7200:T1786553838115] BetterGenshinImpact.GameTask.CharacterDevelopment.CharacterDevelopmentStateMachineTask
状态机迭代 9，当前状态：SwitchCategory

[01:07:09.667] [DBG] [Primary:S1:P7200:T1786553838115] BetterGenshinImpact.GameTask.CharacterDevelopment.CharacterDevelopmentStateMachineTask
状态转换成功：ReadCategory

[01:07:09.884] [DBG] [Primary:S1:P7200:T1786553838115] BetterGenshinImpact.GameTask.CharacterDevelopment.CharacterDevelopmentStateMachineTask
状态机迭代 10，当前状态：ReadCategory

[01:07:10.729] [DBG] [Primary:S1:P7200:T1786553838115] BetterGenshinImpact.GameTask.CharacterDevelopment.CharacterDevelopmentStateMachineTask
状态转换成功：SwitchCategory

[01:07:10.954] [DBG] [Primary:S1:P7200:T1786553838115] BetterGenshinImpact.GameTask.CharacterDevelopment.CharacterDevelopmentStateMachineTask
状态机迭代 11，当前状态：SwitchCategory

[01:07:10.965] [DBG] [Primary:S1:P7200:T1786553838115] BetterGenshinImpact.GameTask.CharacterDevelopment.CharacterDevelopmentStateMachineTask
状态转换成功：ReturnMainUi

[01:07:11.187] [DBG] [Primary:S1:P7200:T1786553838115] BetterGenshinImpact.GameTask.CharacterDevelopment.CharacterDevelopmentStateMachineTask
状态机迭代 12，当前状态：ReturnMainUi

[01:07:12.335] [DBG] [Primary:S1:P7200:T1786553838115] BetterGenshinImpact.GameTask.CharacterDevelopment.CharacterDevelopmentStateMachineTask
状态转换成功：Completed

[01:07:12.717] [INF] [Primary:S1:P7200:T1786553838115] BetterGenshinImpact.GameTask.CharacterDevelopment.CharacterDevelopmentStateMachineTask
========== 状态机完成，到达目标状态：Completed ==========

[01:07:12.726] [INF] [Primary:S1:P7200:T1786553838115] BetterGenshinImpact.Core.Script.Dependence.Log
[重复测试 8/11] “珊瑚宫心海”读取成功

[01:07:12.727] [INF] [Primary:S1:P7200:T1786553838115] BetterGenshinImpact.Core.Script.Dependence.Log
[识别结果] {"CharacterName":"珊瑚宫心海","ElementType":"水","Level":80,"LevelLimit":80,"WeaponName":null,"WeaponLevel":null,"WeaponLevelLimit":null,"AttackLevel":null,"AttackHasBonus":null,"SkillLevel":null,"SkillHasBonus":null,"BurstLevel":null,"BurstHasBonus":null}

[01:07:12.728] [INF] [Primary:S1:P7200:T1786553838115] BetterGenshinImpact.Core.Script.Dependence.Log
[重复测试 9/11] 准备读取“雅珂达”，预期筛选：风元素＋弓

[01:07:13.807] [DBG] [Primary:S1:P7200:T1786553838115] BetterGenshinImpact.Core.Recognition.ONNX.BgiOnnxFactory
[ONNX]创建推理会话，模型: "AvatarGridIcon"

[01:07:13.917] [INF] [Primary:S1:P7200:T1786553838115] BetterGenshinImpact.GameTask.CharacterDevelopment.CharacterDevelopmentStateMachineTask
角色养成识别：准备角色 "雅珂达"，元素筛选="风"，武器筛选="弓"

[01:07:13.918] [INF] [Primary:S1:P7200:T1786553838115] BetterGenshinImpact.GameTask.CharacterDevelopment.CharacterDevelopmentStateMachineTask
========== 状态机启动，目标状态："Completed" ==========

[01:07:13.984] [DBG] [Primary:S1:P7200:T1786553838115] BetterGenshinImpact.GameTask.CharacterDevelopment.CharacterDevelopmentStateMachineTask
状态机迭代 0，当前状态：MainUi

[01:07:14.974] [DBG] [Primary:S1:P7200:T1786553838115] BetterGenshinImpact.GameTask.CharacterDevelopment.CharacterDevelopmentStateMachineTask
状态转换成功：OpenCharacterList

[01:07:15.199] [DBG] [Primary:S1:P7200:T1786553838115] BetterGenshinImpact.GameTask.CharacterDevelopment.CharacterDevelopmentStateMachineTask
状态机迭代 1，当前状态：OpenCharacterList

[01:07:15.692] [DBG] [Primary:S1:P7200:T1786553838115] BetterGenshinImpact.GameTask.CharacterDevelopment.CharacterDevelopmentStateMachineTask
状态转换成功：OpenFilterPanel

[01:07:15.918] [DBG] [Primary:S1:P7200:T1786553838115] BetterGenshinImpact.GameTask.CharacterDevelopment.CharacterDevelopmentStateMachineTask
状态机迭代 2，当前状态：OpenFilterPanel

[01:07:16.531] [DBG] [Primary:S1:P7200:T1786553838115] BetterGenshinImpact.GameTask.CharacterDevelopment.CharacterDevelopmentStateMachineTask
状态转换成功：FilterPanel

[01:07:16.914] [DBG] [Primary:S1:P7200:T1786553838115] BetterGenshinImpact.GameTask.CharacterDevelopment.CharacterDevelopmentStateMachineTask
状态机迭代 3，当前状态：FilterPanel

[01:07:17.142] [DBG] [Primary:S1:P7200:T1786553838115] BetterGenshinImpact.GameTask.CharacterDevelopment.CharacterDevelopmentStateMachineTask
状态转换成功：SelectElementFilter

[01:07:17.617] [DBG] [Primary:S1:P7200:T1786553838115] BetterGenshinImpact.GameTask.CharacterDevelopment.CharacterDevelopmentStateMachineTask
状态机迭代 4，当前状态：SelectElementFilter

[01:07:19.762] [DBG] [Primary:S1:P7200:T1786553838115] BetterGenshinImpact.GameTask.CharacterDevelopment.CharacterDevelopmentStateMachineTask
状态转换成功：SelectWeaponFilter

[01:07:20.095] [DBG] [Primary:S1:P7200:T1786553838115] BetterGenshinImpact.GameTask.CharacterDevelopment.CharacterDevelopmentStateMachineTask
状态机迭代 5，当前状态：SelectWeaponFilter

[01:07:21.330] [DBG] [Primary:S1:P7200:T1786553838115] BetterGenshinImpact.GameTask.CharacterDevelopment.CharacterDevelopmentStateMachineTask
状态转换成功：ConfirmFilterPanel

[01:07:21.567] [DBG] [Primary:S1:P7200:T1786553838115] BetterGenshinImpact.GameTask.CharacterDevelopment.CharacterDevelopmentStateMachineTask
状态机迭代 6，当前状态：ConfirmFilterPanel

[01:07:22.306] [DBG] [Primary:S1:P7200:T1786553838115] BetterGenshinImpact.GameTask.CharacterDevelopment.CharacterDevelopmentStateMachineTask
状态转换成功：FindAndClickAvatar

[01:07:22.537] [DBG] [Primary:S1:P7200:T1786553838115] BetterGenshinImpact.GameTask.CharacterDevelopment.CharacterDevelopmentStateMachineTask
状态机迭代 7，当前状态：FindAndClickAvatar

[01:07:22.548] [DBG] [Primary:S1:P7200:T1786553838115] BetterGenshinImpact.GameTask.CharacterDevelopment.CharacterDevelopmentStateMachineTask
角色养成识别：白色底栏连通域 15 个，生成 4 个合法卡片，边界丢弃 0 个（第 1/3 次）

[01:07:22.556] [DBG] [Primary:S1:P7200:T1786553838115] BetterGenshinImpact.GameTask.CharacterDevelopment.CharacterDevelopmentStateMachineTask
角色养成识别：识别头像 "雅珂达"，元素="风"，score=0.970

[01:07:23.119] [DBG] [Primary:S1:P7200:T1786553838115] BetterGenshinImpact.GameTask.CharacterDevelopment.CharacterDevelopmentStateMachineTask
状态转换成功：SelectedCharacter

[01:07:23.370] [DBG] [Primary:S1:P7200:T1786553838115] BetterGenshinImpact.GameTask.CharacterDevelopment.CharacterDevelopmentStateMachineTask
状态机迭代 8，当前状态：SelectedCharacter

[01:07:23.739] [DBG] [Primary:S1:P7200:T1786553838115] BetterGenshinImpact.GameTask.CharacterDevelopment.CharacterDevelopmentStateMachineTask
状态转换成功：SwitchCategory

[01:07:23.951] [DBG] [Primary:S1:P7200:T1786553838115] BetterGenshinImpact.GameTask.CharacterDevelopment.CharacterDevelopmentStateMachineTask
状态机迭代 9，当前状态：SwitchCategory

[01:07:25.129] [DBG] [Primary:S1:P7200:T1786553838115] BetterGenshinImpact.GameTask.CharacterDevelopment.CharacterDevelopmentStateMachineTask
状态转换成功：ReadCategory

[01:07:25.360] [DBG] [Primary:S1:P7200:T1786553838115] BetterGenshinImpact.GameTask.CharacterDevelopment.CharacterDevelopmentStateMachineTask
状态机迭代 10，当前状态：ReadCategory

[01:07:26.170] [DBG] [Primary:S1:P7200:T1786553838115] BetterGenshinImpact.GameTask.CharacterDevelopment.CharacterDevelopmentStateMachineTask
状态转换成功：SwitchCategory

[01:07:26.389] [DBG] [Primary:S1:P7200:T1786553838115] BetterGenshinImpact.GameTask.CharacterDevelopment.CharacterDevelopmentStateMachineTask
状态机迭代 11，当前状态：SwitchCategory

[01:07:26.427] [DBG] [Primary:S1:P7200:T1786553838115] BetterGenshinImpact.GameTask.CharacterDevelopment.CharacterDevelopmentStateMachineTask
状态转换成功：ReturnMainUi

[01:07:26.654] [DBG] [Primary:S1:P7200:T1786553838115] BetterGenshinImpact.GameTask.CharacterDevelopment.CharacterDevelopmentStateMachineTask
状态机迭代 12，当前状态：ReturnMainUi

[01:07:27.807] [DBG] [Primary:S1:P7200:T1786553838115] BetterGenshinImpact.GameTask.CharacterDevelopment.CharacterDevelopmentStateMachineTask
状态转换成功：Completed

[01:07:28.100] [INF] [Primary:S1:P7200:T1786553838115] BetterGenshinImpact.GameTask.CharacterDevelopment.CharacterDevelopmentStateMachineTask
========== 状态机完成，到达目标状态：Completed ==========

[01:07:28.106] [INF] [Primary:S1:P7200:T1786553838115] BetterGenshinImpact.Core.Script.Dependence.Log
[重复测试 9/11] “雅珂达”读取成功

[01:07:28.107] [INF] [Primary:S1:P7200:T1786553838115] BetterGenshinImpact.Core.Script.Dependence.Log
[识别结果] {"CharacterName":"雅珂达","ElementType":"风","Level":60,"LevelLimit":60,"WeaponName":null,"WeaponLevel":null,"WeaponLevelLimit":null,"AttackLevel":null,"AttackHasBonus":null,"SkillLevel":null,"SkillHasBonus":null,"BurstLevel":null,"BurstHasBonus":null}

[01:07:28.107] [INF] [Primary:S1:P7200:T1786553838115] BetterGenshinImpact.Core.Script.Dependence.Log
[重复测试 10/11] 准备读取“赛索斯”，预期筛选：雷元素＋弓

[01:07:29.159] [DBG] [Primary:S1:P7200:T1786553838115] BetterGenshinImpact.Core.Recognition.ONNX.BgiOnnxFactory
[ONNX]创建推理会话，模型: "AvatarGridIcon"

[01:07:29.388] [INF] [Primary:S1:P7200:T1786553838115] BetterGenshinImpact.GameTask.CharacterDevelopment.CharacterDevelopmentStateMachineTask
角色养成识别：准备角色 "赛索斯"，元素筛选="雷"，武器筛选="弓"

[01:07:29.388] [INF] [Primary:S1:P7200:T1786553838115] BetterGenshinImpact.GameTask.CharacterDevelopment.CharacterDevelopmentStateMachineTask
========== 状态机启动，目标状态："Completed" ==========

[01:07:29.455] [DBG] [Primary:S1:P7200:T1786553838115] BetterGenshinImpact.GameTask.CharacterDevelopment.CharacterDevelopmentStateMachineTask
状态机迭代 0，当前状态：MainUi

[01:07:30.392] [DBG] [Primary:S1:P7200:T1786553838115] BetterGenshinImpact.GameTask.CharacterDevelopment.CharacterDevelopmentStateMachineTask
状态转换成功：OpenCharacterList

[01:07:30.614] [DBG] [Primary:S1:P7200:T1786553838115] BetterGenshinImpact.GameTask.CharacterDevelopment.CharacterDevelopmentStateMachineTask
状态机迭代 1，当前状态：OpenCharacterList

[01:07:31.083] [DBG] [Primary:S1:P7200:T1786553838115] BetterGenshinImpact.GameTask.CharacterDevelopment.CharacterDevelopmentStateMachineTask
状态转换成功：OpenFilterPanel

[01:07:31.297] [DBG] [Primary:S1:P7200:T1786553838115] BetterGenshinImpact.GameTask.CharacterDevelopment.CharacterDevelopmentStateMachineTask
状态机迭代 2，当前状态：OpenFilterPanel

[01:07:31.518] [DBG] [Primary:S1:P7200:T1786553838115] BetterGenshinImpact.GameTask.CharacterDevelopment.CharacterDevelopmentStateMachineTask
状态转换成功：FilterPanel

[01:07:31.782] [DBG] [Primary:S1:P7200:T1786553838115] BetterGenshinImpact.GameTask.CharacterDevelopment.CharacterDevelopmentStateMachineTask
状态机迭代 3，当前状态：FilterPanel

[01:07:31.971] [DBG] [Primary:S1:P7200:T1786553838115] BetterGenshinImpact.GameTask.CharacterDevelopment.CharacterDevelopmentStateMachineTask
状态转换成功：SelectElementFilter

[01:07:32.546] [DBG] [Primary:S1:P7200:T1786553838115] BetterGenshinImpact.GameTask.CharacterDevelopment.CharacterDevelopmentStateMachineTask
状态机迭代 4，当前状态：SelectElementFilter

[01:07:34.741] [DBG] [Primary:S1:P7200:T1786553838115] BetterGenshinImpact.GameTask.CharacterDevelopment.CharacterDevelopmentStateMachineTask
状态转换成功：SelectWeaponFilter

[01:07:34.994] [DBG] [Primary:S1:P7200:T1786553838115] BetterGenshinImpact.GameTask.CharacterDevelopment.CharacterDevelopmentStateMachineTask
状态机迭代 5，当前状态：SelectWeaponFilter

[01:07:36.254] [DBG] [Primary:S1:P7200:T1786553838115] BetterGenshinImpact.GameTask.CharacterDevelopment.CharacterDevelopmentStateMachineTask
状态转换成功：ConfirmFilterPanel

[01:07:36.478] [DBG] [Primary:S1:P7200:T1786553838115] BetterGenshinImpact.GameTask.CharacterDevelopment.CharacterDevelopmentStateMachineTask
状态机迭代 6，当前状态：ConfirmFilterPanel

[01:07:37.215] [DBG] [Primary:S1:P7200:T1786553838115] BetterGenshinImpact.GameTask.CharacterDevelopment.CharacterDevelopmentStateMachineTask
状态转换成功：FindAndClickAvatar

[01:07:37.429] [DBG] [Primary:S1:P7200:T1786553838115] BetterGenshinImpact.GameTask.CharacterDevelopment.CharacterDevelopmentStateMachineTask
状态机迭代 7，当前状态：FindAndClickAvatar

[01:07:37.448] [DBG] [Primary:S1:P7200:T1786553838115] BetterGenshinImpact.GameTask.CharacterDevelopment.CharacterDevelopmentStateMachineTask
角色养成识别：白色底栏连通域 8 个，生成 4 个合法卡片，边界丢弃 0 个（第 1/3 次）

[01:07:37.453] [DBG] [Primary:S1:P7200:T1786553838115] BetterGenshinImpact.GameTask.CharacterDevelopment.CharacterDevelopmentStateMachineTask
角色养成识别：识别头像 "菲谢尔"，元素="雷"，score=0.975

[01:07:37.460] [DBG] [Primary:S1:P7200:T1786553838115] BetterGenshinImpact.GameTask.CharacterDevelopment.CharacterDevelopmentStateMachineTask
角色养成识别：识别头像 "欧洛伦"，元素="雷"，score=0.988

[01:07:37.478] [DBG] [Primary:S1:P7200:T1786553838115] BetterGenshinImpact.GameTask.CharacterDevelopment.CharacterDevelopmentStateMachineTask
角色养成识别：识别头像 "赛索斯"，元素="雷"，score=0.983

[01:07:38.034] [DBG] [Primary:S1:P7200:T1786553838115] BetterGenshinImpact.GameTask.CharacterDevelopment.CharacterDevelopmentStateMachineTask
状态转换成功：SelectedCharacter

[01:07:38.256] [DBG] [Primary:S1:P7200:T1786553838115] BetterGenshinImpact.GameTask.CharacterDevelopment.CharacterDevelopmentStateMachineTask
状态机迭代 8，当前状态：SelectedCharacter

[01:07:38.605] [DBG] [Primary:S1:P7200:T1786553838115] BetterGenshinImpact.GameTask.CharacterDevelopment.CharacterDevelopmentStateMachineTask
状态转换成功：SwitchCategory

[01:07:38.817] [DBG] [Primary:S1:P7200:T1786553838115] BetterGenshinImpact.GameTask.CharacterDevelopment.CharacterDevelopmentStateMachineTask
状态机迭代 9，当前状态：SwitchCategory

[01:07:39.989] [DBG] [Primary:S1:P7200:T1786553838115] BetterGenshinImpact.GameTask.CharacterDevelopment.CharacterDevelopmentStateMachineTask
状态转换成功：ReadCategory

[01:07:40.208] [DBG] [Primary:S1:P7200:T1786553838115] BetterGenshinImpact.GameTask.CharacterDevelopment.CharacterDevelopmentStateMachineTask
状态机迭代 10，当前状态：ReadCategory

[01:07:41.064] [DBG] [Primary:S1:P7200:T1786553838115] BetterGenshinImpact.GameTask.CharacterDevelopment.CharacterDevelopmentStateMachineTask
状态转换成功：SwitchCategory

[01:07:41.284] [DBG] [Primary:S1:P7200:T1786553838115] BetterGenshinImpact.GameTask.CharacterDevelopment.CharacterDevelopmentStateMachineTask
状态机迭代 11，当前状态：SwitchCategory

[01:07:41.303] [DBG] [Primary:S1:P7200:T1786553838115] BetterGenshinImpact.GameTask.CharacterDevelopment.CharacterDevelopmentStateMachineTask
状态转换成功：ReturnMainUi

[01:07:41.533] [DBG] [Primary:S1:P7200:T1786553838115] BetterGenshinImpact.GameTask.CharacterDevelopment.CharacterDevelopmentStateMachineTask
状态机迭代 12，当前状态：ReturnMainUi

[01:07:42.664] [DBG] [Primary:S1:P7200:T1786553838115] BetterGenshinImpact.GameTask.CharacterDevelopment.CharacterDevelopmentStateMachineTask
状态转换成功：Completed

[01:07:42.995] [INF] [Primary:S1:P7200:T1786553838115] BetterGenshinImpact.GameTask.CharacterDevelopment.CharacterDevelopmentStateMachineTask
========== 状态机完成，到达目标状态：Completed ==========

[01:07:43.003] [INF] [Primary:S1:P7200:T1786553838115] BetterGenshinImpact.Core.Script.Dependence.Log
[重复测试 10/11] “赛索斯”读取成功

[01:07:43.003] [INF] [Primary:S1:P7200:T1786553838115] BetterGenshinImpact.Core.Script.Dependence.Log
[识别结果] {"CharacterName":"赛索斯","ElementType":"雷","Level":80,"LevelLimit":80,"WeaponName":null,"WeaponLevel":null,"WeaponLevelLimit":null,"AttackLevel":null,"AttackHasBonus":null,"SkillLevel":null,"SkillHasBonus":null,"BurstLevel":null,"BurstHasBonus":null}

[01:07:43.004] [INF] [Primary:S1:P7200:T1786553838115] BetterGenshinImpact.Core.Script.Dependence.Log
[重复测试 11/11] 准备读取“提纳里”，预期筛选：草元素＋弓

[01:07:44.074] [DBG] [Primary:S1:P7200:T1786553838115] BetterGenshinImpact.Core.Recognition.ONNX.BgiOnnxFactory
[ONNX]创建推理会话，模型: "AvatarGridIcon"

[01:07:44.186] [INF] [Primary:S1:P7200:T1786553838115] BetterGenshinImpact.GameTask.CharacterDevelopment.CharacterDevelopmentStateMachineTask
角色养成识别：准备角色 "提纳里"，元素筛选="草"，武器筛选="弓"

[01:07:44.186] [INF] [Primary:S1:P7200:T1786553838115] BetterGenshinImpact.GameTask.CharacterDevelopment.CharacterDevelopmentStateMachineTask
========== 状态机启动，目标状态："Completed" ==========

[01:07:44.246] [DBG] [Primary:S1:P7200:T1786553838115] BetterGenshinImpact.GameTask.CharacterDevelopment.CharacterDevelopmentStateMachineTask
状态机迭代 0，当前状态：MainUi

[01:07:45.156] [DBG] [Primary:S1:P7200:T1786553838115] BetterGenshinImpact.GameTask.CharacterDevelopment.CharacterDevelopmentStateMachineTask
状态转换成功：OpenCharacterList

[01:07:45.372] [DBG] [Primary:S1:P7200:T1786553838115] BetterGenshinImpact.GameTask.CharacterDevelopment.CharacterDevelopmentStateMachineTask
状态机迭代 1，当前状态：OpenCharacterList

[01:07:45.866] [DBG] [Primary:S1:P7200:T1786553838115] BetterGenshinImpact.GameTask.CharacterDevelopment.CharacterDevelopmentStateMachineTask
状态转换成功：OpenFilterPanel

[01:07:46.087] [DBG] [Primary:S1:P7200:T1786553838115] BetterGenshinImpact.GameTask.CharacterDevelopment.CharacterDevelopmentStateMachineTask
状态机迭代 2，当前状态：OpenFilterPanel

[01:07:46.305] [DBG] [Primary:S1:P7200:T1786553838115] BetterGenshinImpact.GameTask.CharacterDevelopment.CharacterDevelopmentStateMachineTask
状态转换成功：FilterPanel

[01:07:46.571] [DBG] [Primary:S1:P7200:T1786553838115] BetterGenshinImpact.GameTask.CharacterDevelopment.CharacterDevelopmentStateMachineTask
状态机迭代 3，当前状态：FilterPanel

[01:07:46.738] [DBG] [Primary:S1:P7200:T1786553838115] BetterGenshinImpact.GameTask.CharacterDevelopment.CharacterDevelopmentStateMachineTask
状态转换成功：SelectElementFilter

[01:07:47.129] [DBG] [Primary:S1:P7200:T1786553838115] BetterGenshinImpact.GameTask.CharacterDevelopment.CharacterDevelopmentStateMachineTask
状态机迭代 4，当前状态：SelectElementFilter

[01:07:48.971] [DBG] [Primary:S1:P7200:T1786553838115] BetterGenshinImpact.GameTask.CharacterDevelopment.CharacterDevelopmentStateMachineTask
状态转换成功：SelectWeaponFilter

[01:07:49.216] [DBG] [Primary:S1:P7200:T1786553838115] BetterGenshinImpact.GameTask.CharacterDevelopment.CharacterDevelopmentStateMachineTask
状态机迭代 5，当前状态：SelectWeaponFilter

[01:07:50.241] [DBG] [Primary:S1:P7200:T1786553838115] BetterGenshinImpact.GameTask.CharacterDevelopment.CharacterDevelopmentStateMachineTask
状态转换成功：ConfirmFilterPanel

[01:07:50.465] [DBG] [Primary:S1:P7200:T1786553838115] BetterGenshinImpact.GameTask.CharacterDevelopment.CharacterDevelopmentStateMachineTask
状态机迭代 6，当前状态：ConfirmFilterPanel

[01:07:51.184] [DBG] [Primary:S1:P7200:T1786553838115] BetterGenshinImpact.GameTask.CharacterDevelopment.CharacterDevelopmentStateMachineTask
状态转换成功：FindAndClickAvatar

[01:07:51.411] [DBG] [Primary:S1:P7200:T1786553838115] BetterGenshinImpact.GameTask.CharacterDevelopment.CharacterDevelopmentStateMachineTask
状态机迭代 7，当前状态：FindAndClickAvatar

[01:07:51.424] [DBG] [Primary:S1:P7200:T1786553838115] BetterGenshinImpact.GameTask.CharacterDevelopment.CharacterDevelopmentStateMachineTask
角色养成识别：白色底栏连通域 5 个，生成 2 个合法卡片，边界丢弃 0 个（第 1/3 次）

[01:07:51.431] [DBG] [Primary:S1:P7200:T1786553838115] BetterGenshinImpact.GameTask.CharacterDevelopment.CharacterDevelopmentStateMachineTask
角色养成识别：识别头像 "提纳里"，元素="草"，score=0.981

[01:07:51.922] [DBG] [Primary:S1:P7200:T1786553838115] BetterGenshinImpact.GameTask.CharacterDevelopment.CharacterDevelopmentStateMachineTask
状态转换成功：SelectedCharacter

[01:07:52.155] [DBG] [Primary:S1:P7200:T1786553838115] BetterGenshinImpact.GameTask.CharacterDevelopment.CharacterDevelopmentStateMachineTask
状态机迭代 8，当前状态：SelectedCharacter

[01:07:52.493] [DBG] [Primary:S1:P7200:T1786553838115] BetterGenshinImpact.GameTask.CharacterDevelopment.CharacterDevelopmentStateMachineTask
状态转换成功：SwitchCategory

[01:07:52.720] [DBG] [Primary:S1:P7200:T1786553838115] BetterGenshinImpact.GameTask.CharacterDevelopment.CharacterDevelopmentStateMachineTask
状态机迭代 9，当前状态：SwitchCategory

[01:07:53.706] [DBG] [Primary:S1:P7200:T1786553838115] BetterGenshinImpact.GameTask.CharacterDevelopment.CharacterDevelopmentStateMachineTask
状态转换成功：ReadCategory

[01:07:53.928] [DBG] [Primary:S1:P7200:T1786553838115] BetterGenshinImpact.GameTask.CharacterDevelopment.CharacterDevelopmentStateMachineTask
状态机迭代 10，当前状态：ReadCategory

[01:07:54.019] [DBG] [Primary:S1:P7200:T1786553838115] BetterGenshinImpact.GameTask.CharacterDevelopment.CharacterDevelopmentStateMachineTask
角色养成识别："角色等级" OCR 第 1/10 次解析失败，结果="等级80780."

[01:07:54.291] [DBG] [Primary:S1:P7200:T1786553838115] BetterGenshinImpact.GameTask.CharacterDevelopment.CharacterDevelopmentStateMachineTask
角色养成识别："角色等级" OCR 第 2/10 次解析失败，结果="等级80780"

[01:07:55.495] [DBG] [Primary:S1:P7200:T1786553838115] BetterGenshinImpact.GameTask.CharacterDevelopment.CharacterDevelopmentStateMachineTask
状态转换成功：SwitchCategory

[01:07:55.720] [DBG] [Primary:S1:P7200:T1786553838115] BetterGenshinImpact.GameTask.CharacterDevelopment.CharacterDevelopmentStateMachineTask
状态机迭代 11，当前状态：SwitchCategory

[01:07:55.737] [DBG] [Primary:S1:P7200:T1786553838115] BetterGenshinImpact.GameTask.CharacterDevelopment.CharacterDevelopmentStateMachineTask
状态转换成功：ReturnMainUi

[01:07:55.951] [DBG] [Primary:S1:P7200:T1786553838115] BetterGenshinImpact.GameTask.CharacterDevelopment.CharacterDevelopmentStateMachineTask
状态机迭代 12，当前状态：ReturnMainUi

[01:07:57.077] [DBG] [Primary:S1:P7200:T1786553838115] BetterGenshinImpact.GameTask.CharacterDevelopment.CharacterDevelopmentStateMachineTask
状态转换成功：Completed

[01:07:57.367] [INF] [Primary:S1:P7200:T1786553838115] BetterGenshinImpact.GameTask.CharacterDevelopment.CharacterDevelopmentStateMachineTask
========== 状态机完成，到达目标状态：Completed ==========

[01:07:57.375] [INF] [Primary:S1:P7200:T1786553838115] BetterGenshinImpact.Core.Script.Dependence.Log
[重复测试 11/11] “提纳里”读取成功

[01:07:57.376] [INF] [Primary:S1:P7200:T1786553838115] BetterGenshinImpact.Core.Script.Dependence.Log
[识别结果] {"CharacterName":"提纳里","ElementType":"草","Level":80,"LevelLimit":80,"WeaponName":null,"WeaponLevel":null,"WeaponLevelLimit":null,"AttackLevel":null,"AttackHasBonus":null,"SkillLevel":null,"SkillHasBonus":null,"BurstLevel":null,"BurstHasBonus":null}

[01:07:57.432] [INF] [Primary:S1:P7200:T1786553838115] BetterGenshinImpact.Core.Script.Dependence.Log
========== 总体汇总 ==========

[01:07:57.432] [INF] [Primary:S1:P7200:T1786553838115] BetterGenshinImpact.Core.Script.Dependence.Log
[汇总] 完整覆盖：成功 25/25，失败 0

[01:07:57.432] [INF] [Primary:S1:P7200:T1786553838115] BetterGenshinImpact.Core.Script.Dependence.Log
[汇总] 重复测试：成功 11/11，失败 0

[01:07:57.432] [INF] [Primary:S1:P7200:T1786553838115] BetterGenshinImpact.Core.Script.Dependence.Log
========== 五种武器类型汇总（第一阶段） ==========

[01:07:57.434] [INF] [Primary:S1:P7200:T1786553838115] BetterGenshinImpact.Core.Script.Dependence.Log
[武器汇总] 单手剑：API读取成功 6/6

[01:07:57.434] [INF] [Primary:S1:P7200:T1786553838115] BetterGenshinImpact.Core.Script.Dependence.Log
[武器汇总] 双手剑：API读取成功 3/3

[01:07:57.434] [INF] [Primary:S1:P7200:T1786553838115] BetterGenshinImpact.Core.Script.Dependence.Log
[武器汇总] 长柄武器：API读取成功 4/4

[01:07:57.434] [INF] [Primary:S1:P7200:T1786553838115] BetterGenshinImpact.Core.Script.Dependence.Log
[武器汇总] 法器：API读取成功 9/9

[01:07:57.434] [INF] [Primary:S1:P7200:T1786553838115] BetterGenshinImpact.Core.Script.Dependence.Log
[武器汇总] 弓：API读取成功 3/3

[01:07:57.435] [INF] [Primary:S1:P7200:T1786553838115] BetterGenshinImpact.Core.Script.Dependence.Log
========== 重点样本两次结果对照 ==========

[01:07:57.436] [INF] [Primary:S1:P7200:T1786553838115] BetterGenshinImpact.Core.Script.Dependence.Log
[重复对照] 七七（单手剑）：第一次 成功；第二次 成功；一致

[01:07:57.437] [INF] [Primary:S1:P7200:T1786553838115] BetterGenshinImpact.Core.Script.Dependence.Log
[重复对照] 凯亚（单手剑）：第一次 成功；第二次 成功；一致

[01:07:57.437] [INF] [Primary:S1:P7200:T1786553838115] BetterGenshinImpact.Core.Script.Dependence.Log
[重复对照] 丝柯克（单手剑）：第一次 成功；第二次 成功；一致

[01:07:57.437] [INF] [Primary:S1:P7200:T1786553838115] BetterGenshinImpact.Core.Script.Dependence.Log
[重复对照] 芙宁娜（单手剑）：第一次 成功；第二次 成功；一致

[01:07:57.437] [INF] [Primary:S1:P7200:T1786553838115] BetterGenshinImpact.Core.Script.Dependence.Log
[重复对照] 妮露（单手剑）：第一次 成功；第二次 成功；一致

[01:07:57.437] [INF] [Primary:S1:P7200:T1786553838115] BetterGenshinImpact.Core.Script.Dependence.Log
[重复对照] 桑多涅（双手剑）：第一次 成功；第二次 成功；一致

[01:07:57.437] [INF] [Primary:S1:P7200:T1786553838115] BetterGenshinImpact.Core.Script.Dependence.Log
[重复对照] 申鹤（长柄武器）：第一次 成功；第二次 成功；一致

[01:07:57.438] [INF] [Primary:S1:P7200:T1786553838115] BetterGenshinImpact.Core.Script.Dependence.Log
[重复对照] 珊瑚宫心海（法器）：第一次 成功；第二次 成功；一致

[01:07:57.438] [INF] [Primary:S1:P7200:T1786553838115] BetterGenshinImpact.Core.Script.Dependence.Log
[重复对照] 雅珂达（弓）：第一次 成功；第二次 成功；一致

[01:07:57.438] [INF] [Primary:S1:P7200:T1786553838115] BetterGenshinImpact.Core.Script.Dependence.Log
[重复对照] 赛索斯（弓）：第一次 成功；第二次 成功；一致

[01:07:57.438] [INF] [Primary:S1:P7200:T1786553838115] BetterGenshinImpact.Core.Script.Dependence.Log
[重复对照] 提纳里（弓）：第一次 成功；第二次 成功；一致

[01:07:57.438] [INF] [Primary:S1:P7200:T1786553838115] BetterGenshinImpact.Core.Script.Dependence.Log
========== 全部失败明细 ==========

[01:07:57.438] [INF] [Primary:S1:P7200:T1786553838115] BetterGenshinImpact.Core.Script.Dependence.Log
[失败明细] 无，全部调用成功

[01:07:57.438] [INF] [Primary:S1:P7200:T1786553838115] BetterGenshinImpact.Core.Script.Dependence.Log
========== OCR V6角色养成完整复测结束 ==========

[01:07:57.466] [INF] [Primary:S1:P7200:T1786553838115] BetterGenshinImpact.Service.ScriptService
→ 脚本执行结束: "OCR V6角色养成完整复测", 耗时: 8分57.881秒

[01:07:57.466] [INF] [Primary:S1:P7200:T1786553838115] BetterGenshinImpact.Service.ScriptService
------------------------------

[01:07:58.607] [INF] [Primary:S1:P7200:T1786553838115] BetterGenshinImpact.GameTask.TaskRunner
→ "任务结束"

[01:07:58.609] [INF] [Primary:S1:P7200:T1786553838115] BetterGenshinImpact.Service.ScriptService
配置组 "角色等级bug测试" 执行结束

[01:13:11.973] [INF] [Primary:S1:P7200:T1786553838115] BetterGenshinImpact.GameTask.TaskTriggerDispatcher
游戏已退出，BetterGI 自动停止截图器

